{
  "type": "FeatureCollection",
  "features": [
    {
      "type": "Feature",
      "properties": {
        "OBJECTID": "1",
        "DepartmentCode": "164450334",
        "KGISVillageID": "5007",
        "KGISCode": "29565055008031140000HMPOLPUOFFPOS0001",
        "KGISPOL_STAID": "1",
        "POL_STAName": "Cowlbazar PS",
        "KGISPSCode": "PS - 01",
        "district": "Bellary"
      },
      "geometry": {
        "type": "Point",
        "coordinates": [
          76.9029290003413,
          15.1377060002966
        ]
      }
    },
    {
      "type": "Feature",
      "properties": {
        "OBJECTID": "2",
        "DepartmentCode": "164450333",
        "KGISVillageID": "5007",
        "KGISCode": "29565055008031140000HMPOLPUOFFPOS0002",
        "KGISPOL_STAID": "2",
        "POL_STAName": "Bruceept PS",
        "KGISPSCode": "PS - 02",
        "district": "Bellary"
      },
      "geometry": {
        "type": "Point",
        "coordinates": [
          76.926339999684,
          15.1381910002788
        ]
      }
    },
    {
      "type": "Feature",
      "properties": {
        "OBJECTID": "3",
        "DepartmentCode": "164450335",
        "KGISVillageID": "5007",
        "KGISCode": "29565055008031140000HMPOLPUOFFPOS0003",
        "KGISPOL_STAID": "3",
        "POL_STAName": "Gandhinagar PS",
        "KGISPSCode": "PS - 03",
        "district": "Bellary"
      },
      "geometry": {
        "type": "Point",
        "coordinates": [
          76.9310599996091,
          15.1453570003326
        ]
      }
    },
    {
      "type": "Feature",
      "properties": {
        "OBJECTID": "4",
        "DepartmentCode": "164450342",
        "KGISVillageID": "5077",
        "KGISCode": "29565055006048970000HMPOLPUOFFPOS0001",
        "KGISPOL_STAID": "4",
        "POL_STAName": "Moka PS",
        "KGISPSCode": "PS - 04",
        "district": "Bellary"
      },
      "geometry": {
        "type": "Point",
        "coordinates": [
          77.0592210003737,
          15.2415620004472
        ]
      }
    },
    {
      "type": "Feature",
      "properties": {
        "OBJECTID": "5",
        "DepartmentCode": "164450339",
        "KGISVillageID": "5098",
        "KGISCode": "29565055006049420000HMPOLPUOFFPOS0001",
        "KGISPOL_STAID": "5",
        "POL_STAName": "P.D. Halli PS",
        "KGISPSCode": "PS - 05",
        "district": "Bellary"
      },
      "geometry": {
        "type": "Point",
        "coordinates": [
          77.0521400001877,
          15.1431280002221
        ]
      }
    },
    {
      "type": "Feature",
      "properties": {
        "OBJECTID": "6",
        "DepartmentCode": "164450347",
        "KGISVillageID": "5472",
        "KGISCode": "29565054998031120000HMPOLPUOFFPOS0001",
        "KGISPOL_STAID": "6",
        "POL_STAName": "Siruguppa PS",
        "KGISPSCode": "PS - 06",
        "district": "Bellary"
      },
      "geometry": {
        "type": "Point",
        "coordinates": [
          76.8997300001426,
          15.6383359999
        ]
      }
    },
    {
      "type": "Feature",
      "properties": {
        "OBJECTID": "7",
        "DepartmentCode": "164450348",
        "KGISVillageID": "5419",
        "KGISCode": "29565054996048130000HMPOLPUOFFPOS0001",
        "KGISPOL_STAID": "7",
        "POL_STAName": "Hatcholli PS",
        "KGISPSCode": "PS - 07",
        "district": "Bellary"
      },
      "geometry": {
        "type": "Point",
        "coordinates": [
          76.9873140001969,
          15.7909469995702
        ]
      }
    },
    {
      "type": "Feature",
      "properties": {
        "OBJECTID": "8",
        "DepartmentCode": "164450344",
        "KGISVillageID": "5494",
        "KGISCode": "29565054998031130000HMPOLPUOFFPOS0001",
        "KGISPOL_STAID": "8",
        "POL_STAName": "Tekkalkota PS",
        "KGISPSCode": "PS - 08",
        "district": "Bellary"
      },
      "geometry": {
        "type": "Point",
        "coordinates": [
          76.8809819995407,
          15.5376800002708
        ]
      }
    },
    {
      "type": "Feature",
      "properties": {
        "OBJECTID": "9",
        "DepartmentCode": "164450346",
        "KGISVillageID": "5493",
        "KGISCode": "29565054996047870000HMPOLPUOFFPOS0001",
        "KGISPOL_STAID": "9",
        "POL_STAName": "Sirigeri PS",
        "KGISPSCode": "PS - 09",
        "district": "Bellary"
      },
      "geometry": {
        "type": "Point",
        "coordinates": [
          76.8388910003465,
          15.4412980001563
        ]
      }
    },
    {
      "type": "Feature",
      "properties": {
        "OBJECTID": "10",
        "DepartmentCode": "164450343",
        "KGISVillageID": "5049",
        "KGISCode": "29565055006048700000HMPOLPUOFFPOS0001",
        "KGISPOL_STAID": "10",
        "POL_STAName": "Kurugodu PS",
        "KGISPSCode": "PS - 10",
        "district": "Bellary"
      },
      "geometry": {
        "type": "Point",
        "coordinates": [
          76.8353150001382,
          15.3442250003186
        ]
      }
    },
    {
      "type": "Feature",
      "properties": {
        "OBJECTID": "11",
        "DepartmentCode": "164451893",
        "KGISVillageID": "5048",
        "KGISCode": "29565055006048750000HMPOLPUOFFPOS0001",
        "KGISPOL_STAID": "11",
        "POL_STAName": "Kuduthini PS",
        "KGISPSCode": "PS - 11",
        "district": "Bellary"
      },
      "geometry": {
        "type": "Point",
        "coordinates": [
          76.7624249995869,
          15.209600000279
        ]
      }
    },
    {
      "type": "Feature",
      "properties": {
        "OBJECTID": "12",
        "DepartmentCode": "169860351",
        "KGISVillageID": "5247",
        "KGISCode": "29565054988031090000HMPOLPUOFFPOS0001",
        "KGISPOL_STAID": "12",
        "POL_STAName": "Hospet Town PS",
        "KGISPSCode": "PS - 12",
        "district": "Bellary"
      },
      "geometry": {
        "type": "Point",
        "coordinates": [
          76.3884730002556,
          15.2739760001909
        ]
      }
    },
    {
      "type": "Feature",
      "properties": {
        "OBJECTID": "13",
        "DepartmentCode": "169860361",
        "KGISVillageID": "5233",
        "KGISCode": "29565054986047060000HMPOLPUOFFPOS0001",
        "KGISPOL_STAID": "13",
        "POL_STAName": "Chittavadagi PS",
        "KGISPSCode": "PS - 13",
        "district": "Bellary"
      },
      "geometry": {
        "type": "Point",
        "coordinates": [
          76.3884730002258,
          15.1259780002526
        ]
      }
    },
    {
      "type": "Feature",
      "properties": {
        "OBJECTID": "14",
        "DepartmentCode": "169860356",
        "KGISVillageID": "5247",
        "KGISCode": "29565054988031090000HMPOLPUOFFPOS0002",
        "KGISPOL_STAID": "14",
        "POL_STAName": "Hospet Rural PS",
        "KGISPSCode": "PS - 14",
        "district": "Bellary"
      },
      "geometry": {
        "type": "Point",
        "coordinates": [
          76.3873469999333,
          15.2748960003868
        ]
      }
    },
    {
      "type": "Feature",
      "properties": {
        "OBJECTID": "15",
        "DepartmentCode": "164450357",
        "KGISVillageID": "5310",
        "KGISCode": "29565054988031110000HMPOLPUOFFPOS0001",
        "KGISPOL_STAID": "15",
        "POL_STAName": "Kampli PS",
        "KGISPSCode": "PS - 15",
        "district": "Bellary"
      },
      "geometry": {
        "type": "Point",
        "coordinates": [
          76.5991309997471,
          15.4061029998115
        ]
      }
    },
    {
      "type": "Feature",
      "properties": {
        "OBJECTID": "16",
        "DepartmentCode": "169860360",
        "KGISVillageID": "5284",
        "KGISCode": "29565054988031100000HMPOLPUOFFPOS0001",
        "KGISPOL_STAID": "16",
        "POL_STAName": "Kamalapur PS",
        "KGISPSCode": "PS - 16",
        "district": "Bellary"
      },
      "geometry": {
        "type": "Point",
        "coordinates": [
          76.478884000259,
          15.3029210002127
        ]
      }
    },
    {
      "type": "Feature",
      "properties": {
        "OBJECTID": "17",
        "DepartmentCode": "169861505",
        "KGISVillageID": "5170",
        "KGISCode": "29565054976046750000HMPOLPUOFFPOS0001",
        "KGISPOL_STAID": "17",
        "POL_STAName": "Hagaribommanahalli PS",
        "KGISPSCode": "PS - 17",
        "district": "Bellary"
      },
      "geometry": {
        "type": "Point",
        "coordinates": [
          76.209130999782,
          15.0535769998729
        ]
      }
    },
    {
      "type": "Feature",
      "properties": {
        "OBJECTID": "18",
        "DepartmentCode": "169861506",
        "KGISVillageID": "5219",
        "KGISCode": "29565054976046530000HMPOLPUOFFPOS0001",
        "KGISPOL_STAID": "18",
        "POL_STAName": "TB Halli PS",
        "KGISPSCode": "PS - 18",
        "district": "Bellary"
      },
      "geometry": {
        "type": "Point",
        "coordinates": [
          76.1506500003324,
          15.1647319998623
        ]
      }
    },
    {
      "type": "Feature",
      "properties": {
        "OBJECTID": "19",
        "DepartmentCode": "169861507\n",
        "KGISVillageID": "5137",
        "KGISCode": "29565054968031080000HMPOLPUOFFPOS0001",
        "KGISPOL_STAID": "19",
        "POL_STAName": "Hadagali PS",
        "KGISPSCode": "PS - 19",
        "district": "Bellary"
      },
      "geometry": {
        "type": "Point",
        "coordinates": [
          75.9357679997858,
          15.0184379998042
        ]
      }
    },
    {
      "type": "Feature",
      "properties": {
        "OBJECTID": "20",
        "DepartmentCode": "169861509",
        "KGISVillageID": "5116",
        "KGISCode": "29565054966045890000HMPOLPUOFFPOS0001",
        "KGISPOL_STAID": "20",
        "POL_STAName": "Hirehadagali PS",
        "KGISPSCode": "PS - 20",
        "district": "Bellary"
      },
      "geometry": {
        "type": "Point",
        "coordinates": [
          75.8313969997665,
          14.9282249999518
        ]
      }
    },
    {
      "type": "Feature",
      "properties": {
        "OBJECTID": "21",
        "DepartmentCode": "169861508",
        "KGISVillageID": "5158",
        "KGISCode": "29565054966046390000HMPOLPUOFFPOS0001",
        "KGISPOL_STAID": "21",
        "POL_STAName": "Itagi PS",
        "KGISPSCode": "PS - 21",
        "district": "Bellary"
      },
      "geometry": {
        "type": "Point",
        "coordinates": [
          76.0924009996279,
          14.9527650003999
        ]
      }
    },
    {
      "type": "Feature",
      "properties": {
        "OBJECTID": "22",
        "DepartmentCode": "164450366",
        "KGISVillageID": "5540",
        "KGISCode": "29565055018031150000HMPOLPUOFFPOS0001",
        "KGISPOL_STAID": "22",
        "POL_STAName": "Sandur PS",
        "KGISPSCode": "PS - 22",
        "district": "Bellary"
      },
      "geometry": {
        "type": "Point",
        "coordinates": [
          76.5437170004188,
          15.0834649996859
        ]
      }
    },
    {
      "type": "Feature",
      "properties": {
        "OBJECTID": "23",
        "DepartmentCode": "164450364",
        "KGISVillageID": "5583",
        "KGISCode": "29565055016050160000HMPOLPUOFFPOS0001",
        "KGISPOL_STAID": "23",
        "POL_STAName": "Thoranagal PS",
        "KGISPSCode": "PS - 23",
        "district": "Bellary"
      },
      "geometry": {
        "type": "Point",
        "coordinates": [
          76.6720560505915,
          15.1927131250549
        ]
      }
    },
    {
      "type": "Feature",
      "properties": {
        "OBJECTID": "24",
        "DepartmentCode": "164450362",
        "KGISVillageID": "5274",
        "KGISCode": "29565054986047450000HMPOLPUOFFPOS0001",
        "KGISPOL_STAID": "24",
        "POL_STAName": "Gadiganur PS",
        "KGISPSCode": "PS - 24",
        "district": "Bellary"
      },
      "geometry": {
        "type": "Point",
        "coordinates": [
          76.5887689997062,
          15.2263190003763
        ]
      }
    },
    {
      "type": "Feature",
      "properties": {
        "OBJECTID": "25",
        "DepartmentCode": "169860365",
        "KGISVillageID": "5232",
        "KGISCode": "29565054986047040000HMPOLPUOFFPOS0001",
        "KGISPOL_STAID": "25",
        "POL_STAName": "Marriyammanahalli PS",
        "KGISPSCode": "PS - 25",
        "district": "Bellary"
      },
      "geometry": {
        "type": "Point",
        "coordinates": [
          76.3513530002323,
          15.1520610002332
        ]
      }
    },
    {
      "type": "Feature",
      "properties": {
        "OBJECTID": "26",
        "DepartmentCode": "169861501",
        "KGISVillageID": "5403",
        "KGISCode": "29565055028031160000HMPOLPUOFFPOS0001",
        "KGISPOL_STAID": "26",
        "POL_STAName": "Kudligi PS",
        "KGISPSCode": "PS - 26",
        "district": "Bellary"
      },
      "geometry": {
        "type": "Point",
        "coordinates": [
          76.3896460001752,
          14.9070309997856
        ]
      }
    },
    {
      "type": "Feature",
      "properties": {
        "OBJECTID": "27",
        "DepartmentCode": "169861502\n",
        "KGISVillageID": "5329",
        "KGISCode": "29565055026050920000HMPOLPUOFFPOS0001",
        "KGISPOL_STAID": "27",
        "POL_STAName": "Gudekota PS",
        "KGISPSCode": "PS - 27",
        "district": "Bellary"
      },
      "geometry": {
        "type": "Point",
        "coordinates": [
          76.62823899992,
          14.8323320000539
        ]
      }
    },
    {
      "type": "Feature",
      "properties": {
        "OBJECTID": "28",
        "DepartmentCode": "169861503",
        "KGISVillageID": "5388",
        "KGISCode": "29565055028031170000HMPOLPUOFFPOS0001",
        "KGISPOL_STAID": "28",
        "POL_STAName": "Kottur PS",
        "KGISPSCode": "PS - 28",
        "district": "Bellary"
      },
      "geometry": {
        "type": "Point",
        "coordinates": [
          76.2269109997217,
          14.8287199999405
        ]
      }
    },
    {
      "type": "Feature",
      "properties": {
        "OBJECTID": "29",
        "DepartmentCode": "169861504",
        "KGISVillageID": "5356",
        "KGISCode": "29565055026051260000HMPOLPUOFFPOS0001",
        "KGISPOL_STAID": "29",
        "POL_STAName": "Hosahalli PS",
        "KGISPSCode": "PS - 29",
        "district": "Bellary"
      },
      "geometry": {
        "type": "Point",
        "coordinates": [
          76.4664640000314,
          14.6486680000664
        ]
      }
    },
    {
      "type": "Feature",
      "properties": {
        "OBJECTID": "30",
        "DepartmentCode": "164450338",
        "KGISVillageID": "5007",
        "KGISCode": "29565055008031140000HMPOLPUOFFPOS0004",
        "KGISPOL_STAID": "30",
        "POL_STAName": "Ballari Rural PS",
        "KGISPSCode": "PS - 30",
        "district": "Bellary"
      },
      "geometry": {
        "type": "Point",
        "coordinates": [
          76.9250640002023,
          15.1444889998702
        ]
      }
    },
    {
      "type": "Feature",
      "properties": {
        "OBJECTID": "31",
        "DepartmentCode": "164681171",
        "KGISVillageID": "7956",
        "KGISCode": "29560054668030720000HMPOLPUOFFPOS0001",
        "KGISPOL_STAID": "31",
        "POL_STAName": "Gangavathi Rural PS",
        "KGISPSCode": "PS - 31",
        "district": "Koppal"
      },
      "geometry": {
        "type": "Point",
        "coordinates": [
          76.5297200001054,
          15.4261110001564
        ]
      }
    },
    {
      "type": "Feature",
      "properties": {
        "OBJECTID": "32",
        "DepartmentCode": "164681173",
        "KGISVillageID": "8004",
        "KGISCode": "29560054666015800000HMPOLPUOFFPOS0001",
        "KGISPOL_STAID": "32",
        "POL_STAName": "Kanakagiri PS",
        "KGISPSCode": "PS - 32",
        "district": "Koppal"
      },
      "geometry": {
        "type": "Point",
        "coordinates": [
          76.4237390000924,
          15.5723569997622
        ]
      }
    },
    {
      "type": "Feature",
      "properties": {
        "OBJECTID": "33",
        "DepartmentCode": "164681172",
        "KGISVillageID": "8023",
        "KGISCode": "29560054666016810000HMPOLPUOFFPOS0001",
        "KGISPOL_STAID": "33",
        "POL_STAName": "Karatagi PS",
        "KGISPSCode": "PS - 33",
        "district": "Koppal"
      },
      "geometry": {
        "type": "Point",
        "coordinates": [
          76.6579839996317,
          15.6005919997517
        ]
      }
    },
    {
      "type": "Feature",
      "properties": {
        "OBJECTID": "34",
        "DepartmentCode": "164681168",
        "KGISVillageID": "7956",
        "KGISCode": "29560054668030720000HMPOLPUOFFPOS0002",
        "KGISPOL_STAID": "34",
        "POL_STAName": "Gangavathi Town PS",
        "KGISPSCode": "PS - 34",
        "district": "Koppal"
      },
      "geometry": {
        "type": "Point",
        "coordinates": [
          76.5301870003278,
          15.4258829997704
        ]
      }
    },
    {
      "type": "Feature",
      "properties": {
        "OBJECTID": "35",
        "DepartmentCode": "164681177",
        "KGISVillageID": "8308",
        "KGISCode": "29560054656014350000HMPOLPUOFFPOS0001",
        "KGISPOL_STAID": "35",
        "POL_STAName": "Hanumasagar PS",
        "KGISPSCode": "PS - 35",
        "district": "Koppal"
      },
      "geometry": {
        "type": "Point",
        "coordinates": [
          76.0476199999866,
          15.8727720001468
        ]
      }
    },
    {
      "type": "Feature",
      "properties": {
        "OBJECTID": "36",
        "DepartmentCode": "164681176",
        "KGISVillageID": "31723",
        "KGISCode": "29560054658030710000HMPOLPUOFFPOS0001",
        "KGISPOL_STAID": "36",
        "POL_STAName": "Kushtagi PS",
        "KGISPSCode": "PS - 36",
        "district": "Koppal"
      },
      "geometry": {
        "type": "Point",
        "coordinates": [
          76.1935009996338,
          15.7548799996807
        ]
      }
    },
    {
      "type": "Feature",
      "properties": {
        "OBJECTID": "37",
        "DepartmentCode": "164681178",
        "KGISVillageID": "8424",
        "KGISCode": "29560054656015320000HMPOLPUOFFPOS0001",
        "KGISPOL_STAID": "37",
        "POL_STAName": "Tavaregera PS",
        "KGISPSCode": "PS - 37",
        "district": "Koppal"
      },
      "geometry": {
        "type": "Point",
        "coordinates": [
          76.4043049999318,
          15.7700490003593
        ]
      }
    },
    {
      "type": "Feature",
      "properties": {
        "OBJECTID": "38",
        "DepartmentCode": "164681160",
        "KGISVillageID": "8127",
        "KGISCode": "29560054676017400000HMPOLPUOFFPOS0001",
        "KGISPOL_STAID": "39",
        "POL_STAName": "Alwandi PS",
        "KGISPSCode": "PS - 39",
        "district": "Koppal"
      },
      "geometry": {
        "type": "Point",
        "coordinates": [
          75.990564999943,
          15.2316289997451
        ]
      }
    },
    {
      "type": "Feature",
      "properties": {
        "OBJECTID": "39",
        "DepartmentCode": "164681159",
        "KGISVillageID": "8238",
        "KGISCode": "29560054678030730000HMPOLPUOFFPOS0002",
        "KGISPOL_STAID": "40",
        "POL_STAName": "Koppal Rural PS",
        "KGISPSCode": "PS - 40",
        "district": "Koppal"
      },
      "geometry": {
        "type": "Point",
        "coordinates": [
          76.1504849998026,
          15.348638999923
        ]
      }
    },
    {
      "type": "Feature",
      "properties": {
        "OBJECTID": "40",
        "DepartmentCode": "164681162",
        "KGISVillageID": "8154",
        "KGISCode": "29560054676018600000HMPOLPUOFFPOS0001",
        "KGISPOL_STAID": "41",
        "POL_STAName": "Munirabad PS",
        "KGISPSCode": "PS - 41",
        "district": "Koppal"
      },
      "geometry": {
        "type": "Point",
        "coordinates": [
          76.3218519999859,
          15.2795749997392
        ]
      }
    },
    {
      "type": "Feature",
      "properties": {
        "OBJECTID": "41",
        "DepartmentCode": "164681158",
        "KGISVillageID": "8238",
        "KGISCode": "29560054678030730000HMPOLPUOFFPOS0003",
        "KGISPOL_STAID": "42",
        "POL_STAName": "Koppal Town PS",
        "KGISPSCode": "PS - 42",
        "district": "Koppal"
      },
      "geometry": {
        "type": "Point",
        "coordinates": [
          76.1507120001416,
          15.3488340004166
        ]
      }
    },
    {
      "type": "Feature",
      "properties": {
        "OBJECTID": "42",
        "DepartmentCode": "164681164",
        "KGISVillageID": "8488",
        "KGISCode": "29560054646013480000HMPOLPUOFFPOS0001",
        "KGISPOL_STAID": "43",
        "POL_STAName": "Kuknoor PS",
        "KGISPSCode": "PS - 43",
        "district": "Koppal"
      },
      "geometry": {
        "type": "Point",
        "coordinates": [
          75.9915140000343,
          15.4926200001522
        ]
      }
    },
    {
      "type": "Feature",
      "properties": {
        "OBJECTID": "43",
        "DepartmentCode": "164681163",
        "KGISVillageID": "8571",
        "KGISCode": "29560054648030700000HMPOLPUOFFPOS0001",
        "KGISPOL_STAID": "44",
        "POL_STAName": "Yelburga PS",
        "KGISPSCode": "PS - 44",
        "district": "Koppal"
      },
      "geometry": {
        "type": "Point",
        "coordinates": [
          76.0122100001865,
          15.613321000093
        ]
      }
    },
    {
      "type": "Feature",
      "properties": {
        "OBJECTID": "44",
        "DepartmentCode": "164610992",
        "KGISVillageID": "31763",
        "KGISCode": "29559054606006100000HMPOLPUOFFPOS0001",
        "KGISPOL_STAID": "45",
        "POL_STAName": "Devadurga PS",
        "KGISPSCode": "PS - 45",
        "district": "Raichur"
      },
      "geometry": {
        "type": "Point",
        "coordinates": [
          76.9287049998064,
          16.4150025003166
        ]
      }
    },
    {
      "type": "Feature",
      "properties": {
        "OBJECTID": "45",
        "DepartmentCode": "164610994",
        "KGISVillageID": "3673",
        "KGISCode": "29559054606006700000HMPOLPUOFFPOS0001",
        "KGISPOL_STAID": "46",
        "POL_STAName": "Gabbur PS",
        "KGISPSCode": "PS - 46",
        "district": "Raichur"
      },
      "geometry": {
        "type": "Point",
        "coordinates": [
          77.1609118001156,
          16.2960855001534
        ]
      }
    },
    {
      "type": "Feature",
      "properties": {
        "OBJECTID": "46",
        "DepartmentCode": "164610993",
        "KGISVillageID": "3731",
        "KGISCode": "29559054606005490000HMPOLPUOFFPOS0001",
        "KGISPOL_STAID": "47",
        "POL_STAName": "Jalhalli PS",
        "KGISPSCode": "PS - 47",
        "district": "Raichur"
      },
      "geometry": {
        "type": "Point",
        "coordinates": [
          76.7834533840468,
          16.3651088137999
        ]
      }
    },
    {
      "type": "Feature",
      "properties": {
        "OBJECTID": "47",
        "DepartmentCode": "164610988",
        "KGISVillageID": "3776",
        "KGISCode": "29559054598030650000HMPOLPUOFFPOS0001",
        "KGISPOL_STAID": "48",
        "POL_STAName": "Hutti PS",
        "KGISPSCode": "PS - 48",
        "district": "Raichur"
      },
      "geometry": {
        "type": "Point",
        "coordinates": [
          76.6555622002157,
          16.1945603996517
        ]
      }
    },
    {
      "type": "Feature",
      "properties": {
        "OBJECTID": "48",
        "DepartmentCode": "164610985",
        "KGISVillageID": "3835",
        "KGISCode": "29559054598030640000HMPOLPUOFFPOS0001",
        "KGISPOL_STAID": "49",
        "POL_STAName": "Lingasugur PS",
        "KGISPSCode": "PS - 49",
        "district": "Raichur"
      },
      "geometry": {
        "type": "Point",
        "coordinates": [
          76.5224648999924,
          16.1583934999438
        ]
      }
    },
    {
      "type": "Feature",
      "properties": {
        "OBJECTID": "49",
        "DepartmentCode": "164610989",
        "KGISVillageID": "3876",
        "KGISCode": "29559054596005200000HMPOLPUOFFPOS0001",
        "KGISPOL_STAID": "50",
        "POL_STAName": "Maski PS",
        "KGISPSCode": "PS - 50",
        "district": "Raichur"
      },
      "geometry": {
        "type": "Point",
        "coordinates": [
          76.6540675001917,
          15.9537920995979
        ]
      }
    },
    {
      "type": "Feature",
      "properties": {
        "OBJECTID": "50",
        "DepartmentCode": "164610990",
        "KGISVillageID": "3930",
        "KGISCode": "29559054596003670000HMPOLPUOFFPOS0001",
        "KGISPOL_STAID": "51",
        "POL_STAName": "Mudgal PS",
        "KGISPSCode": "PS - 51",
        "district": "Raichur"
      },
      "geometry": {
        "type": "Point",
        "coordinates": [
          76.4419758997177,
          16.0122467995676
        ]
      }
    },
    {
      "type": "Feature",
      "properties": {
        "OBJECTID": "51",
        "DepartmentCode": "164610962",
        "KGISVillageID": "4237",
        "KGISCode": "29559054618030670000HMPOLPUOFFPOS0001",
        "KGISPOL_STAID": "52",
        "POL_STAName": "Netajinagar PS",
        "KGISPSCode": "PS - 52",
        "district": "Raichur"
      },
      "geometry": {
        "type": "Point",
        "coordinates": [
          77.3697941996058,
          16.2005672001816
        ]
      }
    },
    {
      "type": "Feature",
      "properties": {
        "OBJECTID": "52",
        "DepartmentCode": "164610961",
        "KGISVillageID": "4237",
        "KGISCode": "29559054618030670000HMPOLPUOFFPOS0002",
        "KGISPOL_STAID": "53",
        "POL_STAName": "Sadar Bazar PS",
        "KGISPSCode": "PS - 53",
        "district": "Raichur"
      },
      "geometry": {
        "type": "Point",
        "coordinates": [
          77.356027800299,
          16.2026200999877
        ]
      }
    },
    {
      "type": "Feature",
      "properties": {
        "OBJECTID": "53",
        "DepartmentCode": "164612124",
        "KGISVillageID": "4237",
        "KGISCode": "29559054618030670000HMPOLPUOFFPOS0003",
        "KGISPOL_STAID": "54",
        "POL_STAName": "Raichur Women PS",
        "KGISPSCode": "PS - 54",
        "district": "Raichur"
      },
      "geometry": {
        "type": "Point",
        "coordinates": [
          77.356027800299,
          16.2026200999877
        ]
      }
    },
    {
      "type": "Feature",
      "properties": {
        "OBJECTID": "54",
        "DepartmentCode": "164610963",
        "KGISVillageID": "4237",
        "KGISCode": "29559054618030670000HMPOLPUOFFPOS0004",
        "KGISPOL_STAID": "55",
        "POL_STAName": "Raichur Rural PS",
        "KGISPSCode": "PS - 55",
        "district": "Raichur"
      },
      "geometry": {
        "type": "Point",
        "coordinates": [
          77.3552738002094,
          16.219874700226
        ]
      }
    },
    {
      "type": "Feature",
      "properties": {
        "OBJECTID": "55",
        "DepartmentCode": "164610965",
        "KGISVillageID": "4140",
        "KGISCode": "29559054616008840000HMPOLPUOFFPOS0001",
        "KGISPOL_STAID": "56",
        "POL_STAName": "Shakti Nagar PS",
        "KGISPSCode": "PS - 56",
        "district": "Raichur"
      },
      "geometry": {
        "type": "Point",
        "coordinates": [
          77.3533134002243,
          16.370844899622
        ]
      }
    },
    {
      "type": "Feature",
      "properties": {
        "OBJECTID": "56",
        "DepartmentCode": "164610966",
        "KGISVillageID": "4137",
        "KGISCode": "29559054616007630000HMPOLPUOFFPOS0001",
        "KGISPOL_STAID": "57",
        "POL_STAName": "Yapaladinni PS",
        "KGISPSCode": "PS - 57",
        "district": "Raichur"
      },
      "geometry": {
        "type": "Point",
        "coordinates": [
          77.5251081003069,
          16.2962598997579
        ]
      }
    },
    {
      "type": "Feature",
      "properties": {
        "OBJECTID": "57",
        "DepartmentCode": "164610972",
        "KGISVillageID": "4237",
        "KGISCode": "29559054618030670000HMPOLPUOFFPOS0005",
        "KGISPOL_STAID": "58",
        "POL_STAName": "Market Yard PS",
        "KGISPSCode": "PS - 58",
        "district": "Raichur"
      },
      "geometry": {
        "type": "Point",
        "coordinates": [
          77.3606764001082,
          16.2161506997865
        ]
      }
    },
    {
      "type": "Feature",
      "properties": {
        "OBJECTID": "58",
        "DepartmentCode": "164610971",
        "KGISVillageID": "31785",
        "KGISCode": "29559054618030670000HMPOLPUOFFPOS0006",
        "KGISPOL_STAID": "59",
        "POL_STAName": "Raichur West PS",
        "KGISPSCode": "PS - 59",
        "district": "Raichur"
      },
      "geometry": {
        "type": "Point",
        "coordinates": [
          77.3428321998381,
          16.1951229000377
        ]
      }
    },
    {
      "type": "Feature",
      "properties": {
        "OBJECTID": "59",
        "DepartmentCode": "164610970",
        "KGISVillageID": "4177",
        "KGISCode": "29559054616008800000HMPOLPUOFFPOS0001",
        "KGISPOL_STAID": "60",
        "POL_STAName": "Idapanur PS",
        "KGISPSCode": "PS - 60",
        "district": "Raichur"
      },
      "geometry": {
        "type": "Point",
        "coordinates": [
          77.4621637999182,
          16.0042257997102
        ]
      }
    },
    {
      "type": "Feature",
      "properties": {
        "OBJECTID": "60",
        "DepartmentCode": "164610967",
        "KGISVillageID": "4273",
        "KGISCode": "29559054616008430000HMPOLPUOFFPOS0001",
        "KGISPOL_STAID": "61",
        "POL_STAName": "Yeregera PS",
        "KGISPSCode": "PS - 61",
        "district": "Raichur"
      },
      "geometry": {
        "type": "Point",
        "coordinates": [
          77.4142756004306,
          16.073025500058
        ]
      }
    },
    {
      "type": "Feature",
      "properties": {
        "OBJECTID": "61",
        "DepartmentCode": "164610984",
        "KGISVillageID": "4016",
        "KGISCode": "29559054626009410000HMPOLPUOFFPOS0001",
        "KGISPOL_STAID": "62",
        "POL_STAName": "Kowthal PS",
        "KGISPSCode": "PS - 62",
        "district": "Raichur"
      },
      "geometry": {
        "type": "Point",
        "coordinates": [
          76.8144297999196,
          16.0872856002399
        ]
      }
    },
    {
      "type": "Feature",
      "properties": {
        "OBJECTID": "62",
        "DepartmentCode": "164610981",
        "KGISVillageID": "4065",
        "KGISCode": "29559054626010180000HMPOLPUOFFPOS0001",
        "KGISPOL_STAID": "63",
        "POL_STAName": "Manvi PS",
        "KGISPSCode": "PS - 63",
        "district": "Raichur"
      },
      "geometry": {
        "type": "Point",
        "coordinates": [
          77.0479908002105,
          15.9938995995581
        ]
      }
    },
    {
      "type": "Feature",
      "properties": {
        "OBJECTID": "63",
        "DepartmentCode": "164610983",
        "KGISVillageID": "4109",
        "KGISCode": "29559054626009670000HMPOLPUOFFPOS0001",
        "KGISPOL_STAID": "64",
        "POL_STAName": "Sirwar PS",
        "KGISPSCode": "PS - 64",
        "district": "Raichur"
      },
      "geometry": {
        "type": "Point",
        "coordinates": [
          77.0159706997364,
          16.175903599613
        ]
      }
    },
    {
      "type": "Feature",
      "properties": {
        "OBJECTID": "64",
        "DepartmentCode": "164610980",
        "KGISVillageID": "4289",
        "KGISCode": "29559054636011350000HMPOLPUOFFPOS0001",
        "KGISPOL_STAID": "65",
        "POL_STAName": "Balagaor PS",
        "KGISPSCode": "PS - 65",
        "district": "Raichur"
      },
      "geometry": {
        "type": "Point",
        "coordinates": [
          76.749950399616,
          15.9553054000286
        ]
      }
    },
    {
      "type": "Feature",
      "properties": {
        "OBJECTID": "65",
        "DepartmentCode": "164610976",
        "KGISVillageID": "8652",
        "KGISCode": "29559054636011970000HMPOLPUOFFPOS0001",
        "KGISPOL_STAID": "66",
        "POL_STAName": "Sindanur Rural PS",
        "KGISPSCode": "PS - 66",
        "district": "Raichur"
      },
      "geometry": {
        "type": "Point",
        "coordinates": [
          76.7695212001342,
          15.7866682997685
        ]
      }
    },
    {
      "type": "Feature",
      "properties": {
        "OBJECTID": "66",
        "DepartmentCode": "164610975",
        "KGISVillageID": "8652",
        "KGISCode": "29559054636011970000HMPOLPUOFFPOS0002",
        "KGISPOL_STAID": "67",
        "POL_STAName": "Sindhanur Town PS",
        "KGISPSCode": "PS - 67",
        "district": "Raichur"
      },
      "geometry": {
        "type": "Point",
        "coordinates": [
          76.7561612004575,
          15.7681762000945
        ]
      }
    },
    {
      "type": "Feature",
      "properties": {
        "OBJECTID": "67",
        "DepartmentCode": "164610979",
        "KGISVillageID": "8672",
        "KGISCode": "29559054636010740000HMPOLPUOFFPOS0001",
        "KGISPOL_STAID": "68",
        "POL_STAName": "Turvihal PS",
        "KGISPSCode": "PS - 68",
        "district": "Raichur"
      },
      "geometry": {
        "type": "Point",
        "coordinates": [
          76.5965000004169,
          15.7587392999127
        ]
      }
    },
    {
      "type": "Feature",
      "properties": {
        "OBJECTID": "68",
        "DepartmentCode": "169821456",
        "KGISVillageID": "883",
        "KGISCode": "29555054385977810000HMPOLPUOFFPOS0001",
        "KGISPOL_STAID": "69",
        "POL_STAName": "Bagewadi PS",
        "KGISPSCode": "PS - 69",
        "district": "Belgaum"
      },
      "geometry": {
        "type": "Point",
        "coordinates": [
          74.6373274007038,
          15.7761522323095
        ]
      }
    },
    {
      "type": "Feature",
      "properties": {
        "OBJECTID": "69",
        "DepartmentCode": "169820310",
        "KGISVillageID": "935",
        "KGISCode": "29555054388030330000HMPOLPUOFFPOS0001",
        "KGISPOL_STAID": "70",
        "POL_STAName": "Belagavi Rural PS",
        "KGISPSCode": "PS - 70",
        "district": "Belgaum"
      },
      "geometry": {
        "type": "Point",
        "coordinates": [
          74.5145610002729,
          15.8331710002305
        ]
      }
    },
    {
      "type": "Feature",
      "properties": {
        "OBJECTID": "70",
        "DepartmentCode": "169820311",
        "KGISVillageID": "973",
        "KGISCode": "29555054385977920000HMPOLPUOFFPOS0001",
        "KGISPOL_STAID": "71",
        "POL_STAName": "Kakati PS",
        "KGISPSCode": "PS - 71",
        "district": "Belgaum"
      },
      "geometry": {
        "type": "Point",
        "coordinates": [
          74.5275059997213,
          15.9298600000182
        ]
      }
    },
    {
      "type": "Feature",
      "properties": {
        "OBJECTID": "71",
        "DepartmentCode": "169821457",
        "KGISVillageID": "907",
        "KGISCode": "29555054385977590000HMPOLPUOFFPOS0001",
        "KGISPOL_STAID": "72",
        "POL_STAName": "Marihal PS",
        "KGISPSCode": "PS - 72",
        "district": "Belgaum"
      },
      "geometry": {
        "type": "Point",
        "coordinates": [
          74.6641959999116,
          15.881446000451
        ]
      }
    },
    {
      "type": "Feature",
      "properties": {
        "OBJECTID": "72",
        "DepartmentCode": "169820303",
        "KGISVillageID": "926",
        "KGISCode": "29555054388030340000HMPOLPUOFFPOS0001",
        "KGISPOL_STAID": "73",
        "POL_STAName": "Belagavi Camp PS",
        "KGISPSCode": "PS - 73",
        "district": "Belgaum"
      },
      "geometry": {
        "type": "Point",
        "coordinates": [
          74.5045500000356,
          15.8547100001631
        ]
      }
    },
    {
      "type": "Feature",
      "properties": {
        "OBJECTID": "73",
        "DepartmentCode": "169820301",
        "KGISVillageID": "926",
        "KGISCode": "29555054388030340000HMPOLPUOFFPOS0002",
        "KGISPOL_STAID": "74",
        "POL_STAName": "Khadebazar PS",
        "KGISPSCode": "PS - 74",
        "district": "Belgaum"
      },
      "geometry": {
        "type": "Point",
        "coordinates": [
          74.5107350003864,
          15.8623789997161
        ]
      }
    },
    {
      "type": "Feature",
      "properties": {
        "OBJECTID": "74",
        "DepartmentCode": "169820302",
        "KGISVillageID": "926",
        "KGISCode": "29555054388030340000HMPOLPUOFFPOS0003",
        "KGISPOL_STAID": "75",
        "POL_STAName": "Thilakwadi PS",
        "KGISPSCode": "PS - 75",
        "district": "Belgaum"
      },
      "geometry": {
        "type": "Point",
        "coordinates": [
          74.5015349995826,
          15.8359440002916
        ]
      }
    },
    {
      "type": "Feature",
      "properties": {
        "OBJECTID": "75",
        "DepartmentCode": "169821455",
        "KGISVillageID": "936",
        "KGISCode": "29555054388030330000HMPOLPUOFFPOS0002",
        "KGISPOL_STAID": "76",
        "POL_STAName": "Udyambag PS",
        "KGISPSCode": "PS - 76",
        "district": "Belgaum"
      },
      "geometry": {
        "type": "Point",
        "coordinates": [
          74.4914090001479,
          15.8206879996397
        ]
      }
    },
    {
      "type": "Feature",
      "properties": {
        "OBJECTID": "76",
        "DepartmentCode": "169821453",
        "KGISVillageID": "926",
        "KGISCode": "29555054388030340000HMPOLPUOFFPOS0004",
        "KGISPOL_STAID": "77",
        "POL_STAName": "Belagavi City Women PS",
        "KGISPSCode": "PS - 77",
        "district": "Belgaum"
      },
      "geometry": {
        "type": "Point",
        "coordinates": [
          74.5058495227933,
          15.8577009658827
        ]
      }
    },
    {
      "type": "Feature",
      "properties": {
        "OBJECTID": "77",
        "DepartmentCode": "169820298",
        "KGISVillageID": "1017",
        "KGISCode": "29555054385977940000HMPOLPUOFFPOS0001",
        "KGISPOL_STAID": "78",
        "POL_STAName": "APMC Yard PS",
        "KGISPSCode": "PS - 78",
        "district": "Belgaum"
      },
      "geometry": {
        "type": "Point",
        "coordinates": [
          74.5085170002766,
          15.8839949997159
        ]
      }
    },
    {
      "type": "Feature",
      "properties": {
        "OBJECTID": "78",
        "DepartmentCode": "169820297",
        "KGISVillageID": "926",
        "KGISCode": "29555054388030340000HMPOLPUOFFPOS0005",
        "KGISPOL_STAID": "79",
        "POL_STAName": "Malamaruthi PS",
        "KGISPSCode": "PS - 79",
        "district": "Belgaum"
      },
      "geometry": {
        "type": "Point",
        "coordinates": [
          74.5288709365525,
          15.8818603611202
        ]
      }
    },
    {
      "type": "Feature",
      "properties": {
        "OBJECTID": "79",
        "DepartmentCode": "169820292",
        "KGISVillageID": "926",
        "KGISCode": "29555054388030340000HMPOLPUOFFPOS0006",
        "KGISPOL_STAID": "80",
        "POL_STAName": "Belagavi Market PS",
        "KGISPSCode": "PS - 80",
        "district": "Belgaum"
      },
      "geometry": {
        "type": "Point",
        "coordinates": [
          74.5196670000549,
          15.8624710003501
        ]
      }
    },
    {
      "type": "Feature",
      "properties": {
        "OBJECTID": "80",
        "DepartmentCode": "169820296",
        "KGISVillageID": "939",
        "KGISCode": "29555054388030330000HMPOLPUOFFPOS0003",
        "KGISPOL_STAID": "81",
        "POL_STAName": "Shahapura PS",
        "KGISPSCode": "PS - 81",
        "district": "Belgaum"
      },
      "geometry": {
        "type": "Point",
        "coordinates": [
          74.5180130001751,
          15.8380890003073
        ]
      }
    },
    {
      "type": "Feature",
      "properties": {
        "OBJECTID": "81",
        "DepartmentCode": "164431398",
        "KGISVillageID": "30092",
        "KGISCode": "29572055428031620000HMPOLPUOFFPOS0003",
        "KGISPOL_STAID": "84",
        "POL_STAName": "Cubbon Park PS",
        "KGISPSCode": "PS - 84",
        "district": "Bangalore"
      },
      "geometry": {
        "type": "Point",
        "coordinates": [
          77.5979641429556,
          12.9800298427157
        ]
      }
    },
    {
      "type": "Feature",
      "properties": {
        "OBJECTID": "82",
        "DepartmentCode": "164431397",
        "KGISVillageID": "30092",
        "KGISCode": "29572055428031620000HMPOLPUOFFPOS0004",
        "KGISPOL_STAID": "85",
        "POL_STAName": "Vidhana Soudha PS",
        "KGISPSCode": "PS - 85",
        "district": "Bangalore"
      },
      "geometry": {
        "type": "Point",
        "coordinates": [
          77.5886142885905,
          12.9773209692159
        ]
      }
    },
    {
      "type": "Feature",
      "properties": {
        "OBJECTID": "83",
        "DepartmentCode": "164431390",
        "KGISVillageID": "15151",
        "KGISCode": "29572055428031620000HMPOLPUOFFPOS0005",
        "KGISPOL_STAID": "86",
        "POL_STAName": "Viveknagar PS",
        "KGISPSCode": "PS - 86",
        "district": "Bangalore"
      },
      "geometry": {
        "type": "Point",
        "coordinates": [
          77.6222989999259,
          12.951547000394
        ]
      }
    },
    {
      "type": "Feature",
      "properties": {
        "OBJECTID": "84",
        "DepartmentCode": "164431386",
        "KGISVillageID": "30092",
        "KGISCode": "29572055428031620000HMPOLPUOFFPOS0006",
        "KGISPOL_STAID": "87",
        "POL_STAName": "Halasurgate PS",
        "KGISPSCode": "PS - 87",
        "district": "Bangalore"
      },
      "geometry": {
        "type": "Point",
        "coordinates": [
          77.5867767998637,
          12.9679059997634
        ]
      }
    },
    {
      "type": "Feature",
      "properties": {
        "OBJECTID": "85",
        "DepartmentCode": "164431391",
        "KGISVillageID": "15150",
        "KGISCode": "29572055428031620000HMPOLPUOFFPOS0007",
        "KGISPOL_STAID": "88",
        "POL_STAName": "Sampangiramanagar PS",
        "KGISPSCode": "PS - 88",
        "district": "Bangalore"
      },
      "geometry": {
        "type": "Point",
        "coordinates": [
          77.5921599999535,
          12.9630649998591
        ]
      }
    },
    {
      "type": "Feature",
      "properties": {
        "OBJECTID": "86",
        "DepartmentCode": "164431388",
        "KGISVillageID": "15075",
        "KGISCode": "29572055428031620000HMPOLPUOFFPOS0008",
        "KGISPOL_STAID": "89",
        "POL_STAName": "Wilsongarden PS",
        "KGISPSCode": "PS - 89",
        "district": "Bangalore"
      },
      "geometry": {
        "type": "Point",
        "coordinates": [
          77.5961980000424,
          12.9500430001231
        ]
      }
    },
    {
      "type": "Feature",
      "properties": {
        "OBJECTID": "87",
        "DepartmentCode": "164431394",
        "KGISVillageID": "15087",
        "KGISCode": "29572055428031620000HMPOLPUOFFPOS0009",
        "KGISPOL_STAID": "90",
        "POL_STAName": "High Grounds PS",
        "KGISPSCode": "PS - 90",
        "district": "Bangalore"
      },
      "geometry": {
        "type": "Point",
        "coordinates": [
          77.5927664453475,
          12.9899573531302
        ]
      }
    },
    {
      "type": "Feature",
      "properties": {
        "OBJECTID": "88",
        "DepartmentCode": "164431396",
        "KGISVillageID": "15168",
        "KGISCode": "29572055428031620000HMPOLPUOFFPOS0010",
        "KGISPOL_STAID": "91",
        "POL_STAName": "Sadashivanagar PS",
        "KGISPSCode": "PS - 91",
        "district": "Bangalore"
      },
      "geometry": {
        "type": "Point",
        "coordinates": [
          77.5725447841245,
          13.0149094111584
        ]
      }
    },
    {
      "type": "Feature",
      "properties": {
        "OBJECTID": "89",
        "DepartmentCode": "164431393",
        "KGISVillageID": "30090",
        "KGISCode": "29572055428031620000HMPOLPUOFFPOS0011",
        "KGISPOL_STAID": "92",
        "POL_STAName": "Seshadripuram PS",
        "KGISPSCode": "PS - 92",
        "district": "Bangalore"
      },
      "geometry": {
        "type": "Point",
        "coordinates": [
          77.5735902002227,
          12.9879292996002
        ]
      }
    },
    {
      "type": "Feature",
      "properties": {
        "OBJECTID": "90",
        "DepartmentCode": "164431395",
        "KGISVillageID": "15161",
        "KGISCode": "29572055428031620000HMPOLPUOFFPOS0012",
        "KGISPOL_STAID": "93",
        "POL_STAName": "Vyalikaval PS",
        "KGISPSCode": "PS - 93",
        "district": "Bangalore"
      },
      "geometry": {
        "type": "Point",
        "coordinates": [
          77.5786416004447,
          13.0014925000938
        ]
      }
    },
    {
      "type": "Feature",
      "properties": {
        "OBJECTID": "91",
        "DepartmentCode": "164431406",
        "KGISVillageID": "15124",
        "KGISCode": "29572055428031620000HMPOLPUOFFPOS0013",
        "KGISPOL_STAID": "94",
        "POL_STAName": "Banaswadi PS",
        "KGISPSCode": "PS - 94",
        "district": "Bangalore"
      },
      "geometry": {
        "type": "Point",
        "coordinates": [
          77.6403087004,
          13.0196345004026
        ]
      }
    },
    {
      "type": "Feature",
      "properties": {
        "OBJECTID": "92",
        "DepartmentCode": "164431402",
        "KGISVillageID": "15088",
        "KGISCode": "29572055428031620000HMPOLPUOFFPOS0014",
        "KGISPOL_STAID": "95",
        "POL_STAName": "Devarajeevanahalli PS",
        "KGISPSCode": "PS - 95",
        "district": "Bangalore"
      },
      "geometry": {
        "type": "Point",
        "coordinates": [
          77.6103367001824,
          13.0093318996255
        ]
      }
    },
    {
      "type": "Feature",
      "properties": {
        "OBJECTID": "93",
        "DepartmentCode": "164431408",
        "KGISVillageID": "21401",
        "KGISCode": "29572055428031620000HMPOLPUOFFPOS0015",
        "KGISPOL_STAID": "96",
        "POL_STAName": "Hennur PS",
        "KGISPSCode": "PS - 96",
        "district": "Bangalore"
      },
      "geometry": {
        "type": "Point",
        "coordinates": [
          77.6457466922352,
          13.024142138905
        ]
      }
    },
    {
      "type": "Feature",
      "properties": {
        "OBJECTID": "94",
        "DepartmentCode": "164431407",
        "KGISVillageID": "15124",
        "KGISCode": "29572055428031620000HMPOLPUOFFPOS0016",
        "KGISPOL_STAID": "97",
        "POL_STAName": "Kadugondana Halli PS",
        "KGISPSCode": "PS - 97",
        "district": "Bangalore"
      },
      "geometry": {
        "type": "Point",
        "coordinates": [
          77.6274595998832,
          13.0250519004078
        ]
      }
    },
    {
      "type": "Feature",
      "properties": {
        "OBJECTID": "95",
        "DepartmentCode": "164431409",
        "KGISVillageID": "21404",
        "KGISCode": "29572055428031620000HMPOLPUOFFPOS0017",
        "KGISPOL_STAID": "98",
        "POL_STAName": "Ramamurthy Nagar PS",
        "KGISPSCode": "PS - 98",
        "district": "Bangalore"
      },
      "geometry": {
        "type": "Point",
        "coordinates": [
          77.6676147006279,
          13.0121958894059
        ]
      }
    },
    {
      "type": "Feature",
      "properties": {
        "OBJECTID": "96",
        "DepartmentCode": "164431411",
        "KGISVillageID": "21387",
        "KGISCode": "29572055428031620000HMPOLPUOFFPOS0018",
        "KGISPOL_STAID": "99",
        "POL_STAName": "Byappanahalli PS",
        "KGISPSCode": "PS - 99",
        "district": "Bangalore"
      },
      "geometry": {
        "type": "Point",
        "coordinates": [
          77.6568733672614,
          12.99146656405
        ]
      }
    },
    {
      "type": "Feature",
      "properties": {
        "OBJECTID": "97",
        "DepartmentCode": "164431410",
        "KGISVillageID": "30092",
        "KGISCode": "29572055428031620000HMPOLPUOFFPOS0019",
        "KGISPOL_STAID": "100",
        "POL_STAName": "Halasur PS",
        "KGISPSCode": "PS - 100",
        "district": "Bangalore"
      },
      "geometry": {
        "type": "Point",
        "coordinates": [
          77.6253330610102,
          12.9748128797954
        ]
      }
    },
    {
      "type": "Feature",
      "properties": {
        "OBJECTID": "98",
        "DepartmentCode": "164431412",
        "KGISVillageID": "15118",
        "KGISCode": "29572055428031620000HMPOLPUOFFPOS0020",
        "KGISPOL_STAID": "101",
        "POL_STAName": "Indiranagar PS",
        "KGISPSCode": "PS - 101",
        "district": "Bangalore"
      },
      "geometry": {
        "type": "Point",
        "coordinates": [
          77.638280000055,
          12.9829857001463
        ]
      }
    },
    {
      "type": "Feature",
      "properties": {
        "OBJECTID": "99",
        "DepartmentCode": "164431413",
        "KGISVillageID": "21477",
        "KGISCode": "29572055428031620000HMPOLPUOFFPOS0021",
        "KGISPOL_STAID": "102",
        "POL_STAName": "Jeevan Bheemanagar PS",
        "KGISPSCode": "PS - 102",
        "district": "Bangalore"
      },
      "geometry": {
        "type": "Point",
        "coordinates": [
          77.6553852996563,
          12.9676990004541
        ]
      }
    },
    {
      "type": "Feature",
      "properties": {
        "OBJECTID": "100",
        "DepartmentCode": "164431401",
        "KGISVillageID": "30092",
        "KGISCode": "29572055428031620000HMPOLPUOFFPOS0022",
        "KGISPOL_STAID": "103",
        "POL_STAName": "Bharathi Nagar PS",
        "KGISPSCode": "PS - 103",
        "district": "Bangalore"
      },
      "geometry": {
        "type": "Point",
        "coordinates": [
          77.6120856003067,
          12.9912025002823
        ]
      }
    },
    {
      "type": "Feature",
      "properties": {
        "OBJECTID": "101",
        "DepartmentCode": "164431400",
        "KGISVillageID": "30092",
        "KGISCode": "29572055428031620000HMPOLPUOFFPOS0023",
        "KGISPOL_STAID": "104",
        "POL_STAName": "Commercial Street PS",
        "KGISPSCode": "PS - 104",
        "district": "Bangalore"
      },
      "geometry": {
        "type": "Point",
        "coordinates": [
          77.6064306996423,
          12.9820757996245
        ]
      }
    },
    {
      "type": "Feature",
      "properties": {
        "OBJECTID": "102",
        "DepartmentCode": "164431399",
        "KGISVillageID": "15123",
        "KGISCode": "29572055428031620000HMPOLPUOFFPOS0024",
        "KGISPOL_STAID": "105",
        "POL_STAName": "Pulakeshinagar PS",
        "KGISPSCode": "PS - 105",
        "district": "Bangalore"
      },
      "geometry": {
        "type": "Point",
        "coordinates": [
          77.6196531704426,
          12.9992725573424
        ]
      }
    },
    {
      "type": "Feature",
      "properties": {
        "OBJECTID": "103",
        "DepartmentCode": "164431403",
        "KGISVillageID": "30092",
        "KGISCode": "29572055428031620000HMPOLPUOFFPOS0025",
        "KGISPOL_STAID": "106",
        "POL_STAName": "Shivajinagar PS",
        "KGISPSCode": "PS - 106",
        "district": "Bangalore"
      },
      "geometry": {
        "type": "Point",
        "coordinates": [
          77.6052475001124,
          12.9855097999292
        ]
      }
    },
    {
      "type": "Feature",
      "properties": {
        "OBJECTID": "104",
        "DepartmentCode": "164701245",
        "KGISVillageID": "349",
        "KGISCode": "29556054485990270000HMPOLPUOFFPOS0001",
        "KGISPOL_STAID": "461",
        "POL_STAName": "Amengad PS",
        "KGISPSCode": "PS - 461",
        "district": "Bagalkot"
      },
      "geometry": {
        "type": "Point",
        "coordinates": [
          75.9456940002023,
          16.0566130004213
        ]
      }
    },
    {
      "type": "Feature",
      "properties": {
        "OBJECTID": "105",
        "DepartmentCode": "164701241",
        "KGISVillageID": "370",
        "KGISCode": "29556054485989420000HMPOLPUOFFPOS0001",
        "KGISPOL_STAID": "462",
        "POL_STAName": "Hungunda PS",
        "KGISPSCode": "PS - 462",
        "district": "Bagalkot"
      },
      "geometry": {
        "type": "Point",
        "coordinates": [
          76.0603622998149,
          16.0666995998932
        ]
      }
    },
    {
      "type": "Feature",
      "properties": {
        "OBJECTID": "106",
        "DepartmentCode": "164701242",
        "KGISVillageID": "424",
        "KGISCode": "29556054488030500000HMPOLPUOFFPOS0001",
        "KGISPOL_STAID": "463",
        "POL_STAName": "Ilakal PS",
        "KGISPSCode": "PS - 463",
        "district": "Bagalkot"
      },
      "geometry": {
        "type": "Point",
        "coordinates": [
          76.1116999999779,
          15.9656960002354
        ]
      }
    },
    {
      "type": "Feature",
      "properties": {
        "OBJECTID": "107",
        "DepartmentCode": "164701260",
        "KGISVillageID": "533",
        "KGISCode": "29556054435984030000HMPOLPUOFFPOS0001",
        "KGISPOL_STAID": "465",
        "POL_STAName": "Teradal PS",
        "KGISPSCode": "PS - 465",
        "district": "Bagalkot"
      },
      "geometry": {
        "type": "Point",
        "coordinates": [
          75.0563049998242,
          16.4954680004363
        ]
      }
    },
    {
      "type": "Feature",
      "properties": {
        "OBJECTID": "108",
        "DepartmentCode": "164701263",
        "KGISVillageID": "281",
        "KGISCode": "29556054445984990000HMPOLPUOFFPOS0001",
        "KGISPOL_STAID": "466",
        "POL_STAName": "Bilagi PS",
        "KGISPSCode": "PS - 466",
        "district": "Bagalkot"
      },
      "geometry": {
        "type": "Point",
        "coordinates": [
          75.6122530000353,
          16.3493239999889
        ]
      }
    },
    {
      "type": "Feature",
      "properties": {
        "OBJECTID": "109",
        "DepartmentCode": "164701251",
        "KGISVillageID": "497",
        "KGISCode": "29556054435984360000HMPOLPUOFFPOS0001",
        "KGISPOL_STAID": "467",
        "POL_STAName": "Jamakhandi Rural PS",
        "KGISPSCode": "PS - 467",
        "district": "Bagalkot"
      },
      "geometry": {
        "type": "Point",
        "coordinates": [
          75.2804450001517,
          16.5094629996778
        ]
      }
    },
    {
      "type": "Feature",
      "properties": {
        "OBJECTID": "110",
        "DepartmentCode": "164701250",
        "KGISVillageID": "497",
        "KGISCode": "29556054435984360000HMPOLPUOFFPOS0002",
        "KGISPOL_STAID": "468",
        "POL_STAName": "Jamakhandi Town PS",
        "KGISPSCode": "PS - 468",
        "district": "Bagalkot"
      },
      "geometry": {
        "type": "Point",
        "coordinates": [
          75.2806300003701,
          16.5105400002348
        ]
      }
    },
    {
      "type": "Feature",
      "properties": {
        "OBJECTID": "111",
        "DepartmentCode": "164701254",
        "KGISVillageID": "552",
        "KGISCode": "29556054435984570000HMPOLPUOFFPOS0001",
        "KGISPOL_STAID": "469",
        "POL_STAName": "Savalgi PS",
        "KGISPSCode": "PS - 469",
        "district": "Bagalkot"
      },
      "geometry": {
        "type": "Point",
        "coordinates": [
          75.3465899995999,
          16.6725900002822
        ]
      }
    },
    {
      "type": "Feature",
      "properties": {
        "OBJECTID": "112",
        "DepartmentCode": "164701256",
        "KGISVillageID": "589",
        "KGISCode": "29556054455986150000HMPOLPUOFFPOS0001",
        "KGISPOL_STAID": "470",
        "POL_STAName": "Lokapur PS",
        "KGISPSCode": "PS - 470",
        "district": "Bagalkot"
      },
      "geometry": {
        "type": "Point",
        "coordinates": [
          75.3671666668059,
          16.1628055563863
        ]
      }
    },
    {
      "type": "Feature",
      "properties": {
        "OBJECTID": "113",
        "DepartmentCode": "164431384",
        "KGISVillageID": "15680",
        "KGISCode": "29572055428031620000HMPOLPUOFFPOS0072",
        "KGISPOL_STAID": "158",
        "POL_STAName": "Tilak Nagar PS",
        "KGISPSCode": "PS - 158",
        "district": "Bangalore"
      },
      "geometry": {
        "type": "Point",
        "coordinates": [
          77.5905730004444,
          12.9283629998263
        ]
      }
    },
    {
      "type": "Feature",
      "properties": {
        "OBJECTID": "114",
        "DepartmentCode": "164431364",
        "KGISVillageID": "15081",
        "KGISCode": "29572055428031620000HMPOLPUOFFPOS0073",
        "KGISPOL_STAID": "159",
        "POL_STAName": "Chamarajpet PS",
        "KGISPSCode": "PS - 159",
        "district": "Bangalore"
      },
      "geometry": {
        "type": "Point",
        "coordinates": [
          77.5670263999736,
          12.9605426996297
        ]
      }
    },
    {
      "type": "Feature",
      "properties": {
        "OBJECTID": "115",
        "DepartmentCode": "164431432",
        "KGISVillageID": "30092",
        "KGISCode": "29572055428031620000HMPOLPUOFFPOS0074",
        "KGISPOL_STAID": "160",
        "POL_STAName": "City Market PS",
        "KGISPSCode": "PS - 160",
        "district": "Bangalore"
      },
      "geometry": {
        "type": "Point",
        "coordinates": [
          77.5761266577661,
          12.964957672278
        ]
      }
    },
    {
      "type": "Feature",
      "properties": {
        "OBJECTID": "116",
        "DepartmentCode": "164431417",
        "KGISVillageID": "30092",
        "KGISCode": "29572055428031620000HMPOLPUOFFPOS0075",
        "KGISPOL_STAID": "161",
        "POL_STAName": "Cottonpet PS",
        "KGISPSCode": "PS - 161",
        "district": "Bangalore"
      },
      "geometry": {
        "type": "Point",
        "coordinates": [
          77.5700979326779,
          12.9680170243514
        ]
      }
    },
    {
      "type": "Feature",
      "properties": {
        "OBJECTID": "117",
        "DepartmentCode": "164431431",
        "KGISVillageID": "30092",
        "KGISCode": "29572055428031620000HMPOLPUOFFPOS0076",
        "KGISPOL_STAID": "162",
        "POL_STAName": "Kalasipalya PS",
        "KGISPSCode": "PS - 162",
        "district": "Bangalore"
      },
      "geometry": {
        "type": "Point",
        "coordinates": [
          77.5773576933696,
          12.9573704167974
        ]
      }
    },
    {
      "type": "Feature",
      "properties": {
        "OBJECTID": "118",
        "DepartmentCode": "164431430",
        "KGISVillageID": "30092",
        "KGISCode": "29572055428031620000HMPOLPUOFFPOS0077",
        "KGISPOL_STAID": "163",
        "POL_STAName": "Upparpet PS",
        "KGISPSCode": "PS - 163",
        "district": "Bangalore"
      },
      "geometry": {
        "type": "Point",
        "coordinates": [
          77.5748211347527,
          12.9744759561439
        ]
      }
    },
    {
      "type": "Feature",
      "properties": {
        "OBJECTID": "119",
        "DepartmentCode": "169771338",
        "KGISVillageID": "29321",
        "KGISCode": "29584056088032400000HMPOLPUOFFPOS0001",
        "KGISPOL_STAID": "235",
        "POL_STAName": "Kanakapura Rural PS",
        "KGISPSCode": "PS - 235",
        "district": "Ramanagara"
      },
      "geometry": {
        "type": "Point",
        "coordinates": [
          77.4244669999111,
          12.5543489999296
        ]
      }
    },
    {
      "type": "Feature",
      "properties": {
        "OBJECTID": "120",
        "DepartmentCode": "169771337",
        "KGISVillageID": "29321",
        "KGISCode": "29584056088032400000HMPOLPUOFFPOS0002",
        "KGISPOL_STAID": "236",
        "POL_STAName": "Kanakapura Town PS",
        "KGISPSCode": "PS - 236",
        "district": "Ramanagara"
      },
      "geometry": {
        "type": "Point",
        "coordinates": [
          77.4226379999284,
          12.5466869996491
        ]
      }
    },
    {
      "type": "Feature",
      "properties": {
        "OBJECTID": "121",
        "DepartmentCode": "169771339",
        "KGISVillageID": "29376",
        "KGISCode": "29584056086266090000HMPOLPUOFFPOS0001",
        "KGISPOL_STAID": "237",
        "POL_STAName": "Kodihalli PS",
        "KGISPSCode": "PS - 237",
        "district": "Ramanagara"
      },
      "geometry": {
        "type": "Point",
        "coordinates": [
          77.494987999852,
          12.4356590001252
        ]
      }
    },
    {
      "type": "Feature",
      "properties": {
        "OBJECTID": "122",
        "DepartmentCode": "169770276",
        "KGISVillageID": "29544",
        "KGISCode": "29584056056260460000HMPOLPUOFFPOS0001",
        "KGISPOL_STAID": "238",
        "POL_STAName": "Kudur PS",
        "KGISPSCode": "PS - 238",
        "district": "Ramanagara"
      },
      "geometry": {
        "type": "Point",
        "coordinates": [
          77.1652650001427,
          13.1070760002698
        ]
      }
    },
    {
      "type": "Feature",
      "properties": {
        "OBJECTID": "123",
        "DepartmentCode": "169772003",
        "KGISVillageID": "15586",
        "KGISCode": "29572055436130620000HMPOLPUOFFPOS0001",
        "KGISPOL_STAID": "239",
        "POL_STAName": "Kumbalagudu PS",
        "KGISPSCode": "PS - 239",
        "district": "Bangalore"
      },
      "geometry": {
        "type": "Point",
        "coordinates": [
          77.4441459996032,
          12.8751639997321
        ]
      }
    },
    {
      "type": "Feature",
      "properties": {
        "OBJECTID": "124",
        "DepartmentCode": "169770285",
        "KGISVillageID": "29165",
        "KGISCode": "29584056076262280000HMPOLPUOFFPOS0001",
        "KGISPOL_STAID": "240",
        "POL_STAName": "M.K. Doddi PS",
        "KGISPSCode": "PS - 240",
        "district": "Ramanagara"
      },
      "geometry": {
        "type": "Point",
        "coordinates": [
          77.1183139998371,
          12.5960290001818
        ]
      }
    },
    {
      "type": "Feature",
      "properties": {
        "OBJECTID": "125",
        "DepartmentCode": "169770275",
        "KGISVillageID": "29683",
        "KGISCode": "29584056058032370000HMPOLPUOFFPOS0001",
        "KGISPOL_STAID": "241",
        "POL_STAName": "Magadi PS",
        "KGISPSCode": "PS - 241",
        "district": "Ramanagara"
      },
      "geometry": {
        "type": "Point",
        "coordinates": [
          77.226469000388,
          12.955223999849
        ]
      }
    },
    {
      "type": "Feature",
      "properties": {
        "OBJECTID": "126",
        "DepartmentCode": "169771344",
        "KGISVillageID": "29968",
        "KGISCode": "29584056068032380000HMPOLPUOFFPOS0003",
        "KGISPOL_STAID": "243",
        "POL_STAName": "Ramanagara Rural PS",
        "KGISPSCode": "PS - 243",
        "district": "Ramanagara"
      },
      "geometry": {
        "type": "Point",
        "coordinates": [
          77.2854290001578,
          12.7297119995962
        ]
      }
    },
    {
      "type": "Feature",
      "properties": {
        "OBJECTID": "127",
        "DepartmentCode": "169771341",
        "KGISVillageID": "29968",
        "KGISCode": "29584056068032380000HMPOLPUOFFPOS0004",
        "KGISPOL_STAID": "244",
        "POL_STAName": "Ramanagara Town PS",
        "KGISPSCode": "PS - 244",
        "district": "Ramanagara"
      },
      "geometry": {
        "type": "Point",
        "coordinates": [
          77.2802889998055,
          12.718978000031
        ]
      }
    },
    {
      "type": "Feature",
      "properties": {
        "OBJECTID": "128",
        "DepartmentCode": "169772208",
        "KGISVillageID": "29968",
        "KGISCode": "29584056068032380000HMPOLPUOFFPOS0005",
        "KGISPOL_STAID": "245",
        "POL_STAName": "Ramanagara Women PS",
        "KGISPSCode": "PS - 245",
        "district": "Ramanagara"
      },
      "geometry": {
        "type": "Point",
        "coordinates": [
          77.2851269495464,
          12.7297692562778
        ]
      }
    },
    {
      "type": "Feature",
      "properties": {
        "OBJECTID": "129",
        "DepartmentCode": "169771340",
        "KGISVillageID": "29470",
        "KGISCode": "29584056086265260000HMPOLPUOFFPOS0001",
        "KGISPOL_STAID": "246",
        "POL_STAName": "Sathanuru PS",
        "KGISPSCode": "PS - 246",
        "district": "Ramanagara"
      },
      "geometry": {
        "type": "Point",
        "coordinates": [
          77.3207669998468,
          12.4524269996001
        ]
      }
    },
    {
      "type": "Feature",
      "properties": {
        "OBJECTID": "130",
        "DepartmentCode": "169770277",
        "KGISVillageID": "15658",
        "KGISCode": "29572055436129790000HMPOLPUOFFPOS0001",
        "KGISPOL_STAID": "247",
        "POL_STAName": "Tavarekere PS",
        "KGISPSCode": "PS - 247",
        "district": "Bangalore"
      },
      "geometry": {
        "type": "Point",
        "coordinates": [
          77.4007709999584,
          12.9662440004315
        ]
      }
    },
    {
      "type": "Feature",
      "properties": {
        "OBJECTID": "131",
        "DepartmentCode": "164641652",
        "KGISVillageID": "14091",
        "KGISCode": "29571055326102140000HMPOLPUOFFPOS0001",
        "KGISPOL_STAID": "248",
        "POL_STAName": "Chikkanayakanahalli PS",
        "KGISPSCode": "PS - 248",
        "district": "Tumkur"
      },
      "geometry": {
        "type": "Point",
        "coordinates": [
          76.6191166667985,
          13.4095833334318
        ]
      }
    },
    {
      "type": "Feature",
      "properties": {
        "OBJECTID": "132",
        "DepartmentCode": "164641801",
        "KGISVillageID": "14141",
        "KGISCode": "29571055326100470000HMPOLPUOFFPOS0001",
        "KGISPOL_STAID": "249",
        "POL_STAName": "Handanakere PS",
        "KGISPSCode": "PS - 249",
        "district": "Tumkur"
      },
      "geometry": {
        "type": "Point",
        "coordinates": [
          76.4472850003111,
          13.502821000084
        ]
      }
    },
    {
      "type": "Feature",
      "properties": {
        "OBJECTID": "133",
        "DepartmentCode": "164431357",
        "KGISVillageID": "30090",
        "KGISCode": "29572055428031620000HMPOLPUOFFPOS0026",
        "KGISPOL_STAID": "107",
        "POL_STAName": "Malleshwarm PS",
        "KGISPSCode": "PS - 107",
        "district": "Bangalore"
      },
      "geometry": {
        "type": "Point",
        "coordinates": [
          77.569587000137,
          12.9966449997394
        ]
      }
    },
    {
      "type": "Feature",
      "properties": {
        "OBJECTID": "134",
        "DepartmentCode": "164431358",
        "KGISVillageID": "15481",
        "KGISCode": "29572055428031620000HMPOLPUOFFPOS0027",
        "KGISPOL_STAID": "108",
        "POL_STAName": "Srirampura PS",
        "KGISPSCode": "PS - 108",
        "district": "Bangalore"
      },
      "geometry": {
        "type": "Point",
        "coordinates": [
          77.5650049998011,
          12.9899929995949
        ]
      }
    },
    {
      "type": "Feature",
      "properties": {
        "OBJECTID": "135",
        "DepartmentCode": "164431361",
        "KGISVillageID": "15481",
        "KGISCode": "29572055428031620000HMPOLPUOFFPOS0028",
        "KGISPOL_STAID": "109",
        "POL_STAName": "Subramanya Nagar PS",
        "KGISPSCode": "PS - 109",
        "district": "Bangalore"
      },
      "geometry": {
        "type": "Point",
        "coordinates": [
          77.5536799999682,
          13.0033419996475
        ]
      }
    },
    {
      "type": "Feature",
      "properties": {
        "OBJECTID": "136",
        "DepartmentCode": "164431360",
        "KGISVillageID": "15481",
        "KGISCode": "29572055428031620000HMPOLPUOFFPOS0029",
        "KGISPOL_STAID": "110",
        "POL_STAName": "Rajajinagar PS",
        "KGISPSCode": "PS - 110",
        "district": "Bangalore"
      },
      "geometry": {
        "type": "Point",
        "coordinates": [
          77.5542170001696,
          12.9946259998528
        ]
      }
    },
    {
      "type": "Feature",
      "properties": {
        "OBJECTID": "137",
        "DepartmentCode": "164431362",
        "KGISVillageID": "15483",
        "KGISCode": "29572055428031620000HMPOLPUOFFPOS0030",
        "KGISPOL_STAID": "111",
        "POL_STAName": "Rajgopal Nagar PS",
        "KGISPSCode": "PS - 111",
        "district": "Bangalore"
      },
      "geometry": {
        "type": "Point",
        "coordinates": [
          77.5135710004188,
          13.017349999738
        ]
      }
    },
    {
      "type": "Feature",
      "properties": {
        "OBJECTID": "138",
        "DepartmentCode": "164431363",
        "KGISVillageID": "15369",
        "KGISCode": "29572055428031620000HMPOLPUOFFPOS0032",
        "KGISPOL_STAID": "113",
        "POL_STAName": "Nandini Layout PS",
        "KGISPSCode": "PS - 113",
        "district": "Bangalore"
      },
      "geometry": {
        "type": "Point",
        "coordinates": [
          77.5367059999833,
          13.0123670002594
        ]
      }
    },
    {
      "type": "Feature",
      "properties": {
        "OBJECTID": "139",
        "DepartmentCode": "164430006",
        "KGISVillageID": "15480",
        "KGISCode": "29572055428031620000HMPOLPUOFFPOS0033",
        "KGISPOL_STAID": "114",
        "POL_STAName": "Yeshwanthapura PS",
        "KGISPSCode": "PS - 114",
        "district": "Bangalore"
      },
      "geometry": {
        "type": "Point",
        "coordinates": [
          77.5580990000111,
          13.018195000432
        ]
      }
    },
    {
      "type": "Feature",
      "properties": {
        "OBJECTID": "140",
        "DepartmentCode": "164431349",
        "KGISVillageID": "15480",
        "KGISCode": "29572055428031620000HMPOLPUOFFPOS0034",
        "KGISPOL_STAID": "115",
        "POL_STAName": "RMC Yard PS, Yeshwanthpura",
        "KGISPSCode": "PS - 115",
        "district": "Bangalore"
      },
      "geometry": {
        "type": "Point",
        "coordinates": [
          77.5499230793907,
          13.023521263115
        ]
      }
    },
    {
      "type": "Feature",
      "properties": {
        "OBJECTID": "141",
        "DepartmentCode": "164431350",
        "KGISVillageID": "15491",
        "KGISCode": "29572055428031620000HMPOLPUOFFPOS0035",
        "KGISPOL_STAID": "116",
        "POL_STAName": "Peenya PS",
        "KGISPSCode": "PS - 116",
        "district": "Bangalore"
      },
      "geometry": {
        "type": "Point",
        "coordinates": [
          77.5211640244163,
          13.0360401362993
        ]
      }
    },
    {
      "type": "Feature",
      "properties": {
        "OBJECTID": "142",
        "DepartmentCode": "164432195",
        "KGISVillageID": "15450",
        "KGISCode": "29572055428031620000HMPOLPUOFFPOS0036",
        "KGISPOL_STAID": "117",
        "POL_STAName": "Bagalgunte PS",
        "KGISPSCode": "PS - 117",
        "district": "Bangalore"
      },
      "geometry": {
        "type": "Point",
        "coordinates": [
          77.5036570001419,
          13.0595489998628
        ]
      }
    },
    {
      "type": "Feature",
      "properties": {
        "OBJECTID": "143",
        "DepartmentCode": "164431348",
        "KGISVillageID": "15449",
        "KGISCode": "29572055428031620000HMPOLPUOFFPOS0037",
        "KGISPOL_STAID": "118",
        "POL_STAName": "Gangammagudi PS",
        "KGISPSCode": "PS - 118",
        "district": "Bangalore"
      },
      "geometry": {
        "type": "Point",
        "coordinates": [
          77.5299849997112,
          13.0721550001859
        ]
      }
    },
    {
      "type": "Feature",
      "properties": {
        "OBJECTID": "144",
        "DepartmentCode": "164430030",
        "KGISVillageID": "15311",
        "KGISCode": "29572055426128790000HMPOLPUOFFPOS0001",
        "KGISPOL_STAID": "119",
        "POL_STAName": "Soladevanahalli PS",
        "KGISPSCode": "PS - 119",
        "district": "Bangalore"
      },
      "geometry": {
        "type": "Point",
        "coordinates": [
          77.489040000408,
          13.0934310001467
        ]
      }
    },
    {
      "type": "Feature",
      "properties": {
        "OBJECTID": "145",
        "DepartmentCode": "164430014",
        "KGISVillageID": "15469",
        "KGISCode": "29572055428031620000HMPOLPUOFFPOS0038",
        "KGISPOL_STAID": "120",
        "POL_STAName": "Jalahalli PS",
        "KGISPSCode": "PS - 120",
        "district": "Bangalore"
      },
      "geometry": {
        "type": "Point",
        "coordinates": [
          77.5495399998899,
          13.0486679996027
        ]
      }
    },
    {
      "type": "Feature",
      "properties": {
        "OBJECTID": "146",
        "DepartmentCode": "164431351",
        "KGISVillageID": "15141",
        "KGISCode": "29572055428031620000HMPOLPUOFFPOS0039",
        "KGISPOL_STAID": "121",
        "POL_STAName": "J.C. NagarPS",
        "KGISPSCode": "PS - 121",
        "district": "Bangalore"
      },
      "geometry": {
        "type": "Point",
        "coordinates": [
          77.5935739997935,
          13.0055789999663
        ]
      }
    },
    {
      "type": "Feature",
      "properties": {
        "OBJECTID": "147",
        "DepartmentCode": "164431352",
        "KGISVillageID": "15098",
        "KGISCode": "29572055428031620000HMPOLPUOFFPOS0040",
        "KGISPOL_STAID": "122",
        "POL_STAName": "R.T. Nagar PS",
        "KGISPSCode": "PS - 122",
        "district": "Bangalore"
      },
      "geometry": {
        "type": "Point",
        "coordinates": [
          77.5931990004551,
          13.0247279997493
        ]
      }
    },
    {
      "type": "Feature",
      "properties": {
        "OBJECTID": "148",
        "DepartmentCode": "164431353",
        "KGISVillageID": "15100",
        "KGISCode": "29572055428031620000HMPOLPUOFFPOS0041",
        "KGISPOL_STAID": "123",
        "POL_STAName": "Sanjay Nagara PS",
        "KGISPSCode": "PS - 123",
        "district": "Bangalore"
      },
      "geometry": {
        "type": "Point",
        "coordinates": [
          77.5757999996612,
          13.0333540002619
        ]
      }
    },
    {
      "type": "Feature",
      "properties": {
        "OBJECTID": "149",
        "DepartmentCode": "164431354",
        "KGISVillageID": "15112",
        "KGISCode": "29572055428031620000HMPOLPUOFFPOS0042",
        "KGISPOL_STAID": "124",
        "POL_STAName": "Hebbal PS",
        "KGISPSCode": "PS - 124",
        "district": "Bangalore"
      },
      "geometry": {
        "type": "Point",
        "coordinates": [
          77.5896609998677,
          13.0383900002421
        ]
      }
    },
    {
      "type": "Feature",
      "properties": {
        "OBJECTID": "150",
        "DepartmentCode": "164431820",
        "KGISVillageID": "20089",
        "KGISCode": "29583056039999990000HMPOLPUOFFPOS0001",
        "KGISPOL_STAID": "125",
        "POL_STAName": "BIAL PS",
        "KGISPSCode": "PS - 125",
        "district": "BangaloreRural"
      },
      "geometry": {
        "type": "Point",
        "coordinates": [
          77.7059880001317,
          13.1991489995673
        ]
      }
    },
    {
      "type": "Feature",
      "properties": {
        "OBJECTID": "151",
        "DepartmentCode": "164430268",
        "KGISVillageID": "15322",
        "KGISCode": "29572055426128970000HMPOLPUOFFPOS0001",
        "KGISPOL_STAID": "126",
        "POL_STAName": "Chikkajala PS",
        "KGISPSCode": "PS - 126",
        "district": "Bangalore"
      },
      "geometry": {
        "type": "Point",
        "coordinates": [
          77.6332139995524,
          13.1732849997572
        ]
      }
    },
    {
      "type": "Feature",
      "properties": {
        "OBJECTID": "152",
        "DepartmentCode": "164430266",
        "KGISVillageID": "20095",
        "KGISCode": "29583056038032350000HMPOLPUOFFPOS0001",
        "KGISPOL_STAID": "127",
        "POL_STAName": "Devanahalli PS",
        "KGISPSCode": "PS - 127",
        "district": "BangaloreRural"
      },
      "geometry": {
        "type": "Point",
        "coordinates": [
          77.7123860001372,
          13.2454360002925
        ]
      }
    },
    {
      "type": "Feature",
      "properties": {
        "OBJECTID": "153",
        "DepartmentCode": "164431818",
        "KGISVillageID": "15390",
        "KGISCode": "29572055428031620000HMPOLPUOFFPOS0043",
        "KGISPOL_STAID": "128",
        "POL_STAName": "Amruthahally PS",
        "KGISPSCode": "PS - 128",
        "district": "Bangalore"
      },
      "geometry": {
        "type": "Point",
        "coordinates": [
          77.5985649995896,
          13.0568580000581
        ]
      }
    },
    {
      "type": "Feature",
      "properties": {
        "OBJECTID": "154",
        "DepartmentCode": "164431875",
        "KGISVillageID": "21419",
        "KGISCode": "29572055428031620000HMPOLPUOFFPOS0044",
        "KGISPOL_STAID": "129",
        "POL_STAName": "Kothanur PS",
        "KGISPSCode": "PS - 129",
        "district": "Bangalore"
      },
      "geometry": {
        "type": "Point",
        "coordinates": [
          77.6464059600349,
          13.0555134900539
        ]
      }
    },
    {
      "type": "Feature",
      "properties": {
        "OBJECTID": "155",
        "DepartmentCode": "164431874",
        "KGISVillageID": "15426",
        "KGISCode": "29572055428031620000HMPOLPUOFFPOS0045",
        "KGISPOL_STAID": "130",
        "POL_STAName": "Sampigehalli PS",
        "KGISPSCode": "PS - 130",
        "district": "Bangalore"
      },
      "geometry": {
        "type": "Point",
        "coordinates": [
          77.6333430004523,
          13.0753290001411
        ]
      }
    },
    {
      "type": "Feature",
      "properties": {
        "OBJECTID": "156",
        "DepartmentCode": "164431873",
        "KGISVillageID": "15413",
        "KGISCode": "29572055428031620000HMPOLPUOFFPOS0046",
        "KGISPOL_STAID": "131",
        "POL_STAName": "Kodigehalli PS",
        "KGISPSCode": "PS - 131",
        "district": "Bangalore"
      },
      "geometry": {
        "type": "Point",
        "coordinates": [
          77.5740659996586,
          13.0621039996126
        ]
      }
    },
    {
      "type": "Feature",
      "properties": {
        "OBJECTID": "157",
        "DepartmentCode": "164431356",
        "KGISVillageID": "15447",
        "KGISCode": "29572055428031620000HMPOLPUOFFPOS0047",
        "KGISPOL_STAID": "132",
        "POL_STAName": "Yelahanka New Town PS",
        "KGISPSCode": "PS - 132",
        "district": "Bangalore"
      },
      "geometry": {
        "type": "Point",
        "coordinates": [
          77.5838171135637,
          13.0999964496935
        ]
      }
    },
    {
      "type": "Feature",
      "properties": {
        "OBJECTID": "158",
        "DepartmentCode": "164431355",
        "KGISVillageID": "15447",
        "KGISCode": "29572055428031620000HMPOLPUOFFPOS0048",
        "KGISPOL_STAID": "133",
        "POL_STAName": "Yelahanka PS",
        "KGISPSCode": "PS - 133",
        "district": "Bangalore"
      },
      "geometry": {
        "type": "Point",
        "coordinates": [
          77.594093907309,
          13.0948982140093
        ]
      }
    },
    {
      "type": "Feature",
      "properties": {
        "OBJECTID": "159",
        "DepartmentCode": "164431375",
        "KGISVillageID": "15721",
        "KGISCode": "29572055428031620000HMPOLPUOFFPOS0049",
        "KGISPOL_STAID": "134",
        "POL_STAName": "Banashankari PS",
        "KGISPSCode": "PS - 134",
        "district": "Bangalore"
      },
      "geometry": {
        "type": "Point",
        "coordinates": [
          77.5679710003444,
          12.9292740000901
        ]
      }
    },
    {
      "type": "Feature",
      "properties": {
        "OBJECTID": "160",
        "DepartmentCode": "164431376",
        "KGISVillageID": "30092",
        "KGISCode": "29572055428031620000HMPOLPUOFFPOS0050",
        "KGISPOL_STAID": "135",
        "POL_STAName": "Basavanagudi PS",
        "KGISPSCode": "PS - 135",
        "district": "Bangalore"
      },
      "geometry": {
        "type": "Point",
        "coordinates": [
          77.5742406181053,
          12.9419994209918
        ]
      }
    },
    {
      "type": "Feature",
      "properties": {
        "OBJECTID": "161",
        "DepartmentCode": "164431372",
        "KGISVillageID": "15720",
        "KGISCode": "29572055428031620000HMPOLPUOFFPOS0051",
        "KGISPOL_STAID": "136",
        "POL_STAName": "Jayanagar PS",
        "KGISPSCode": "PS - 136",
        "district": "Bangalore"
      },
      "geometry": {
        "type": "Point",
        "coordinates": [
          77.5813879997279,
          12.9285749996732
        ]
      }
    },
    {
      "type": "Feature",
      "properties": {
        "OBJECTID": "162",
        "DepartmentCode": "164431373",
        "KGISVillageID": "15707",
        "KGISCode": "29572055428031620000HMPOLPUOFFPOS0052",
        "KGISPOL_STAID": "137",
        "POL_STAName": "Jayaprakash Nagar PS",
        "KGISPSCode": "PS - 137",
        "district": "Bangalore"
      },
      "geometry": {
        "type": "Point",
        "coordinates": [
          77.5876000003785,
          12.9118000000068
        ]
      }
    },
    {
      "type": "Feature",
      "properties": {
        "OBJECTID": "163",
        "DepartmentCode": "164431385",
        "KGISVillageID": "15153",
        "KGISCode": "29572055428031620000HMPOLPUOFFPOS0053",
        "KGISPOL_STAID": "138",
        "POL_STAName": "Siddapura PS",
        "KGISPSCode": "PS - 138",
        "district": "Bangalore"
      },
      "geometry": {
        "type": "Point",
        "coordinates": [
          77.5941780002841,
          12.9396290002763
        ]
      }
    },
    {
      "type": "Feature",
      "properties": {
        "OBJECTID": "164",
        "DepartmentCode": "164431377",
        "KGISVillageID": "15721",
        "KGISCode": "29572055428031620000HMPOLPUOFFPOS0054",
        "KGISPOL_STAID": "139",
        "POL_STAName": "Basavanagudi Women PS",
        "KGISPSCode": "PS - 139",
        "district": "Bangalore"
      },
      "geometry": {
        "type": "Point",
        "coordinates": [
          77.5678107000166,
          12.9290081004219
        ]
      }
    },
    {
      "type": "Feature",
      "properties": {
        "OBJECTID": "165",
        "DepartmentCode": "164432202",
        "KGISVillageID": "15703",
        "KGISCode": "29572055428031620000HMPOLPUOFFPOS0055",
        "KGISPOL_STAID": "140",
        "POL_STAName": "Konanakunte PS",
        "KGISPSCode": "PS - 140",
        "district": "Bangalore"
      },
      "geometry": {
        "type": "Point",
        "coordinates": [
          77.56640799997,
          12.8839319997207
        ]
      }
    },
    {
      "type": "Feature",
      "properties": {
        "OBJECTID": "166",
        "DepartmentCode": "164431378",
        "KGISVillageID": "15696",
        "KGISCode": "29572055428031620000HMPOLPUOFFPOS0056",
        "KGISPOL_STAID": "141",
        "POL_STAName": "Kumaraswamy Layout PS",
        "KGISPSCode": "PS - 141",
        "district": "Bangalore"
      },
      "geometry": {
        "type": "Point",
        "coordinates": [
          77.5632979997497,
          12.9053291296562
        ]
      }
    },
    {
      "type": "Feature",
      "properties": {
        "OBJECTID": "167",
        "DepartmentCode": "164432203",
        "KGISVillageID": "15711",
        "KGISCode": "29572055428031620000HMPOLPUOFFPOS0057",
        "KGISPOL_STAID": "142",
        "POL_STAName": "Puttenahalli PS",
        "KGISPSCode": "PS - 142",
        "district": "Bangalore"
      },
      "geometry": {
        "type": "Point",
        "coordinates": [
          77.5819750000366,
          12.9024027782159
        ]
      }
    },
    {
      "type": "Feature",
      "properties": {
        "OBJECTID": "168",
        "DepartmentCode": "164431379",
        "KGISVillageID": "15717",
        "KGISCode": "29572055428031620000HMPOLPUOFFPOS0058",
        "KGISPOL_STAID": "143",
        "POL_STAName": "Subramanyapura PS",
        "KGISPSCode": "PS - 143",
        "district": "Bangalore"
      },
      "geometry": {
        "type": "Point",
        "coordinates": [
          77.5443170617634,
          12.901203319357
        ]
      }
    },
    {
      "type": "Feature",
      "properties": {
        "OBJECTID": "169",
        "DepartmentCode": "164431347",
        "KGISVillageID": "15713",
        "KGISCode": "29572055428031620000HMPOLPUOFFPOS0059",
        "KGISPOL_STAID": "144",
        "POL_STAName": "Thalaghattapura PS",
        "KGISPSCode": "PS - 144",
        "district": "Bangalore"
      },
      "geometry": {
        "type": "Point",
        "coordinates": [
          77.5362860003164,
          12.8690240001717
        ]
      }
    },
    {
      "type": "Feature",
      "properties": {
        "OBJECTID": "170",
        "DepartmentCode": "164431365",
        "KGISVillageID": "30092",
        "KGISCode": "29572055428031620000HMPOLPUOFFPOS0060",
        "KGISPOL_STAID": "145",
        "POL_STAName": "V.V. Puram PS",
        "KGISPSCode": "PS - 145",
        "district": "Bangalore"
      },
      "geometry": {
        "type": "Point",
        "coordinates": [
          77.5722658495622,
          12.9596195803045
        ]
      }
    },
    {
      "type": "Feature",
      "properties": {
        "OBJECTID": "171",
        "DepartmentCode": "164431797",
        "KGISVillageID": "15698",
        "KGISCode": "29572055428031620000HMPOLPUOFFPOS0061",
        "KGISPOL_STAID": "146",
        "POL_STAName": "Channammanakere Achu Kattu PS",
        "KGISPSCode": "PS - 146",
        "district": "Bangalore"
      },
      "geometry": {
        "type": "Point",
        "coordinates": [
          77.560604590239,
          12.9301162396181
        ]
      }
    },
    {
      "type": "Feature",
      "properties": {
        "OBJECTID": "172",
        "DepartmentCode": "164431367",
        "KGISVillageID": "15099",
        "KGISCode": "29572055428031620000HMPOLPUOFFPOS0062",
        "KGISPOL_STAID": "147",
        "POL_STAName": "Kempegowda Nagar PS",
        "KGISPSCode": "PS - 147",
        "district": "Bangalore"
      },
      "geometry": {
        "type": "Point",
        "coordinates": [
          77.5631800000979,
          12.9491600000604
        ]
      }
    },
    {
      "type": "Feature",
      "properties": {
        "OBJECTID": "173",
        "DepartmentCode": "164431368",
        "KGISVillageID": "15688",
        "KGISCode": "29572055428031620000HMPOLPUOFFPOS0063",
        "KGISPOL_STAID": "148",
        "POL_STAName": "Girinagar PS",
        "KGISPSCode": "PS - 148",
        "district": "Bangalore"
      },
      "geometry": {
        "type": "Point",
        "coordinates": [
          77.5438999998846,
          12.9360000002911
        ]
      }
    },
    {
      "type": "Feature",
      "properties": {
        "OBJECTID": "174",
        "DepartmentCode": "164432193",
        "KGISVillageID": "15549",
        "KGISCode": "29572055428031620000HMPOLPUOFFPOS0064",
        "KGISPOL_STAID": "149",
        "POL_STAName": "Bandepalya PS",
        "KGISPSCode": "PS - 149",
        "district": "Bangalore"
      },
      "geometry": {
        "type": "Point",
        "coordinates": [
          77.6415333333942,
          12.9056000003551
        ]
      }
    },
    {
      "type": "Feature",
      "properties": {
        "OBJECTID": "175",
        "DepartmentCode": "164432188",
        "KGISVillageID": "15488",
        "KGISCode": "29572055428031620000HMPOLPUOFFPOS0078",
        "KGISPOL_STAID": "164",
        "POL_STAName": "Annapoorneshwari Nagar PS",
        "KGISPSCode": "PS - 164",
        "district": "Bangalore"
      },
      "geometry": {
        "type": "Point",
        "coordinates": [
          77.5127363002522,
          12.9764945003794
        ]
      }
    },
    {
      "type": "Feature",
      "properties": {
        "OBJECTID": "176",
        "DepartmentCode": "164431418",
        "KGISVillageID": "15084",
        "KGISCode": "29572055428031620000HMPOLPUOFFPOS0079",
        "KGISPOL_STAID": "165",
        "POL_STAName": "Byatarayanapura PS",
        "KGISPSCode": "PS - 165",
        "district": "Bangalore"
      },
      "geometry": {
        "type": "Point",
        "coordinates": [
          77.5401247181361,
          12.9513964930184
        ]
      }
    },
    {
      "type": "Feature",
      "properties": {
        "OBJECTID": "177",
        "DepartmentCode": "164431420",
        "KGISVillageID": "15116",
        "KGISCode": "29572055428031620000HMPOLPUOFFPOS0080",
        "KGISPOL_STAID": "166",
        "POL_STAName": "Chandra Layout PS",
        "KGISPSCode": "PS - 166",
        "district": "Bangalore"
      },
      "geometry": {
        "type": "Point",
        "coordinates": [
          77.5283954172681,
          12.9588991588048
        ]
      }
    },
    {
      "type": "Feature",
      "properties": {
        "OBJECTID": "178",
        "DepartmentCode": "164431421",
        "KGISVillageID": "15081",
        "KGISCode": "29572055428031620000HMPOLPUOFFPOS0081",
        "KGISPOL_STAID": "167",
        "POL_STAName": "Jagajeevanram Nagar PS",
        "KGISPSCode": "PS - 167",
        "district": "Bangalore"
      },
      "geometry": {
        "type": "Point",
        "coordinates": [
          77.5550759389811,
          12.964081607397
        ]
      }
    },
    {
      "type": "Feature",
      "properties": {
        "OBJECTID": "179",
        "DepartmentCode": "164431422",
        "KGISVillageID": "15486",
        "KGISCode": "29572055428031620000HMPOLPUOFFPOS0082",
        "KGISPOL_STAID": "168",
        "POL_STAName": "Jnanabharathi PS",
        "KGISPSCode": "PS - 168",
        "district": "Bangalore"
      },
      "geometry": {
        "type": "Point",
        "coordinates": [
          77.5002666799548,
          12.9505529290118
        ]
      }
    },
    {
      "type": "Feature",
      "properties": {
        "OBJECTID": "180",
        "DepartmentCode": "164431423",
        "KGISVillageID": "15582",
        "KGISCode": "29572055428031620000HMPOLPUOFFPOS0083",
        "KGISPOL_STAID": "169",
        "POL_STAName": "Kengeri PS",
        "KGISPSCode": "PS - 169",
        "district": "Bangalore"
      },
      "geometry": {
        "type": "Point",
        "coordinates": [
          77.4815711889913,
          12.9104775156184
        ]
      }
    },
    {
      "type": "Feature",
      "properties": {
        "OBJECTID": "181",
        "DepartmentCode": "164431877",
        "KGISVillageID": "15570",
        "KGISCode": "29572055428031620000HMPOLPUOFFPOS0084",
        "KGISPOL_STAID": "170",
        "POL_STAName": "Rajarajeshwari Nagar PS",
        "KGISPSCode": "PS - 170",
        "district": "Bangalore"
      },
      "geometry": {
        "type": "Point",
        "coordinates": [
          77.5206330486244,
          12.9128403426384
        ]
      }
    },
    {
      "type": "Feature",
      "properties": {
        "OBJECTID": "182",
        "DepartmentCode": "164431426",
        "KGISVillageID": "15470",
        "KGISCode": "29572055428031620000HMPOLPUOFFPOS0085",
        "KGISPOL_STAID": "171",
        "POL_STAName": "Basaveshwara Nagar PS",
        "KGISPSCode": "PS - 171",
        "district": "Bangalore"
      },
      "geometry": {
        "type": "Point",
        "coordinates": [
          77.542571994291,
          12.9853070014035
        ]
      }
    },
    {
      "type": "Feature",
      "properties": {
        "OBJECTID": "183",
        "DepartmentCode": "164431428",
        "KGISVillageID": "15494",
        "KGISCode": "29572055428031620000HMPOLPUOFFPOS0086",
        "KGISPOL_STAID": "172",
        "POL_STAName": "Kamakshipalya PS",
        "KGISPSCode": "PS - 172",
        "district": "Bangalore"
      },
      "geometry": {
        "type": "Point",
        "coordinates": [
          77.5320189022735,
          12.9822236602558
        ]
      }
    },
    {
      "type": "Feature",
      "properties": {
        "OBJECTID": "184",
        "DepartmentCode": "164431427",
        "KGISVillageID": "15116",
        "KGISCode": "29572055428031620000HMPOLPUOFFPOS0087",
        "KGISPOL_STAID": "173",
        "POL_STAName": "Kempapura Agrahara PS",
        "KGISPSCode": "PS - 173",
        "district": "Bangalore"
      },
      "geometry": {
        "type": "Point",
        "coordinates": [
          77.5615773208425,
          12.9725125392007
        ]
      }
    },
    {
      "type": "Feature",
      "properties": {
        "OBJECTID": "185",
        "DepartmentCode": "164431425",
        "KGISVillageID": "15116",
        "KGISCode": "29572055428031620000HMPOLPUOFFPOS0088",
        "KGISPOL_STAID": "174",
        "POL_STAName": "Magadi Road PS",
        "KGISPSCode": "PS - 174",
        "district": "Bangalore"
      },
      "geometry": {
        "type": "Point",
        "coordinates": [
          77.5501698999891,
          12.9755660999865
        ]
      }
    },
    {
      "type": "Feature",
      "properties": {
        "OBJECTID": "186",
        "DepartmentCode": "164431424",
        "KGISVillageID": "15116",
        "KGISCode": "29572055428031620000HMPOLPUOFFPOS0089",
        "KGISPOL_STAID": "175",
        "POL_STAName": "Vijayanagar PS",
        "KGISPSCode": "PS - 175",
        "district": "Bangalore"
      },
      "geometry": {
        "type": "Point",
        "coordinates": [
          77.538467437727,
          12.9723502644423
        ]
      }
    },
    {
      "type": "Feature",
      "properties": {
        "OBJECTID": "187",
        "DepartmentCode": "169760833",
        "KGISVillageID": "25564",
        "KGISCode": "29582055966235540000HMPOLPUOFFPOS0001",
        "KGISPOL_STAID": "176",
        "POL_STAName": "Chikkaballapura Town PS",
        "KGISPSCode": "PS - 176",
        "district": "Chikballapura"
      },
      "geometry": {
        "type": "Point",
        "coordinates": [
          77.7238969999589,
          13.4377180003861
        ]
      }
    },
    {
      "type": "Feature",
      "properties": {
        "OBJECTID": "188",
        "DepartmentCode": "169760834",
        "KGISVillageID": "25588",
        "KGISCode": "29582055968032270000HMPOLPUOFFPOS0001",
        "KGISPOL_STAID": "177",
        "POL_STAName": "Chikkaballapura Rural PS",
        "KGISPSCode": "PS - 177",
        "district": "Chikballapura"
      },
      "geometry": {
        "type": "Point",
        "coordinates": [
          77.7296819999364,
          13.4360050000193
        ]
      }
    },
    {
      "type": "Feature",
      "properties": {
        "OBJECTID": "189",
        "DepartmentCode": "169762157",
        "KGISVillageID": "25564",
        "KGISCode": "29582055966235540000HMPOLPUOFFPOS0002",
        "KGISPOL_STAID": "178",
        "POL_STAName": "Chikkaballapura Women PS",
        "KGISPSCode": "PS - 178",
        "district": "Chikballapura"
      },
      "geometry": {
        "type": "Point",
        "coordinates": [
          77.7238969999589,
          13.4377180003861
        ]
      }
    },
    {
      "type": "Feature",
      "properties": {
        "OBJECTID": "190",
        "DepartmentCode": "169762129",
        "KGISVillageID": "30460",
        "KGISCode": "29582055966236360000HMPOLPUOFFPOS0001",
        "KGISPOL_STAID": "179",
        "POL_STAName": "Nandi Girighama PS",
        "KGISPSCode": "PS - 179",
        "district": "Chikballapura"
      },
      "geometry": {
        "type": "Point",
        "coordinates": [
          77.7251440242926,
          13.3781418841915
        ]
      }
    },
    {
      "type": "Feature",
      "properties": {
        "OBJECTID": "191",
        "DepartmentCode": "169762152",
        "KGISVillageID": "25588",
        "KGISCode": "29582055968032270000HMPOLPUOFFPOS0002",
        "KGISPOL_STAID": "180",
        "POL_STAName": "Chikkaballapura CEN Crime PS",
        "KGISPSCode": "PS - 180",
        "district": "Chikballapura"
      },
      "geometry": {
        "type": "Point",
        "coordinates": [
          77.7297249997124,
          13.4403560004129
        ]
      }
    },
    {
      "type": "Feature",
      "properties": {
        "OBJECTID": "192",
        "DepartmentCode": "169760836",
        "KGISVillageID": "25674",
        "KGISCode": "29582055956232660000HMPOLPUOFFPOS0001",
        "KGISPOL_STAID": "181",
        "POL_STAName": "Gowribidanur Town PS",
        "KGISPSCode": "PS - 181",
        "district": "Chikballapura"
      },
      "geometry": {
        "type": "Point",
        "coordinates": [
          77.5199157620995,
          13.6082518915949
        ]
      }
    },
    {
      "type": "Feature",
      "properties": {
        "OBJECTID": "193",
        "DepartmentCode": "164390156",
        "KGISVillageID": "7922",
        "KGISCode": "29564054896038790000HMPOLPUOFFPOS0001",
        "KGISPOL_STAID": "341",
        "POL_STAName": "Tadas PS",
        "KGISPSCode": "PS - 341",
        "district": "Haveri"
      },
      "geometry": {
        "type": "Point",
        "coordinates": [
          75.1241989997586,
          15.1246640001089
        ]
      }
    },
    {
      "type": "Feature",
      "properties": {
        "OBJECTID": "194",
        "DepartmentCode": "169711686",
        "KGISVillageID": "31496",
        "KGISCode": "29562054738030830000HMPOLPUOFFPOS0001",
        "KGISPOL_STAID": "342",
        "POL_STAName": "Dharwad Sub Urban PS",
        "KGISPSCode": "PS - 342",
        "district": "Dharwad"
      },
      "geometry": {
        "type": "Point",
        "coordinates": [
          74.9978580000498,
          15.4645530001277
        ]
      }
    },
    {
      "type": "Feature",
      "properties": {
        "OBJECTID": "195",
        "DepartmentCode": "169710081",
        "KGISVillageID": "31496",
        "KGISCode": "29562054738030830000HMPOLPUOFFPOS0002",
        "KGISPOL_STAID": "343",
        "POL_STAName": "Dharwad Town PS",
        "KGISPSCode": "PS - 343",
        "district": "Dharwad"
      },
      "geometry": {
        "type": "Point",
        "coordinates": [
          75.0112029995962,
          15.4588490003728
        ]
      }
    },
    {
      "type": "Feature",
      "properties": {
        "OBJECTID": "196",
        "DepartmentCode": "169711687",
        "KGISVillageID": "6559",
        "KGISCode": "29562054738030830000HMPOLPUOFFPOS0003",
        "KGISPOL_STAID": "344",
        "POL_STAName": "Vidyagiri PS",
        "KGISPSCode": "PS - 344",
        "district": "Dharwad"
      },
      "geometry": {
        "type": "Point",
        "coordinates": [
          75.0113909995813,
          15.4390219996846
        ]
      }
    },
    {
      "type": "Feature",
      "properties": {
        "OBJECTID": "197",
        "DepartmentCode": "169711901",
        "KGISVillageID": "6664",
        "KGISCode": "29562054758030830000HMPOLPUOFFPOS0001",
        "KGISPOL_STAID": "345",
        "POL_STAName": "APMC Navanagar",
        "KGISPSCode": "PS - 345",
        "district": "Dharwad"
      },
      "geometry": {
        "type": "Point",
        "coordinates": [
          75.0815680002809,
          15.3927790001568
        ]
      }
    },
    {
      "type": "Feature",
      "properties": {
        "OBJECTID": "198",
        "DepartmentCode": "169711935",
        "KGISVillageID": "6685",
        "KGISCode": "29562054758030830000HMPOLPUOFFPOS0002",
        "KGISPOL_STAID": "346",
        "POL_STAName": "Ashoknagar PS",
        "KGISPSCode": "PS - 346",
        "district": "Dharwad"
      },
      "geometry": {
        "type": "Point",
        "coordinates": [
          75.1318450001869,
          15.3689909999987
        ]
      }
    },
    {
      "type": "Feature",
      "properties": {
        "OBJECTID": "199",
        "DepartmentCode": "169710071",
        "KGISVillageID": "31497",
        "KGISCode": "29562054758030830000HMPOLPUOFFPOS0003",
        "KGISPOL_STAID": "347",
        "POL_STAName": "Gokul Road PS",
        "KGISPSCode": "PS - 347",
        "district": "Dharwad"
      },
      "geometry": {
        "type": "Point",
        "coordinates": [
          75.1143060001498,
          15.3508060001786
        ]
      }
    },
    {
      "type": "Feature",
      "properties": {
        "OBJECTID": "200",
        "DepartmentCode": "169710070",
        "KGISVillageID": "6689",
        "KGISCode": "29562054758030830000HMPOLPUOFFPOS0004",
        "KGISPOL_STAID": "348",
        "POL_STAName": "Hubballi SubUrban PS",
        "KGISPSCode": "PS - 348",
        "district": "Dharwad"
      },
      "geometry": {
        "type": "Point",
        "coordinates": [
          75.1392599995464,
          15.3506379996766
        ]
      }
    },
    {
      "type": "Feature",
      "properties": {
        "OBJECTID": "201",
        "DepartmentCode": "169710072",
        "KGISVillageID": "6689",
        "KGISCode": "29562054758030830000HMPOLPUOFFPOS0005",
        "KGISPOL_STAID": "349",
        "POL_STAName": "Kamaripeth PS",
        "KGISPSCode": "PS - 349",
        "district": "Dharwad"
      },
      "geometry": {
        "type": "Point",
        "coordinates": [
          75.1367809996668,
          15.3446010003017
        ]
      }
    },
    {
      "type": "Feature",
      "properties": {
        "OBJECTID": "202",
        "DepartmentCode": "169710073",
        "KGISVillageID": "6680",
        "KGISCode": "29562054758030830000HMPOLPUOFFPOS0006",
        "KGISPOL_STAID": "350",
        "POL_STAName": "Keshavapur PS",
        "KGISPSCode": "PS - 350",
        "district": "Dharwad"
      },
      "geometry": {
        "type": "Point",
        "coordinates": [
          75.1624750001726,
          15.360279000391
        ]
      }
    },
    {
      "type": "Feature",
      "properties": {
        "OBJECTID": "203",
        "DepartmentCode": "169710074",
        "KGISVillageID": "6683",
        "KGISCode": "29562054758030830000HMPOLPUOFFPOS0007",
        "KGISPOL_STAID": "351",
        "POL_STAName": "Vidyanagar PS",
        "KGISPSCode": "PS - 351",
        "district": "Dharwad"
      },
      "geometry": {
        "type": "Point",
        "coordinates": [
          75.126308999681,
          15.3636109998313
        ]
      }
    },
    {
      "type": "Feature",
      "properties": {
        "OBJECTID": "204",
        "DepartmentCode": "169710079",
        "KGISVillageID": "6668",
        "KGISCode": "29562054756023840000HMPOLPUOFFPOS0001",
        "KGISPOL_STAID": "353",
        "POL_STAName": "Bendigeri PS",
        "KGISPSCode": "PS - 353",
        "district": "Dharwad"
      },
      "geometry": {
        "type": "Point",
        "coordinates": [
          75.1503440003866,
          15.3425479998105
        ]
      }
    },
    {
      "type": "Feature",
      "properties": {
        "OBJECTID": "205",
        "DepartmentCode": "169710077",
        "KGISVillageID": "6689",
        "KGISCode": "29562054758030830000HMPOLPUOFFPOS0009",
        "KGISPOL_STAID": "354",
        "POL_STAName": "Ghantikeri PS",
        "KGISPSCode": "PS - 354",
        "district": "Dharwad"
      },
      "geometry": {
        "type": "Point",
        "coordinates": [
          75.1418870001519,
          15.341193000208
        ]
      }
    },
    {
      "type": "Feature",
      "properties": {
        "OBJECTID": "206",
        "DepartmentCode": "169710076",
        "KGISVillageID": "6689",
        "KGISCode": "29562054758030830000HMPOLPUOFFPOS0010",
        "KGISPOL_STAID": "355",
        "POL_STAName": "Hubballi Town PS",
        "KGISPSCode": "PS - 355",
        "district": "Dharwad"
      },
      "geometry": {
        "type": "Point",
        "coordinates": [
          75.1430040002625,
          15.3451650000085
        ]
      }
    },
    {
      "type": "Feature",
      "properties": {
        "OBJECTID": "207",
        "DepartmentCode": "169710080",
        "KGISVillageID": "6689",
        "KGISCode": "29562054758030830000HMPOLPUOFFPOS0011",
        "KGISPOL_STAID": "356",
        "POL_STAName": "Kasabapeth PS",
        "KGISPSCode": "PS - 356",
        "district": "Dharwad"
      },
      "geometry": {
        "type": "Point",
        "coordinates": [
          75.1331909999777,
          15.3370160000167
        ]
      }
    },
    {
      "type": "Feature",
      "properties": {
        "OBJECTID": "208",
        "DepartmentCode": "169710078",
        "KGISVillageID": "6658",
        "KGISCode": "29562054758030830000HMPOLPUOFFPOS0012",
        "KGISPOL_STAID": "357",
        "POL_STAName": "Old Hubli PS",
        "KGISPSCode": "PS - 357",
        "district": "Dharwad"
      },
      "geometry": {
        "type": "Point",
        "coordinates": [
          75.1269729996517,
          15.3367220003203
        ]
      }
    },
    {
      "type": "Feature",
      "properties": {
        "OBJECTID": "209",
        "DepartmentCode": "164461474",
        "KGISVillageID": "1941",
        "KGISCode": "29558054568030590000HMPOLPUOFFPOS0001",
        "KGISPOL_STAID": "358",
        "POL_STAName": "Aurad PS",
        "KGISPSCode": "PS - 358",
        "district": "Bidar"
      },
      "geometry": {
        "type": "Point",
        "coordinates": [
          77.4122979997886,
          18.2490299998802
        ]
      }
    },
    {
      "type": "Feature",
      "properties": {
        "OBJECTID": "210",
        "DepartmentCode": "164461476",
        "KGISVillageID": "1976",
        "KGISCode": "29558054566000730000HMPOLPUOFFPOS0001",
        "KGISPOL_STAID": "359",
        "POL_STAName": "Chintaki PS",
        "KGISPSCode": "PS - 359",
        "district": "Bidar"
      },
      "geometry": {
        "type": "Point",
        "coordinates": [
          77.5467750003733,
          18.268915000167
        ]
      }
    },
    {
      "type": "Feature",
      "properties": {
        "OBJECTID": "211",
        "DepartmentCode": "164461921",
        "KGISVillageID": "2004",
        "KGISCode": "29558054565999730000HMPOLPUOFFPOS0001",
        "KGISPOL_STAID": "360",
        "POL_STAName": "Hokrana PS",
        "KGISPSCode": "PS - 360",
        "district": "Bidar"
      },
      "geometry": {
        "type": "Point",
        "coordinates": [
          77.3288899995648,
          18.3845760000993
        ]
      }
    },
    {
      "type": "Feature",
      "properties": {
        "OBJECTID": "212",
        "DepartmentCode": "164461475",
        "KGISVillageID": "2058",
        "KGISCode": "29558054566000970000HMPOLPUOFFPOS0001",
        "KGISPOL_STAID": "361",
        "POL_STAName": "Shanthapur PS",
        "KGISPSCode": "PS - 361",
        "district": "Bidar"
      },
      "geometry": {
        "type": "Point",
        "coordinates": [
          77.4363539998982,
          18.1602799999964
        ]
      }
    },
    {
      "type": "Feature",
      "properties": {
        "OBJECTID": "213",
        "DepartmentCode": "164460390",
        "KGISVillageID": "30106",
        "KGISCode": "29558054558030580000HMPOLPUOFFPOS0001",
        "KGISPOL_STAID": "362",
        "POL_STAName": "Bhalki Rural PS",
        "KGISPSCode": "PS - 362",
        "district": "Bidar"
      },
      "geometry": {
        "type": "Point",
        "coordinates": [
          77.2104150002743,
          18.0434870002126
        ]
      }
    },
    {
      "type": "Feature",
      "properties": {
        "OBJECTID": "214",
        "DepartmentCode": "164460392",
        "KGISVillageID": "2230",
        "KGISCode": "29558054555999570000HMPOLPUOFFPOS0001",
        "KGISPOL_STAID": "363",
        "POL_STAName": "Dhannura PS",
        "KGISPSCode": "PS - 363",
        "district": "Bidar"
      },
      "geometry": {
        "type": "Point",
        "coordinates": [
          77.338002999975,
          17.9584419999459
        ]
      }
    },
    {
      "type": "Feature",
      "properties": {
        "OBJECTID": "215",
        "DepartmentCode": "164460391",
        "KGISVillageID": "2260",
        "KGISCode": "29558054555999410000HMPOLPUOFFPOS0001",
        "KGISPOL_STAID": "364",
        "POL_STAName": "Khataka Chincholi PS",
        "KGISPSCode": "PS - 364",
        "district": "Bidar"
      },
      "geometry": {
        "type": "Point",
        "coordinates": [
          77.2040699999815,
          17.8966649996622
        ]
      }
    },
    {
      "type": "Feature",
      "properties": {
        "OBJECTID": "216",
        "DepartmentCode": "164462130",
        "KGISVillageID": "2329",
        "KGISCode": "29558054555998450000HMPOLPUOFFPOS0001",
        "KGISPOL_STAID": "365",
        "POL_STAName": "Mehakar PS",
        "KGISPSCode": "PS - 365",
        "district": "Bidar"
      },
      "geometry": {
        "type": "Point",
        "coordinates": [
          77.0188169995521,
          18.1011150004082
        ]
      }
    },
    {
      "type": "Feature",
      "properties": {
        "OBJECTID": "217",
        "DepartmentCode": "164461477",
        "KGISVillageID": "30106",
        "KGISCode": "29558054558030580000HMPOLPUOFFPOS0002",
        "KGISPOL_STAID": "366",
        "POL_STAName": "Bhalki Town PS",
        "KGISPSCode": "PS - 366",
        "district": "Bidar"
      },
      "geometry": {
        "type": "Point",
        "coordinates": [
          77.2149860002005,
          18.0464960002772
        ]
      }
    },
    {
      "type": "Feature",
      "properties": {
        "OBJECTID": "218",
        "DepartmentCode": "164460394",
        "KGISVillageID": "2027",
        "KGISCode": "29558054566001200000HMPOLPUOFFPOS0001",
        "KGISPOL_STAID": "367",
        "POL_STAName": "Kamalanagar PS",
        "KGISPSCode": "PS - 367",
        "district": "Bidar"
      },
      "geometry": {
        "type": "Point",
        "coordinates": [
          77.1776990000195,
          18.2358999998793
        ]
      }
    },
    {
      "type": "Feature",
      "properties": {
        "OBJECTID": "219",
        "DepartmentCode": "164460395",
        "KGISVillageID": "2089",
        "KGISCode": "29558054566000290000HMPOLPUOFFPOS0001",
        "KGISPOL_STAID": "368",
        "POL_STAName": "Kushnoor PS",
        "KGISPSCode": "PS - 368",
        "district": "Bidar"
      },
      "geometry": {
        "type": "Point",
        "coordinates": [
          77.3285549999694,
          18.1549650003881
        ]
      }
    },
    {
      "type": "Feature",
      "properties": {
        "OBJECTID": "220",
        "DepartmentCode": "164460374",
        "KGISVillageID": "30123",
        "KGISCode": "29558054578030600000HMPOLPUOFFPOS0001",
        "KGISPOL_STAID": "369",
        "POL_STAName": "Gandhi Gunj PS",
        "KGISPSCode": "PS - 369",
        "district": "Bidar"
      },
      "geometry": {
        "type": "Point",
        "coordinates": [
          77.5141620002487,
          17.9100559995814
        ]
      }
    },
    {
      "type": "Feature",
      "properties": {
        "OBJECTID": "221",
        "DepartmentCode": "164460376",
        "KGISVillageID": "2387",
        "KGISCode": "29558054578030600000HMPOLPUOFFPOS0002",
        "KGISPOL_STAID": "370",
        "POL_STAName": "Mangalapet Market PS",
        "KGISPSCode": "PS - 370",
        "district": "Bidar"
      },
      "geometry": {
        "type": "Point",
        "coordinates": [
          77.5314430000144,
          17.9070770003708
        ]
      }
    },
    {
      "type": "Feature",
      "properties": {
        "OBJECTID": "222",
        "DepartmentCode": "164460400",
        "KGISVillageID": "2338",
        "KGISCode": "29558054576002310000HMPOLPUOFFPOS0001",
        "KGISPOL_STAID": "371",
        "POL_STAName": "Bagdal PS",
        "KGISPSCode": "PS - 371",
        "district": "Bidar"
      },
      "geometry": {
        "type": "Point",
        "coordinates": [
          77.3999689999566,
          17.7495159997799
        ]
      }
    },
    {
      "type": "Feature",
      "properties": {
        "OBJECTID": "223",
        "DepartmentCode": "164460396",
        "KGISVillageID": "2436",
        "KGISCode": "29558054578030600000HMPOLPUOFFPOS0003",
        "KGISPOL_STAID": "372",
        "POL_STAName": "Bidar Rural PS",
        "KGISPSCode": "PS - 372",
        "district": "Bidar"
      },
      "geometry": {
        "type": "Point",
        "coordinates": [
          77.4753984856945,
          17.9347863425413
        ]
      }
    },
    {
      "type": "Feature",
      "properties": {
        "OBJECTID": "224",
        "DepartmentCode": "164460399",
        "KGISVillageID": "2405",
        "KGISCode": "29558054576001400000HMPOLPUOFFPOS0001",
        "KGISPOL_STAID": "373",
        "POL_STAName": "Janwada PS",
        "KGISPSCode": "PS - 373",
        "district": "Bidar"
      },
      "geometry": {
        "type": "Point",
        "coordinates": [
          77.4810010001977,
          18.0035499998352
        ]
      }
    },
    {
      "type": "Feature",
      "properties": {
        "OBJECTID": "225",
        "DepartmentCode": "164462004",
        "KGISVillageID": "2493",
        "KGISCode": "29558054576002380000HMPOLPUOFFPOS0001",
        "KGISPOL_STAID": "374",
        "POL_STAName": "Mannalli PS",
        "KGISPSCode": "PS - 374",
        "district": "Bidar"
      },
      "geometry": {
        "type": "Point",
        "coordinates": [
          77.5049270001595,
          17.7612519995547
        ]
      }
    },
    {
      "type": "Feature",
      "properties": {
        "OBJECTID": "226",
        "DepartmentCode": "164460372",
        "KGISVillageID": "2466",
        "KGISCode": "29558054578030600000HMPOLPUOFFPOS0004",
        "KGISPOL_STAID": "375",
        "POL_STAName": "Bidar Town PS",
        "KGISPSCode": "PS - 375",
        "district": "Bidar"
      },
      "geometry": {
        "type": "Point",
        "coordinates": [
          77.5307829996043,
          17.9128260001402
        ]
      }
    },
    {
      "type": "Feature",
      "properties": {
        "OBJECTID": "227",
        "DepartmentCode": "164460373",
        "KGISVillageID": "30123",
        "KGISCode": "29558054578030600000HMPOLPUOFFPOS0005",
        "KGISPOL_STAID": "376",
        "POL_STAName": "Bidar New Town PS",
        "KGISPSCode": "PS - 376",
        "district": "Bidar"
      },
      "geometry": {
        "type": "Point",
        "coordinates": [
          77.5092700004058,
          17.9235209997318
        ]
      }
    },
    {
      "type": "Feature",
      "properties": {
        "OBJECTID": "228",
        "DepartmentCode": "164462139",
        "KGISVillageID": "2370",
        "KGISCode": "29558054578030600000HMPOLPUOFFPOS0006",
        "KGISPOL_STAID": "377",
        "POL_STAName": "Bidar Women PS",
        "KGISPSCode": "PS - 377",
        "district": "Bidar"
      },
      "geometry": {
        "type": "Point",
        "coordinates": [
          77.5324059003355,
          17.9073477998165
        ]
      }
    },
    {
      "type": "Feature",
      "properties": {
        "OBJECTID": "229",
        "DepartmentCode": "164460401",
        "KGISVillageID": "2090",
        "KGISCode": "29558054548030570000HMPOLPUOFFPOS0001",
        "KGISPOL_STAID": "378",
        "POL_STAName": "Basava Kalyana Town PS",
        "KGISPSCode": "PS - 378",
        "district": "Bidar"
      },
      "geometry": {
        "type": "Point",
        "coordinates": [
          76.9475023157556,
          17.8738776871821
        ]
      }
    },
    {
      "type": "Feature",
      "properties": {
        "OBJECTID": "230",
        "DepartmentCode": "164460404",
        "KGISVillageID": "2115",
        "KGISCode": "29558054545997240000HMPOLPUOFFPOS0001",
        "KGISPOL_STAID": "379",
        "POL_STAName": "Hulsoor PS",
        "KGISPSCode": "PS - 379",
        "district": "Bidar"
      },
      "geometry": {
        "type": "Point",
        "coordinates": [
          77.0059150002993,
          18.0199279999518
        ]
      }
    },
    {
      "type": "Feature",
      "properties": {
        "OBJECTID": "231",
        "DepartmentCode": "164460381",
        "KGISVillageID": "2520",
        "KGISCode": "29558054588030620000HMPOLPUOFFPOS0001",
        "KGISPOL_STAID": "380",
        "POL_STAName": "Chitaguppa PS",
        "KGISPSCode": "PS - 380",
        "district": "Bidar"
      },
      "geometry": {
        "type": "Point",
        "coordinates": [
          77.2112289995365,
          17.6922999999829
        ]
      }
    },
    {
      "type": "Feature",
      "properties": {
        "OBJECTID": "232",
        "DepartmentCode": "164460383",
        "KGISVillageID": "2510",
        "KGISCode": "29558054586003370000HMPOLPUOFFPOS0001",
        "KGISPOL_STAID": "381",
        "POL_STAName": "Bemalkhed PS",
        "KGISPSCode": "PS - 381",
        "district": "Bidar"
      },
      "geometry": {
        "type": "Point",
        "coordinates": [
          77.4246340001664,
          17.6620550001425
        ]
      }
    },
    {
      "type": "Feature",
      "properties": {
        "OBJECTID": "233",
        "DepartmentCode": "164460382",
        "KGISVillageID": "2515",
        "KGISCode": "29558054586003350000HMPOLPUOFFPOS0001",
        "KGISPOL_STAID": "382",
        "POL_STAName": "Manna Ekhelli PS",
        "KGISPSCode": "PS - 382",
        "district": "Bidar"
      },
      "geometry": {
        "type": "Point",
        "coordinates": [
          77.3683280003791,
          17.7271920002443
        ]
      }
    },
    {
      "type": "Feature",
      "properties": {
        "OBJECTID": "234",
        "DepartmentCode": "164460386",
        "KGISVillageID": "2559",
        "KGISCode": "29558054586002760000HMPOLPUOFFPOS0001",
        "KGISPOL_STAID": "383",
        "POL_STAName": "Hallikhed PS",
        "KGISPSCode": "PS - 383",
        "district": "Bidar"
      },
      "geometry": {
        "type": "Point",
        "coordinates": [
          77.2644129999467,
          17.8516670000843
        ]
      }
    },
    {
      "type": "Feature",
      "properties": {
        "OBJECTID": "235",
        "DepartmentCode": "164460385",
        "KGISVillageID": "2577",
        "KGISCode": "29558054588030610000HMPOLPUOFFPOS0001",
        "KGISPOL_STAID": "384",
        "POL_STAName": "Humnabad PS",
        "KGISPSCode": "PS - 384",
        "district": "Bidar"
      },
      "geometry": {
        "type": "Point",
        "coordinates": [
          77.1235000003846,
          17.772094999952
        ]
      }
    },
    {
      "type": "Feature",
      "properties": {
        "OBJECTID": "236",
        "DepartmentCode": "164461469",
        "KGISVillageID": "2158",
        "KGISCode": "29558054545997840000HMPOLPUOFFPOS0001",
        "KGISPOL_STAID": "385",
        "POL_STAName": "Manthala PS",
        "KGISPSCode": "PS - 385",
        "district": "Bidar"
      },
      "geometry": {
        "type": "Point",
        "coordinates": [
          76.8496290004665,
          17.8166779996662
        ]
      }
    },
    {
      "type": "Feature",
      "properties": {
        "OBJECTID": "237",
        "DepartmentCode": "164461471",
        "KGISVillageID": "2176",
        "KGISCode": "29558054545998190000HMPOLPUOFFPOS0001",
        "KGISPOL_STAID": "386",
        "POL_STAName": "Mudbi PS",
        "KGISPSCode": "PS - 386",
        "district": "Bidar"
      },
      "geometry": {
        "type": "Point",
        "coordinates": [
          76.9386879998236,
          17.7304279997017
        ]
      }
    },
    {
      "type": "Feature",
      "properties": {
        "OBJECTID": "238",
        "DepartmentCode": "164541610",
        "KGISVillageID": "2598",
        "KGISCode": "29579055818032060000HMPOLPUOFFPOS0001",
        "KGISPOL_STAID": "387",
        "POL_STAName": "Afzalpur PS",
        "KGISPSCode": "PS - 387",
        "district": "Gulbarga"
      },
      "geometry": {
        "type": "Point",
        "coordinates": [
          76.3582500001155,
          17.2028699998072
        ]
      }
    },
    {
      "type": "Feature",
      "properties": {
        "OBJECTID": "239",
        "DepartmentCode": "164541613",
        "KGISVillageID": "2642",
        "KGISCode": "29579055816201620000HMPOLPUOFFPOS0001",
        "KGISPOL_STAID": "388",
        "POL_STAName": "Devalagangapur PS",
        "KGISPSCode": "PS - 388",
        "district": "Gulbarga"
      },
      "geometry": {
        "type": "Point",
        "coordinates": [
          76.5430970003937,
          17.2072069999576
        ]
      }
    },
    {
      "type": "Feature",
      "properties": {
        "OBJECTID": "240",
        "DepartmentCode": "164541612",
        "KGISVillageID": "2624",
        "KGISCode": "29579055816201200000HMPOLPUOFFPOS0001",
        "KGISPOL_STAID": "389",
        "POL_STAName": "Revoor PS",
        "KGISPSCode": "PS - 389",
        "district": "Gulbarga"
      },
      "geometry": {
        "type": "Point",
        "coordinates": [
          76.4648649997774,
          17.3220370004382
        ]
      }
    },
    {
      "type": "Feature",
      "properties": {
        "OBJECTID": "241",
        "DepartmentCode": "164541605",
        "KGISVillageID": "2690",
        "KGISCode": "29579055808032050000HMPOLPUOFFPOS0001",
        "KGISPOL_STAID": "390",
        "POL_STAName": "Alland PS",
        "KGISPSCode": "PS - 390",
        "district": "Gulbarga"
      },
      "geometry": {
        "type": "Point",
        "coordinates": [
          76.5607100004583,
          17.5616599997127
        ]
      }
    },
    {
      "type": "Feature",
      "properties": {
        "OBJECTID": "242",
        "DepartmentCode": "164541614",
        "KGISVillageID": "2752",
        "KGISCode": "29579055806200550000HMPOLPUOFFPOS0001",
        "KGISPOL_STAID": "391",
        "POL_STAName": "Madanahipparga PS",
        "KGISPSCode": "PS - 391",
        "district": "Gulbarga"
      },
      "geometry": {
        "type": "Point",
        "coordinates": [
          76.3738300000426,
          17.4572500004267
        ]
      }
    },
    {
      "type": "Feature",
      "properties": {
        "OBJECTID": "243",
        "DepartmentCode": "164541607",
        "KGISVillageID": "2784",
        "KGISCode": "29579055806199990000HMPOLPUOFFPOS0001",
        "KGISPOL_STAID": "392",
        "POL_STAName": "Narona PS",
        "KGISPSCode": "PS - 392",
        "district": "Gulbarga"
      },
      "geometry": {
        "type": "Point",
        "coordinates": [
          76.7173033003236,
          17.5139527000544
        ]
      }
    },
    {
      "type": "Feature",
      "properties": {
        "OBJECTID": "244",
        "DepartmentCode": "164541609",
        "KGISVillageID": "2812",
        "KGISCode": "29579055806200750000HMPOLPUOFFPOS0001",
        "KGISPOL_STAID": "393",
        "POL_STAName": "Nimbarga PS",
        "KGISPSCode": "PS - 393",
        "district": "Gulbarga"
      },
      "geometry": {
        "type": "Point",
        "coordinates": [
          76.5853072002066,
          17.3871323997533
        ]
      }
    },
    {
      "type": "Feature",
      "properties": {
        "OBJECTID": "245",
        "DepartmentCode": "164541579",
        "KGISVillageID": "2827",
        "KGISCode": "29579055838032080000HMPOLPUOFFPOS0001",
        "KGISPOL_STAID": "394",
        "POL_STAName": "Chincholi PS",
        "KGISPSCode": "PS - 394",
        "district": "Gulbarga"
      },
      "geometry": {
        "type": "Point",
        "coordinates": [
          77.4197730558149,
          17.4600805559727
        ]
      }
    },
    {
      "type": "Feature",
      "properties": {
        "OBJECTID": "246",
        "DepartmentCode": "164541580",
        "KGISVillageID": "2843",
        "KGISCode": "29579055836203780000HMPOLPUOFFPOS0001",
        "KGISPOL_STAID": "395",
        "POL_STAName": "Kunchavaram PS",
        "KGISPSCode": "PS - 395",
        "district": "Gulbarga"
      },
      "geometry": {
        "type": "Point",
        "coordinates": [
          77.6281780001458,
          17.4853999998385
        ]
      }
    },
    {
      "type": "Feature",
      "properties": {
        "OBJECTID": "247",
        "DepartmentCode": "164541581",
        "KGISVillageID": "2848",
        "KGISCode": "29579055836204020000HMPOLPUOFFPOS0001",
        "KGISPOL_STAID": "396",
        "POL_STAName": "Miryan PS",
        "KGISPSCode": "PS - 396",
        "district": "Gulbarga"
      },
      "geometry": {
        "type": "Point",
        "coordinates": [
          77.4956489996095,
          17.364376000427
        ]
      }
    },
    {
      "type": "Feature",
      "properties": {
        "OBJECTID": "248",
        "DepartmentCode": "164541587",
        "KGISVillageID": "3540",
        "KGISCode": "29579055846205860000HMPOLPUOFFPOS0001",
        "KGISPOL_STAID": "397",
        "POL_STAName": "Mudhol PS",
        "KGISPSCode": "PS - 397",
        "district": "Gulbarga"
      },
      "geometry": {
        "type": "Point",
        "coordinates": [
          77.4500333328794,
          16.9066999998364
        ]
      }
    },
    {
      "type": "Feature",
      "properties": {
        "OBJECTID": "249",
        "DepartmentCode": "164641653",
        "KGISVillageID": "14192",
        "KGISCode": "29571055326102650000HMPOLPUOFFPOS0001",
        "KGISPOL_STAID": "250",
        "POL_STAName": "Huliyar PS",
        "KGISPSCode": "PS - 250",
        "district": "Tumkur"
      },
      "geometry": {
        "type": "Point",
        "coordinates": [
          76.538450999737,
          13.5830499995931
        ]
      }
    },
    {
      "type": "Feature",
      "properties": {
        "OBJECTID": "250",
        "DepartmentCode": "164510592",
        "KGISVillageID": "27370",
        "KGISCode": "29576055676178920000HMPOLPUOFFPOS0001",
        "KGISPOL_STAID": "606",
        "POL_STAName": "Shanivarasanthe PS",
        "KGISPSCode": "PS - 606",
        "district": "Kodagu"
      },
      "geometry": {
        "type": "Point",
        "coordinates": [
          75.8896999998976,
          12.7266999999098
        ]
      }
    },
    {
      "type": "Feature",
      "properties": {
        "OBJECTID": "251",
        "DepartmentCode": "164510591",
        "KGISVillageID": "27455",
        "KGISCode": "29576055676179580000HMPOLPUOFFPOS0001",
        "KGISPOL_STAID": "607",
        "POL_STAName": "Somwarpet PS",
        "KGISPSCode": "PS - 607",
        "district": "Kodagu"
      },
      "geometry": {
        "type": "Point",
        "coordinates": [
          75.8090270002041,
          12.5132190001061
        ]
      }
    },
    {
      "type": "Feature",
      "properties": {
        "OBJECTID": "252",
        "DepartmentCode": "164510582",
        "KGISVillageID": "31660",
        "KGISCode": "29576055686180890000HMPOLPUOFFPOS0001",
        "KGISPOL_STAID": "608",
        "POL_STAName": "Gonikoppa PS",
        "KGISPSCode": "PS - 608",
        "district": "Kodagu"
      },
      "geometry": {
        "type": "Point",
        "coordinates": [
          75.9230444487975,
          12.1855877517853
        ]
      }
    },
    {
      "type": "Feature",
      "properties": {
        "OBJECTID": "253",
        "DepartmentCode": "164510583",
        "KGISVillageID": "27497",
        "KGISCode": "29576055686180540000HMPOLPUOFFPOS0001",
        "KGISPOL_STAID": "609",
        "POL_STAName": "Ponnampet PS",
        "KGISPSCode": "PS - 609",
        "district": "Kodagu"
      },
      "geometry": {
        "type": "Point",
        "coordinates": [
          75.9419032913727,
          12.1473782361423
        ]
      }
    },
    {
      "type": "Feature",
      "properties": {
        "OBJECTID": "254",
        "DepartmentCode": "164511631",
        "KGISVillageID": "27528",
        "KGISCode": "29576055686180780000HMPOLPUOFFPOS0001",
        "KGISPOL_STAID": "610",
        "POL_STAName": "Kutta PS",
        "KGISPSCode": "PS - 610",
        "district": "Kodagu"
      },
      "geometry": {
        "type": "Point",
        "coordinates": [
          76.0518829998754,
          11.9688490002946
        ]
      }
    },
    {
      "type": "Feature",
      "properties": {
        "OBJECTID": "255",
        "DepartmentCode": "164510578",
        "KGISVillageID": "27550",
        "KGISCode": "29576055686180050000HMPOLPUOFFPOS0001",
        "KGISPOL_STAID": "611",
        "POL_STAName": "Virajpet Town PS",
        "KGISPSCode": "PS - 611",
        "district": "Kodagu"
      },
      "geometry": {
        "type": "Point",
        "coordinates": [
          75.8010220002111,
          12.1928730003179
        ]
      }
    },
    {
      "type": "Feature",
      "properties": {
        "OBJECTID": "256",
        "DepartmentCode": "169760837",
        "KGISVillageID": "25688",
        "KGISCode": "29582055956232660000HMPOLPUOFFPOS0002",
        "KGISPOL_STAID": "182",
        "POL_STAName": "Gowribidanur Rural PS",
        "KGISPSCode": "PS - 182",
        "district": "Chikballapura"
      },
      "geometry": {
        "type": "Point",
        "coordinates": [
          77.5083690000106,
          13.6014019995754
        ]
      }
    },
    {
      "type": "Feature",
      "properties": {
        "OBJECTID": "257",
        "DepartmentCode": "169760838",
        "KGISVillageID": "25782",
        "KGISCode": "29582055956234110000HMPOLPUOFFPOS0001",
        "KGISPOL_STAID": "183",
        "POL_STAName": "Manchenahalli PS",
        "KGISPSCode": "PS - 183",
        "district": "Chikballapura"
      },
      "geometry": {
        "type": "Point",
        "coordinates": [
          77.6022840000874,
          13.5004040004308
        ]
      }
    },
    {
      "type": "Feature",
      "properties": {
        "OBJECTID": "258",
        "DepartmentCode": "169761569",
        "KGISVillageID": "30994",
        "KGISCode": "29582055976237120000HMPOLPUOFFPOS0001",
        "KGISPOL_STAID": "184",
        "POL_STAName": "Gudibande PS",
        "KGISPSCode": "PS - 184",
        "district": "Chikballapura"
      },
      "geometry": {
        "type": "Point",
        "coordinates": [
          77.7068009999156,
          13.6705449998318
        ]
      }
    },
    {
      "type": "Feature",
      "properties": {
        "OBJECTID": "259",
        "DepartmentCode": "169761572",
        "KGISVillageID": "30153",
        "KGISCode": "29582055988032290000HMPOLPUOFFPOS0001",
        "KGISPOL_STAID": "185",
        "POL_STAName": "Bagepalli PS",
        "KGISPSCode": "PS - 185",
        "district": "Chikballapura"
      },
      "geometry": {
        "type": "Point",
        "coordinates": [
          77.7924889995652,
          13.7833130001471
        ]
      }
    },
    {
      "type": "Feature",
      "properties": {
        "OBJECTID": "260",
        "DepartmentCode": "169761575",
        "KGISVillageID": "30386",
        "KGISCode": "29582055986239470000HMPOLPUOFFPOS0001",
        "KGISPOL_STAID": "186",
        "POL_STAName": "Patapalya PS",
        "KGISPSCode": "PS - 186",
        "district": "Chikballapura"
      },
      "geometry": {
        "type": "Point",
        "coordinates": [
          77.9489380002016,
          13.7562250001231
        ]
      }
    },
    {
      "type": "Feature",
      "properties": {
        "OBJECTID": "261",
        "DepartmentCode": "169761576",
        "KGISVillageID": "30207",
        "KGISCode": "29582055986240150000HMPOLPUOFFPOS0001",
        "KGISPOL_STAID": "187",
        "POL_STAName": "Chelur PS",
        "KGISPSCode": "PS - 187",
        "district": "Chikballapura"
      },
      "geometry": {
        "type": "Point",
        "coordinates": [
          78.0968730090421,
          13.7091713200414
        ]
      }
    },
    {
      "type": "Feature",
      "properties": {
        "OBJECTID": "262",
        "DepartmentCode": "169760823",
        "KGISVillageID": "30707",
        "KGISCode": "29582056008032310000HMPOLPUOFFPOS0001",
        "KGISPOL_STAID": "188",
        "POL_STAName": "Chinthamani TownPS",
        "KGISPSCode": "PS - 188",
        "district": "Chikballapura"
      },
      "geometry": {
        "type": "Point",
        "coordinates": [
          78.0537919099131,
          13.4011696510521
        ]
      }
    },
    {
      "type": "Feature",
      "properties": {
        "OBJECTID": "263",
        "DepartmentCode": "169760825",
        "KGISVillageID": "30661",
        "KGISCode": "29582056006243700000HMPOLPUOFFPOS0001",
        "KGISPOL_STAID": "189",
        "POL_STAName": "Kencharlahalli PS",
        "KGISPSCode": "PS - 189",
        "district": "Chikballapura"
      },
      "geometry": {
        "type": "Point",
        "coordinates": [
          78.0673460001327,
          13.5223000000191
        ]
      }
    },
    {
      "type": "Feature",
      "properties": {
        "OBJECTID": "264",
        "DepartmentCode": "169760827",
        "KGISVillageID": "30825",
        "KGISCode": "29582056006243920000HMPOLPUOFFPOS0001",
        "KGISPOL_STAID": "190",
        "POL_STAName": "Batalahalli PS",
        "KGISPSCode": "PS - 190",
        "district": "Chikballapura"
      },
      "geometry": {
        "type": "Point",
        "coordinates": [
          78.1314309165029,
          13.5820580944041
        ]
      }
    },
    {
      "type": "Feature",
      "properties": {
        "OBJECTID": "265",
        "DepartmentCode": "169760828",
        "KGISVillageID": "31379",
        "KGISCode": "29582055998032300000HMPOLPUOFFPOS0001",
        "KGISPOL_STAID": "191",
        "POL_STAName": "Shidlagatta Town PS",
        "KGISPSCode": "PS - 191",
        "district": "Chikballapura"
      },
      "geometry": {
        "type": "Point",
        "coordinates": [
          77.8638899998766,
          13.3936950001703
        ]
      }
    },
    {
      "type": "Feature",
      "properties": {
        "OBJECTID": "266",
        "DepartmentCode": "169760829",
        "KGISVillageID": "31379",
        "KGISCode": "29582055998032300000HMPOLPUOFFPOS0002",
        "KGISPOL_STAID": "192",
        "POL_STAName": "Shidlagatta Rural PS",
        "KGISPSCode": "PS - 192",
        "district": "Chikballapura"
      },
      "geometry": {
        "type": "Point",
        "coordinates": [
          77.8637580000442,
          13.3971290001356
        ]
      }
    },
    {
      "type": "Feature",
      "properties": {
        "OBJECTID": "267",
        "DepartmentCode": "169760832",
        "KGISVillageID": "31271",
        "KGISCode": "29582055996240470000HMPOLPUOFFPOS0001",
        "KGISPOL_STAID": "193",
        "POL_STAName": "Dibburahalli PS",
        "KGISPSCode": "PS - 193",
        "district": "Chikballapura"
      },
      "geometry": {
        "type": "Point",
        "coordinates": [
          77.8935880873353,
          13.5673695243896
        ]
      }
    },
    {
      "type": "Feature",
      "properties": {
        "OBJECTID": "268",
        "DepartmentCode": "169720227",
        "KGISVillageID": "15770",
        "KGISCode": "29581055938032230000HMPOLPUOFFPOS0001",
        "KGISPOL_STAID": "194",
        "POL_STAName": "Bangarpet PS",
        "KGISPSCode": "PS - 194",
        "district": "Kolar"
      },
      "geometry": {
        "type": "Point",
        "coordinates": [
          78.1788199998546,
          12.985930000209
        ]
      }
    },
    {
      "type": "Feature",
      "properties": {
        "OBJECTID": "269",
        "DepartmentCode": "169720228",
        "KGISVillageID": "15809",
        "KGISCode": "29581055936228430000HMPOLPUOFFPOS0001",
        "KGISPOL_STAID": "195",
        "POL_STAName": "Bethamangala PS",
        "KGISPSCode": "PS - 195",
        "district": "Kolar"
      },
      "geometry": {
        "type": "Point",
        "coordinates": [
          78.3333199996323,
          13.0082299996789
        ]
      }
    },
    {
      "type": "Feature",
      "properties": {
        "OBJECTID": "270",
        "DepartmentCode": "169720229",
        "KGISVillageID": "15968",
        "KGISCode": "29581055936226110000HMPOLPUOFFPOS0001",
        "KGISPOL_STAID": "196",
        "POL_STAName": "Kamasamudram PS",
        "KGISPSCode": "PS - 196",
        "district": "Kolar"
      },
      "geometry": {
        "type": "Point",
        "coordinates": [
          78.1959899995622,
          12.8632300000266
        ]
      }
    },
    {
      "type": "Feature",
      "properties": {
        "OBJECTID": "271",
        "DepartmentCode": "169720224",
        "KGISVillageID": "16101",
        "KGISCode": "29581055938032240000HMPOLPUOFFPOS0002",
        "KGISPOL_STAID": "198",
        "POL_STAName": "Marikuppam PS",
        "KGISPSCode": "PS - 198",
        "district": "Kolar"
      },
      "geometry": {
        "type": "Point",
        "coordinates": [
          78.2659099999984,
          12.9271200003037
        ]
      }
    },
    {
      "type": "Feature",
      "properties": {
        "OBJECTID": "272",
        "DepartmentCode": "169720215",
        "KGISVillageID": "16076",
        "KGISCode": "29581055938032240000HMPOLPUOFFPOS0003",
        "KGISPOL_STAID": "199",
        "POL_STAName": "BEML Nagar PS",
        "KGISPSCode": "PS - 199",
        "district": "Kolar"
      },
      "geometry": {
        "type": "Point",
        "coordinates": [
          78.2366999996363,
          12.9808200004054
        ]
      }
    },
    {
      "type": "Feature",
      "properties": {
        "OBJECTID": "273",
        "DepartmentCode": "169720214",
        "KGISVillageID": "16133",
        "KGISCode": "29581055938032240000HMPOLPUOFFPOS0004",
        "KGISPOL_STAID": "200",
        "POL_STAName": "Oorgaum PS",
        "KGISPSCode": "PS - 200",
        "district": "Kolar"
      },
      "geometry": {
        "type": "Point",
        "coordinates": [
          78.2646500000931,
          12.9524700000947
        ]
      }
    },
    {
      "type": "Feature",
      "properties": {
        "OBJECTID": "274",
        "DepartmentCode": "169720219",
        "KGISVillageID": "16120",
        "KGISCode": "29581055938032240000HMPOLPUOFFPOS0005",
        "KGISPOL_STAID": "201",
        "POL_STAName": "Andersonpet PS",
        "KGISPSCode": "PS - 201",
        "district": "Kolar"
      },
      "geometry": {
        "type": "Point",
        "coordinates": [
          78.2702600003173,
          12.9342199996651
        ]
      }
    },
    {
      "type": "Feature",
      "properties": {
        "OBJECTID": "275",
        "DepartmentCode": "169720218",
        "KGISVillageID": "16129",
        "KGISCode": "29581055938032240000HMPOLPUOFFPOS0006",
        "KGISPOL_STAID": "202",
        "POL_STAName": "Robertsonpet PS",
        "KGISPSCode": "PS - 202",
        "district": "Kolar"
      },
      "geometry": {
        "type": "Point",
        "coordinates": [
          78.2715499997401,
          12.9575599999641
        ]
      }
    },
    {
      "type": "Feature",
      "properties": {
        "OBJECTID": "276",
        "DepartmentCode": "164570809",
        "KGISVillageID": "16282",
        "KGISCode": "29581055918032210000HMPOLPUOFFPOS0003",
        "KGISPOL_STAID": "206",
        "POL_STAName": "Kolar Rural PS",
        "KGISPSCode": "PS - 206",
        "district": "Kolar"
      },
      "geometry": {
        "type": "Point",
        "coordinates": [
          78.1369209999873,
          13.1416651001156
        ]
      }
    },
    {
      "type": "Feature",
      "properties": {
        "OBJECTID": "277",
        "DepartmentCode": "164570810",
        "KGISVillageID": "16530",
        "KGISCode": "29581055916217980000HMPOLPUOFFPOS0001",
        "KGISPOL_STAID": "208",
        "POL_STAName": "Vemagal PS",
        "KGISPSCode": "PS - 208",
        "district": "Kolar"
      },
      "geometry": {
        "type": "Point",
        "coordinates": [
          78.0171330002751,
          13.1919040000472
        ]
      }
    },
    {
      "type": "Feature",
      "properties": {
        "OBJECTID": "278",
        "DepartmentCode": "164570806",
        "KGISVillageID": "16282",
        "KGISCode": "29581055918032210000HMPOLPUOFFPOS0004",
        "KGISPOL_STAID": "210",
        "POL_STAName": "Gulpet PS",
        "KGISPSCode": "PS - 210",
        "district": "Kolar"
      },
      "geometry": {
        "type": "Point",
        "coordinates": [
          78.1309520001212,
          13.1456700002333
        ]
      }
    },
    {
      "type": "Feature",
      "properties": {
        "OBJECTID": "279",
        "DepartmentCode": "164570805",
        "KGISVillageID": "16282",
        "KGISCode": "29581055918032210000HMPOLPUOFFPOS0005",
        "KGISPOL_STAID": "211",
        "POL_STAName": "Kolar Town PS",
        "KGISPSCode": "PS - 211",
        "district": "Kolar"
      },
      "geometry": {
        "type": "Point",
        "coordinates": [
          78.1335160003616,
          13.1315239997491
        ]
      }
    },
    {
      "type": "Feature",
      "properties": {
        "OBJECTID": "280",
        "DepartmentCode": "164570814",
        "KGISVillageID": "16788",
        "KGISCode": "29581055926223400000HMPOLPUOFFPOS0001",
        "KGISPOL_STAID": "214",
        "POL_STAName": "Masti PS",
        "KGISPSCode": "PS - 214",
        "district": "Kolar"
      },
      "geometry": {
        "type": "Point",
        "coordinates": [
          77.9979739998673,
          12.8730519997924
        ]
      }
    },
    {
      "type": "Feature",
      "properties": {
        "OBJECTID": "281",
        "DepartmentCode": "164572168",
        "KGISVillageID": "17256",
        "KGISCode": "29581055946231750000HMPOLPUOFFPOS0001",
        "KGISPOL_STAID": "216",
        "POL_STAName": "Mulbagal Rural PS",
        "KGISPSCode": "PS - 216",
        "district": "Kolar"
      },
      "geometry": {
        "type": "Point",
        "coordinates": [
          78.425844000444,
          13.0583230000817
        ]
      }
    },
    {
      "type": "Feature",
      "properties": {
        "OBJECTID": "282",
        "DepartmentCode": "164570815",
        "KGISVillageID": "17197",
        "KGISCode": "29581055948032250000HMPOLPUOFFPOS0001",
        "KGISPOL_STAID": "218",
        "POL_STAName": "Mulbagal Town PS",
        "KGISPSCode": "PS - 218",
        "district": "Kolar"
      },
      "geometry": {
        "type": "Point",
        "coordinates": [
          78.3930339995701,
          13.1683960003551
        ]
      }
    },
    {
      "type": "Feature",
      "properties": {
        "OBJECTID": "283",
        "DepartmentCode": "164570816",
        "KGISVillageID": "17037",
        "KGISCode": "29581055946230930000HMPOLPUOFFPOS0001",
        "KGISPOL_STAID": "219",
        "POL_STAName": "Nangli PS",
        "KGISPSCode": "PS - 219",
        "district": "Kolar"
      },
      "geometry": {
        "type": "Point",
        "coordinates": [
          78.5371799999405,
          13.194227999904
        ]
      }
    },
    {
      "type": "Feature",
      "properties": {
        "OBJECTID": "284",
        "DepartmentCode": "164570820",
        "KGISVillageID": "17432",
        "KGISCode": "29581055906214450000HMPOLPUOFFPOS0001",
        "KGISPOL_STAID": "221",
        "POL_STAName": "Gownapalli PS",
        "KGISPSCode": "PS - 221",
        "district": "Kolar"
      },
      "geometry": {
        "type": "Point",
        "coordinates": [
          78.2256250002043,
          13.5112280003705
        ]
      }
    },
    {
      "type": "Feature",
      "properties": {
        "OBJECTID": "285",
        "DepartmentCode": "164570819",
        "KGISVillageID": "17404",
        "KGISCode": "29581055906214340000HMPOLPUOFFPOS0001",
        "KGISPOL_STAID": "222",
        "POL_STAName": "Rayalpad PS",
        "KGISPSCode": "PS - 222",
        "district": "Kolar"
      },
      "geometry": {
        "type": "Point",
        "coordinates": [
          78.3451929996066,
          13.5310470000497
        ]
      }
    },
    {
      "type": "Feature",
      "properties": {
        "OBJECTID": "286",
        "DepartmentCode": "164570818",
        "KGISVillageID": "17623",
        "KGISCode": "29581055906216420000HMPOLPUOFFPOS0001",
        "KGISPOL_STAID": "223",
        "POL_STAName": "Srinivasapura PS",
        "KGISPSCode": "PS - 223",
        "district": "Kolar"
      },
      "geometry": {
        "type": "Point",
        "coordinates": [
          78.2126809999763,
          13.3412210002109
        ]
      }
    },
    {
      "type": "Feature",
      "properties": {
        "OBJECTID": "287",
        "DepartmentCode": "169770286",
        "KGISVillageID": "29963",
        "KGISCode": "29584056066260870000HMPOLPUOFFPOS0001",
        "KGISPOL_STAID": "225",
        "POL_STAName": "Akkur PS",
        "KGISPSCode": "PS - 225",
        "district": "Ramanagara"
      },
      "geometry": {
        "type": "Point",
        "coordinates": [
          77.2895049996422,
          12.7126049999478
        ]
      }
    },
    {
      "type": "Feature",
      "properties": {
        "OBJECTID": "288",
        "DepartmentCode": "169771345",
        "KGISVillageID": "29840",
        "KGISCode": "29584056066261860000HMPOLPUOFFPOS0001",
        "KGISPOL_STAID": "226",
        "POL_STAName": "Bidadi PS",
        "KGISPSCode": "PS - 226",
        "district": "Ramanagara"
      },
      "geometry": {
        "type": "Point",
        "coordinates": [
          77.3847750000391,
          12.800368999628
        ]
      }
    },
    {
      "type": "Feature",
      "properties": {
        "OBJECTID": "289",
        "DepartmentCode": "169770281",
        "KGISVillageID": "29113",
        "KGISCode": "29584056076262500000HMPOLPUOFFPOS0001",
        "KGISPOL_STAID": "228",
        "POL_STAName": "Channapatna East PS",
        "KGISPSCode": "PS - 228",
        "district": "Ramanagara"
      },
      "geometry": {
        "type": "Point",
        "coordinates": [
          77.2168790004333,
          12.6640080000007
        ]
      }
    },
    {
      "type": "Feature",
      "properties": {
        "OBJECTID": "290",
        "DepartmentCode": "169770284",
        "KGISVillageID": "29113",
        "KGISCode": "29584056076262500000HMPOLPUOFFPOS0002",
        "KGISPOL_STAID": "229",
        "POL_STAName": "Channapatna Rural PS",
        "KGISPSCode": "PS - 229",
        "district": "Ramanagara"
      },
      "geometry": {
        "type": "Point",
        "coordinates": [
          77.2166819996141,
          12.6636369996537
        ]
      }
    },
    {
      "type": "Feature",
      "properties": {
        "OBJECTID": "291",
        "DepartmentCode": "169770280",
        "KGISVillageID": "29122",
        "KGISCode": "29584056076262580000HMPOLPUOFFPOS0001",
        "KGISPOL_STAID": "230",
        "POL_STAName": "Channapatna Town PS",
        "KGISPSCode": "PS - 230",
        "district": "Ramanagara"
      },
      "geometry": {
        "type": "Point",
        "coordinates": [
          77.200354000457,
          12.6538640002458
        ]
      }
    },
    {
      "type": "Feature",
      "properties": {
        "OBJECTID": "292",
        "DepartmentCode": "169771346",
        "KGISVillageID": "29272",
        "KGISCode": "29584056086263550000HMPOLPUOFFPOS0001",
        "KGISPOL_STAID": "232",
        "POL_STAName": "Harohalli PS",
        "KGISPSCode": "PS - 232",
        "district": "Ramanagara"
      },
      "geometry": {
        "type": "Point",
        "coordinates": [
          77.4696739995781,
          12.6815559997464
        ]
      }
    },
    {
      "type": "Feature",
      "properties": {
        "OBJECTID": "293",
        "DepartmentCode": "169771342",
        "KGISVillageID": "29968",
        "KGISCode": "29584056068032380000HMPOLPUOFFPOS0001",
        "KGISPOL_STAID": "233",
        "POL_STAName": "Ijoor PS",
        "KGISPSCode": "PS - 233",
        "district": "Ramanagara"
      },
      "geometry": {
        "type": "Point",
        "coordinates": [
          77.2851500001297,
          12.7297699997983
        ]
      }
    },
    {
      "type": "Feature",
      "properties": {
        "OBJECTID": "294",
        "DepartmentCode": "169771937",
        "KGISVillageID": "15664",
        "KGISCode": "29572055436130420000HMPOLPUOFFPOS0001",
        "KGISPOL_STAID": "234",
        "POL_STAName": "Kaggalipura PS",
        "KGISPSCode": "PS - 234",
        "district": "Bangalore"
      },
      "geometry": {
        "type": "Point",
        "coordinates": [
          77.5100820000121,
          12.7995459998704
        ]
      }
    },
    {
      "type": "Feature",
      "properties": {
        "OBJECTID": "295",
        "DepartmentCode": "164482206",
        "KGISVillageID": "10060",
        "KGISCode": "29570055308031490000HMPOLPUOFFPOS0001",
        "KGISPOL_STAID": "231",
        "POL_STAName": "Chikkamagalur Women PS",
        "KGISPSCode": "PS - 231",
        "district": "Chikmagalur"
      },
      "geometry": {
        "type": "Point",
        "coordinates": [
          75.775461542016,
          13.3206493591515
        ]
      }
    },
    {
      "type": "Feature",
      "properties": {
        "OBJECTID": "296",
        "DepartmentCode": "164621011",
        "KGISVillageID": "13948",
        "KGISCode": "29568055196081620000HMPOLPUOFFPOS0001",
        "KGISPOL_STAID": "860",
        "POL_STAName": "Malur PS",
        "KGISPSCode": "PS - 860",
        "district": "Shimoga"
      },
      "geometry": {
        "type": "Point",
        "coordinates": [
          75.3397154522091,
          13.7289753620207
        ]
      }
    },
    {
      "type": "Feature",
      "properties": {
        "OBJECTID": "297",
        "DepartmentCode": "164480469",
        "KGISVillageID": "10522",
        "KGISCode": "29570055296094570000HMPOLPUOFFPOS0001",
        "KGISPOL_STAID": "883",
        "POL_STAName": "Yagati PS",
        "KGISPSCode": "PS - 883",
        "district": "Chikmagalur"
      },
      "geometry": {
        "type": "Point",
        "coordinates": [
          76.1482294667381,
          13.6127814142827
        ]
      }
    },
    {
      "type": "Feature",
      "properties": {
        "OBJECTID": "298",
        "DepartmentCode": "164390136",
        "KGISVillageID": "7510",
        "KGISCode": "29564054928031040000HMPOLPUOFFPOS0003",
        "KGISPOL_STAID": "328",
        "POL_STAName": "Haveri Town PS",
        "KGISPSCode": "PS - 328",
        "district": "Haveri"
      },
      "geometry": {
        "type": "Point",
        "coordinates": [
          75.3965820004141,
          14.7930349998798
        ]
      }
    },
    {
      "type": "Feature",
      "properties": {
        "OBJECTID": "299",
        "DepartmentCode": "164390151",
        "KGISVillageID": "7571",
        "KGISCode": "29564054946043550000HMPOLPUOFFPOS0001",
        "KGISPOL_STAID": "329",
        "POL_STAName": "Hansabhavi PS",
        "KGISPSCode": "PS - 329",
        "district": "Haveri"
      },
      "geometry": {
        "type": "Point",
        "coordinates": [
          75.3687599995934,
          14.5699749998053
        ]
      }
    },
    {
      "type": "Feature",
      "properties": {
        "OBJECTID": "300",
        "DepartmentCode": "164390150",
        "KGISVillageID": "7609",
        "KGISCode": "29564054948031060000HMPOLPUOFFPOS0001",
        "KGISPOL_STAID": "330",
        "POL_STAName": "Hirekerur PS",
        "KGISPSCode": "PS - 330",
        "district": "Haveri"
      },
      "geometry": {
        "type": "Point",
        "coordinates": [
          75.3929320000379,
          14.4559809996898
        ]
      }
    },
    {
      "type": "Feature",
      "properties": {
        "OBJECTID": "301",
        "DepartmentCode": "164390154",
        "KGISVillageID": "7675",
        "KGISCode": "29564054946044380000HMPOLPUOFFPOS0001",
        "KGISPOL_STAID": "331",
        "POL_STAName": "Rattihalli PS",
        "KGISPSCode": "PS - 331",
        "district": "Haveri"
      },
      "geometry": {
        "type": "Point",
        "coordinates": [
          75.5076609999086,
          14.4271229997471
        ]
      }
    },
    {
      "type": "Feature",
      "properties": {
        "OBJECTID": "302",
        "DepartmentCode": "164390147",
        "KGISVillageID": "7692",
        "KGISCode": "29564054956045450000HMPOLPUOFFPOS0001",
        "KGISPOL_STAID": "332",
        "POL_STAName": "Halageri PS",
        "KGISPSCode": "PS - 332",
        "district": "Haveri"
      },
      "geometry": {
        "type": "Point",
        "coordinates": [
          75.605668999609,
          14.5534670003211
        ]
      }
    },
    {
      "type": "Feature",
      "properties": {
        "OBJECTID": "303",
        "DepartmentCode": "164390149",
        "KGISVillageID": "7699",
        "KGISCode": "29564054956045830000HMPOLPUOFFPOS0001",
        "KGISPOL_STAID": "333",
        "POL_STAName": "Kumarapattanam PS",
        "KGISPSCode": "PS - 333",
        "district": "Haveri"
      },
      "geometry": {
        "type": "Point",
        "coordinates": [
          75.7863780001973,
          14.5209059996503
        ]
      }
    },
    {
      "type": "Feature",
      "properties": {
        "OBJECTID": "304",
        "DepartmentCode": "164390146",
        "KGISVillageID": "7777",
        "KGISCode": "29564054958031070000HMPOLPUOFFPOS0001",
        "KGISPOL_STAID": "334",
        "POL_STAName": "Ranebennur Rural PS",
        "KGISPSCode": "PS - 334",
        "district": "Haveri"
      },
      "geometry": {
        "type": "Point",
        "coordinates": [
          75.6250450001331,
          14.6204809997602
        ]
      }
    },
    {
      "type": "Feature",
      "properties": {
        "OBJECTID": "305",
        "DepartmentCode": "164390142",
        "KGISVillageID": "7777",
        "KGISCode": "29564054958031070000HMPOLPUOFFPOS0002",
        "KGISPOL_STAID": "335",
        "POL_STAName": "Ranebennur Town PS",
        "KGISPSCode": "PS - 335",
        "district": "Haveri"
      },
      "geometry": {
        "type": "Point",
        "coordinates": [
          75.6355539998471,
          14.6215349998273
        ]
      }
    },
    {
      "type": "Feature",
      "properties": {
        "OBJECTID": "306",
        "DepartmentCode": "164390160",
        "KGISVillageID": "7320",
        "KGISCode": "29564054916041400000HMPOLPUOFFPOS0001",
        "KGISPOL_STAID": "336",
        "POL_STAName": "Adur PS",
        "KGISPSCode": "PS - 336",
        "district": "Haveri"
      },
      "geometry": {
        "type": "Point",
        "coordinates": [
          75.2509050002656,
          14.7735429997198
        ]
      }
    },
    {
      "type": "Feature",
      "properties": {
        "OBJECTID": "307",
        "DepartmentCode": "164390159",
        "KGISVillageID": "7435",
        "KGISCode": "29564054918031030000HMPOLPUOFFPOS0001",
        "KGISPOL_STAID": "337",
        "POL_STAName": "Hanagal PS",
        "KGISPSCode": "PS - 337",
        "district": "Haveri"
      },
      "geometry": {
        "type": "Point",
        "coordinates": [
          75.1247060000977,
          14.7721040004333
        ]
      }
    },
    {
      "type": "Feature",
      "properties": {
        "OBJECTID": "308",
        "DepartmentCode": "164390158",
        "KGISVillageID": "7847",
        "KGISCode": "29564054908031020000HMPOLPUOFFPOS0001",
        "KGISPOL_STAID": "338",
        "POL_STAName": "Savanoor PS",
        "KGISPSCode": "PS - 338",
        "district": "Haveri"
      },
      "geometry": {
        "type": "Point",
        "coordinates": [
          75.337762000326,
          14.9774270003781
        ]
      }
    },
    {
      "type": "Feature",
      "properties": {
        "OBJECTID": "309",
        "DepartmentCode": "164391931",
        "KGISVillageID": "7875",
        "KGISCode": "29564054898031010000HMPOLPUOFFPOS0001",
        "KGISPOL_STAID": "339",
        "POL_STAName": "Bankapura PS",
        "KGISPSCode": "PS - 339",
        "district": "Haveri"
      },
      "geometry": {
        "type": "Point",
        "coordinates": [
          75.2700669998461,
          14.9147049998035
        ]
      }
    },
    {
      "type": "Feature",
      "properties": {
        "OBJECTID": "310",
        "DepartmentCode": "164390155",
        "KGISVillageID": "7948",
        "KGISCode": "29564054898031000000HMPOLPUOFFPOS0001",
        "KGISPOL_STAID": "340",
        "POL_STAName": "Shiggaon PS",
        "KGISPSCode": "PS - 340",
        "district": "Haveri"
      },
      "geometry": {
        "type": "Point",
        "coordinates": [
          75.2264729998747,
          14.9893919999285
        ]
      }
    },
    {
      "type": "Feature",
      "properties": {
        "OBJECTID": "311",
        "DepartmentCode": "164541586",
        "KGISVillageID": "3553",
        "KGISCode": "29579055846205880000HMPOLPUOFFPOS0001",
        "KGISPOL_STAID": "398",
        "POL_STAName": "Kurakunta PS",
        "KGISPSCode": "PS - 398",
        "district": "Gulbarga"
      },
      "geometry": {
        "type": "Point",
        "coordinates": [
          77.3572381026542,
          17.191918944577
        ]
      }
    },
    {
      "type": "Feature",
      "properties": {
        "OBJECTID": "312",
        "DepartmentCode": "164541588",
        "KGISVillageID": "3555",
        "KGISCode": "29579055846204950000HMPOLPUOFFPOS0001",
        "KGISPOL_STAID": "399",
        "POL_STAName": "Malkhed PS",
        "KGISPSCode": "PS - 399",
        "district": "Gulbarga"
      },
      "geometry": {
        "type": "Point",
        "coordinates": [
          77.1610946198291,
          17.1951928087024
        ]
      }
    },
    {
      "type": "Feature",
      "properties": {
        "OBJECTID": "313",
        "DepartmentCode": "164541585",
        "KGISVillageID": "3563",
        "KGISCode": "29579055848032090000HMPOLPUOFFPOS0001",
        "KGISPOL_STAID": "400",
        "POL_STAName": "Sedam PS",
        "KGISPSCode": "PS - 400",
        "district": "Gulbarga"
      },
      "geometry": {
        "type": "Point",
        "coordinates": [
          77.285180000018,
          17.1798499998816
        ]
      }
    },
    {
      "type": "Feature",
      "properties": {
        "OBJECTID": "314",
        "DepartmentCode": "164541583",
        "KGISVillageID": "2920",
        "KGISCode": "29579055836204270000HMPOLPUOFFPOS0001",
        "KGISPOL_STAID": "401",
        "POL_STAName": "Ratkal PS",
        "KGISPSCode": "PS - 401",
        "district": "Gulbarga"
      },
      "geometry": {
        "type": "Point",
        "coordinates": [
          77.1067999999647,
          17.451700000228
        ]
      }
    },
    {
      "type": "Feature",
      "properties": {
        "OBJECTID": "315",
        "DepartmentCode": "164541582",
        "KGISVillageID": "2958",
        "KGISCode": "29579055836204380000HMPOLPUOFFPOS0001",
        "KGISPOL_STAID": "402",
        "POL_STAName": "Sulepet PS",
        "KGISPSCode": "PS - 402",
        "district": "Gulbarga"
      },
      "geometry": {
        "type": "Point",
        "coordinates": [
          77.3403333331155,
          17.4026666674397
        ]
      }
    },
    {
      "type": "Feature",
      "properties": {
        "OBJECTID": "316",
        "DepartmentCode": "169850687",
        "KGISVillageID": "3351",
        "KGISCode": "29579055828032070000HMPOLPUOFFPOS0001",
        "KGISPOL_STAID": "403",
        "POL_STAName": "Ashoknagar PS",
        "KGISPSCode": "PS - 403",
        "district": "Gulbarga"
      },
      "geometry": {
        "type": "Point",
        "coordinates": [
          76.8155555558063,
          17.3223333326348
        ]
      }
    },
    {
      "type": "Feature",
      "properties": {
        "OBJECTID": "317",
        "DepartmentCode": "169850688",
        "KGISVillageID": "3347",
        "KGISCode": "29579055828032070000HMPOLPUOFFPOS0002",
        "KGISPOL_STAID": "404",
        "POL_STAName": "Brahmapur PS",
        "KGISPSCode": "PS - 404",
        "district": "Gulbarga"
      },
      "geometry": {
        "type": "Point",
        "coordinates": [
          76.8378589999124,
          17.3384080003502
        ]
      }
    },
    {
      "type": "Feature",
      "properties": {
        "OBJECTID": "318",
        "DepartmentCode": "164541561",
        "KGISVillageID": "3351",
        "KGISCode": "29579055828032070000HMPOLPUOFFPOS0003",
        "KGISPOL_STAID": "405",
        "POL_STAName": "Kalaburagi Women PS",
        "KGISPSCode": "PS - 405",
        "district": "Gulbarga"
      },
      "geometry": {
        "type": "Point",
        "coordinates": [
          76.8367300003187,
          17.3281260002712
        ]
      }
    },
    {
      "type": "Feature",
      "properties": {
        "OBJECTID": "319",
        "DepartmentCode": "169851557",
        "KGISVillageID": "3351",
        "KGISCode": "29579055828032070000HMPOLPUOFFPOS0004",
        "KGISPOL_STAID": "406",
        "POL_STAName": "Ragavendra nagar PS",
        "KGISPSCode": "PS - 406",
        "district": "Gulbarga"
      },
      "geometry": {
        "type": "Point",
        "coordinates": [
          76.8180720002851,
          17.3372689999503
        ]
      }
    },
    {
      "type": "Feature",
      "properties": {
        "OBJECTID": "320",
        "DepartmentCode": "169850686",
        "KGISVillageID": "3351",
        "KGISCode": "29579055828032070000HMPOLPUOFFPOS0005",
        "KGISPOL_STAID": "407",
        "POL_STAName": "Station Bazar PS",
        "KGISPSCode": "PS - 407",
        "district": "Gulbarga"
      },
      "geometry": {
        "type": "Point",
        "coordinates": [
          76.8258684998396,
          17.3168455002079
        ]
      }
    },
    {
      "type": "Feature",
      "properties": {
        "OBJECTID": "321",
        "DepartmentCode": "169850696",
        "KGISVillageID": "3347",
        "KGISCode": "29579055828032070000HMPOLPUOFFPOS0006",
        "KGISPOL_STAID": "408",
        "POL_STAName": "Roza PS",
        "KGISPSCode": "PS - 408",
        "district": "Gulbarga"
      },
      "geometry": {
        "type": "Point",
        "coordinates": [
          76.8518299998414,
          17.3459640000262
        ]
      }
    },
    {
      "type": "Feature",
      "properties": {
        "OBJECTID": "322",
        "DepartmentCode": "169850708",
        "KGISVillageID": "3379",
        "KGISCode": "29579055828032070000HMPOLPUOFFPOS0007",
        "KGISPOL_STAID": "409",
        "POL_STAName": "Sub Urban PS",
        "KGISPSCode": "PS - 409",
        "district": "Gulbarga"
      },
      "geometry": {
        "type": "Point",
        "coordinates": [
          76.840316667452,
          17.3519000003488
        ]
      }
    },
    {
      "type": "Feature",
      "properties": {
        "OBJECTID": "323",
        "DepartmentCode": "164540709",
        "KGISVillageID": "3421",
        "KGISCode": "29579055826202070000HMPOLPUOFFPOS0001",
        "KGISPOL_STAID": "410",
        "POL_STAName": "Mahagoan PS",
        "KGISPSCode": "PS - 410",
        "district": "Gulbarga"
      },
      "geometry": {
        "type": "Point",
        "coordinates": [
          76.9414999997523,
          17.5191666671176
        ]
      }
    },
    {
      "type": "Feature",
      "properties": {
        "OBJECTID": "324",
        "DepartmentCode": "169730041",
        "KGISVillageID": "28431",
        "KGISCode": "29577055728031940000HMPOLPUOFFPOS0015",
        "KGISPOL_STAID": "452",
        "POL_STAName": "Narasimharaja PS",
        "KGISPSCode": "PS - 452",
        "district": "Mysore"
      },
      "geometry": {
        "type": "Point",
        "coordinates": [
          76.6640019996344,
          12.3348370001307
        ]
      }
    },
    {
      "type": "Feature",
      "properties": {
        "OBJECTID": "325",
        "DepartmentCode": "169730044",
        "KGISVillageID": "28463",
        "KGISCode": "29577055728031940000HMPOLPUOFFPOS0016",
        "KGISPOL_STAID": "453",
        "POL_STAName": "V.V. Puram PS",
        "KGISPSCode": "PS - 453",
        "district": "Mysore"
      },
      "geometry": {
        "type": "Point",
        "coordinates": [
          76.6328360000982,
          12.3261190002503
        ]
      }
    },
    {
      "type": "Feature",
      "properties": {
        "OBJECTID": "326",
        "DepartmentCode": "169730045",
        "KGISVillageID": "28444",
        "KGISCode": "29577055726188290000HMPOLPUOFFPOS0002",
        "KGISPOL_STAID": "454",
        "POL_STAName": "Vijayanagar PS",
        "KGISPSCode": "PS - 454",
        "district": "Mysore"
      },
      "geometry": {
        "type": "Point",
        "coordinates": [
          76.6016359995834,
          12.3368890004213
        ]
      }
    },
    {
      "type": "Feature",
      "properties": {
        "OBJECTID": "327",
        "DepartmentCode": "164701246",
        "KGISVillageID": "6",
        "KGISCode": "29556054468030460000HMPOLPUOFFPOS0001",
        "KGISPOL_STAID": "455",
        "POL_STAName": "Badami PS",
        "KGISPSCode": "PS - 455",
        "district": "Bagalkot"
      },
      "geometry": {
        "type": "Point",
        "coordinates": [
          75.6785770002963,
          15.9239249999605
        ]
      }
    },
    {
      "type": "Feature",
      "properties": {
        "OBJECTID": "328",
        "DepartmentCode": "164701249",
        "KGISVillageID": "63",
        "KGISCode": "29556054465986670000HMPOLPUOFFPOS0001",
        "KGISPOL_STAID": "456",
        "POL_STAName": "Guledagudda PS",
        "KGISPSCode": "PS - 456",
        "district": "Bagalkot"
      },
      "geometry": {
        "type": "Point",
        "coordinates": [
          75.7741300002249,
          16.0482199997634
        ]
      }
    },
    {
      "type": "Feature",
      "properties": {
        "OBJECTID": "329",
        "DepartmentCode": "164701247",
        "KGISVillageID": "101",
        "KGISCode": "29556054468030450000HMPOLPUOFFPOS0001",
        "KGISPOL_STAID": "457",
        "POL_STAName": "Kerur PS",
        "KGISPSCode": "PS - 457",
        "district": "Bagalkot"
      },
      "geometry": {
        "type": "Point",
        "coordinates": [
          75.5476549998461,
          16.0148040000359
        ]
      }
    },
    {
      "type": "Feature",
      "properties": {
        "OBJECTID": "330",
        "DepartmentCode": "164701238",
        "KGISVillageID": "153",
        "KGISCode": "29556054478030480000HMPOLPUOFFPOS0001",
        "KGISPOL_STAID": "458",
        "POL_STAName": "Bagalkot Rural PS",
        "KGISPSCode": "PS - 458",
        "district": "Bagalkot"
      },
      "geometry": {
        "type": "Point",
        "coordinates": [
          75.6924640003567,
          16.1810079997981
        ]
      }
    },
    {
      "type": "Feature",
      "properties": {
        "OBJECTID": "331",
        "DepartmentCode": "164701240",
        "KGISVillageID": "186",
        "KGISCode": "29556054475987740000HMPOLPUOFFPOS0001",
        "KGISPOL_STAID": "459",
        "POL_STAName": "Kaladagi PS",
        "KGISPSCode": "PS - 459",
        "district": "Bagalkot"
      },
      "geometry": {
        "type": "Point",
        "coordinates": [
          75.4973190001042,
          16.206481999764
        ]
      }
    },
    {
      "type": "Feature",
      "properties": {
        "OBJECTID": "332",
        "DepartmentCode": "164701888",
        "KGISVillageID": "167",
        "KGISCode": "29556054475988620000HMPOLPUOFFPOS0001",
        "KGISPOL_STAID": "460",
        "POL_STAName": "Navanagara PS",
        "KGISPSCode": "PS - 460",
        "district": "Bagalkot"
      },
      "geometry": {
        "type": "Point",
        "coordinates": [
          75.661539999842,
          16.1590699995552
        ]
      }
    },
    {
      "type": "Feature",
      "properties": {
        "OBJECTID": "333",
        "DepartmentCode": "164701258",
        "KGISVillageID": "619",
        "KGISCode": "29556054458030390000HMPOLPUOFFPOS0001",
        "KGISPOL_STAID": "471",
        "POL_STAName": "Mahalingapur PS",
        "KGISPSCode": "PS - 471",
        "district": "Bagalkot"
      },
      "geometry": {
        "type": "Point",
        "coordinates": [
          75.1085099997695,
          16.402139999676
        ]
      }
    },
    {
      "type": "Feature",
      "properties": {
        "OBJECTID": "334",
        "DepartmentCode": "164701255",
        "KGISVillageID": "628",
        "KGISCode": "29556054455985720000HMPOLPUOFFPOS0001",
        "KGISPOL_STAID": "472",
        "POL_STAName": "Mudhol PS",
        "KGISPSCode": "PS - 472",
        "district": "Bagalkot"
      },
      "geometry": {
        "type": "Point",
        "coordinates": [
          75.2849799999859,
          16.3299099999239
        ]
      }
    },
    {
      "type": "Feature",
      "properties": {
        "OBJECTID": "335",
        "DepartmentCode": "164441486",
        "KGISVillageID": "693",
        "KGISCode": "29555054345972760000HMPOLPUOFFPOS0001",
        "KGISPOL_STAID": "473",
        "POL_STAName": "Kagawad PS",
        "KGISPSCode": "PS - 473",
        "district": "Belgaum"
      },
      "geometry": {
        "type": "Point",
        "coordinates": [
          74.7167199998821,
          16.6959899998383
        ]
      }
    },
    {
      "type": "Feature",
      "properties": {
        "OBJECTID": "336",
        "DepartmentCode": "164441487",
        "KGISVillageID": "713",
        "KGISCode": "29555054345973300000HMPOLPUOFFPOS0001",
        "KGISPOL_STAID": "474",
        "POL_STAName": "Aigali PS",
        "KGISPSCode": "PS - 474",
        "district": "Belgaum"
      },
      "geometry": {
        "type": "Point",
        "coordinates": [
          75.249869999662,
          16.7794599996093
        ]
      }
    },
    {
      "type": "Feature",
      "properties": {
        "OBJECTID": "337",
        "DepartmentCode": "164441483",
        "KGISVillageID": "1693",
        "KGISCode": "29555054358030260000HMPOLPUOFFPOS0001",
        "KGISPOL_STAID": "475",
        "POL_STAName": "Raibag PS",
        "KGISPSCode": "PS - 475",
        "district": "Belgaum"
      },
      "geometry": {
        "type": "Point",
        "coordinates": [
          74.7702269650968,
          16.4923112815444
        ]
      }
    },
    {
      "type": "Feature",
      "properties": {
        "OBJECTID": "338",
        "DepartmentCode": "164441484",
        "KGISVillageID": "1655",
        "KGISCode": "29555054355973830000HMPOLPUOFFPOS0001",
        "KGISPOL_STAID": "476",
        "POL_STAName": "Kudachi PS",
        "KGISPSCode": "PS - 476",
        "district": "Belgaum"
      },
      "geometry": {
        "type": "Point",
        "coordinates": [
          74.8545299996688,
          16.6244499999013
        ]
      }
    },
    {
      "type": "Feature",
      "properties": {
        "OBJECTID": "339",
        "DepartmentCode": "164442126",
        "KGISVillageID": "1647",
        "KGISCode": "29555054355973920000HMPOLPUOFFPOS0001",
        "KGISPOL_STAID": "477",
        "POL_STAName": "Harugeri PS",
        "KGISPSCode": "PS - 477",
        "district": "Belgaum"
      },
      "geometry": {
        "type": "Point",
        "coordinates": [
          74.9494329003037,
          16.5158556999823
        ]
      }
    },
    {
      "type": "Feature",
      "properties": {
        "OBJECTID": "340",
        "DepartmentCode": "164441464",
        "KGISVillageID": "738",
        "KGISCode": "29555054408030360000HMPOLPUOFFPOS0001",
        "KGISPOL_STAID": "478",
        "POL_STAName": "Bailhongal PS",
        "KGISPSCode": "PS - 478",
        "district": "Belgaum"
      },
      "geometry": {
        "type": "Point",
        "coordinates": [
          74.8629139995728,
          15.8184370002436
        ]
      }
    },
    {
      "type": "Feature",
      "properties": {
        "OBJECTID": "341",
        "DepartmentCode": "164441465",
        "KGISVillageID": "861",
        "KGISCode": "29555054405980250000HMPOLPUOFFPOS0001",
        "KGISPOL_STAID": "479",
        "POL_STAName": "Nesargi PS",
        "KGISPSCode": "PS - 479",
        "district": "Belgaum"
      },
      "geometry": {
        "type": "Point",
        "coordinates": [
          74.7773165105562,
          15.9056305303844
        ]
      }
    },
    {
      "type": "Feature",
      "properties": {
        "OBJECTID": "342",
        "DepartmentCode": "164440314",
        "KGISVillageID": "1610",
        "KGISCode": "29555054398030350000HMPOLPUOFFPOS0001",
        "KGISPOL_STAID": "480",
        "POL_STAName": "Khanapur PS",
        "KGISPSCode": "PS - 480",
        "district": "Belgaum"
      },
      "geometry": {
        "type": "Point",
        "coordinates": [
          74.5055582233609,
          15.6363011796796
        ]
      }
    },
    {
      "type": "Feature",
      "properties": {
        "OBJECTID": "343",
        "DepartmentCode": "164440315",
        "KGISVillageID": "1440",
        "KGISCode": "29555054395980210000HMPOLPUOFFPOS0001",
        "KGISPOL_STAID": "481",
        "POL_STAName": "Nandagad PS",
        "KGISPSCode": "PS - 481",
        "district": "Belgaum"
      },
      "geometry": {
        "type": "Point",
        "coordinates": [
          74.5763650000587,
          15.5799300004464
        ]
      }
    },
    {
      "type": "Feature",
      "properties": {
        "OBJECTID": "344",
        "DepartmentCode": "164441467",
        "KGISVillageID": "749",
        "KGISCode": "29555054405981530000HMPOLPUOFFPOS0001",
        "KGISPOL_STAID": "482",
        "POL_STAName": "Doddawad PS",
        "KGISPSCode": "PS - 482",
        "district": "Belgaum"
      },
      "geometry": {
        "type": "Point",
        "coordinates": [
          74.9596999995475,
          15.6790689999975
        ]
      }
    },
    {
      "type": "Feature",
      "properties": {
        "OBJECTID": "345",
        "DepartmentCode": "164441466",
        "KGISVillageID": "804",
        "KGISCode": "29555054405981100000HMPOLPUOFFPOS0001",
        "KGISPOL_STAID": "483",
        "POL_STAName": "Kittur PS",
        "KGISPSCode": "PS - 483",
        "district": "Belgaum"
      },
      "geometry": {
        "type": "Point",
        "coordinates": [
          74.7880261093551,
          15.5998461090257
        ]
      }
    },
    {
      "type": "Feature",
      "properties": {
        "OBJECTID": "346",
        "DepartmentCode": "164442011",
        "KGISVillageID": "1037",
        "KGISCode": "29555054335971860000HMPOLPUOFFPOS0001",
        "KGISPOL_STAID": "484",
        "POL_STAName": "Ankali PS",
        "KGISPSCode": "PS - 484",
        "district": "Belgaum"
      },
      "geometry": {
        "type": "Point",
        "coordinates": [
          74.6702752823781,
          16.5400475269284
        ]
      }
    },
    {
      "type": "Feature",
      "properties": {
        "OBJECTID": "347",
        "DepartmentCode": "164441478",
        "KGISVillageID": "1040",
        "KGISCode": "29555054338030230000HMPOLPUOFFPOS0001",
        "KGISPOL_STAID": "485",
        "POL_STAName": "Chikkodi PS",
        "KGISPSCode": "PS - 485",
        "district": "Belgaum"
      },
      "geometry": {
        "type": "Point",
        "coordinates": [
          74.5767259995559,
          16.4240310000308
        ]
      }
    },
    {
      "type": "Feature",
      "properties": {
        "OBJECTID": "348",
        "DepartmentCode": "164441479",
        "KGISVillageID": "1136",
        "KGISCode": "29555054338030220000HMPOLPUOFFPOS0001",
        "KGISPOL_STAID": "486",
        "POL_STAName": "Sadalaga PS",
        "KGISPSCode": "PS - 486",
        "district": "Belgaum"
      },
      "geometry": {
        "type": "Point",
        "coordinates": [
          74.5324049998673,
          16.5497400000191
        ]
      }
    },
    {
      "type": "Feature",
      "properties": {
        "OBJECTID": "349",
        "DepartmentCode": "164441482",
        "KGISVillageID": "1109",
        "KGISCode": "29555054338030210000HMPOLPUOFFPOS0001",
        "KGISPOL_STAID": "487",
        "POL_STAName": "Basaweshwar Chowk PS",
        "KGISPSCode": "PS - 487",
        "district": "Belgaum"
      },
      "geometry": {
        "type": "Point",
        "coordinates": [
          74.3776648175465,
          16.4104677522245
        ]
      }
    },
    {
      "type": "Feature",
      "properties": {
        "OBJECTID": "350",
        "DepartmentCode": "164442204",
        "KGISVillageID": "1050",
        "KGISCode": "29555054335972020000HMPOLPUOFFPOS0001",
        "KGISPOL_STAID": "488",
        "POL_STAName": "Khadakalat PS",
        "KGISPSCode": "PS - 488",
        "district": "Belgaum"
      },
      "geometry": {
        "type": "Point",
        "coordinates": [
          74.470870000113,
          16.445990000007
        ]
      }
    },
    {
      "type": "Feature",
      "properties": {
        "OBJECTID": "351",
        "DepartmentCode": "164441481",
        "KGISVillageID": "1109",
        "KGISCode": "29555054338030210000HMPOLPUOFFPOS0002",
        "KGISPOL_STAID": "489",
        "POL_STAName": "Nippani Rural PS",
        "KGISPSCode": "PS - 489",
        "district": "Belgaum"
      },
      "geometry": {
        "type": "Point",
        "coordinates": [
          74.3838400000383,
          16.3942599998908
        ]
      }
    },
    {
      "type": "Feature",
      "properties": {
        "OBJECTID": "352",
        "DepartmentCode": "164441480",
        "KGISVillageID": "1109",
        "KGISCode": "29555054338030210000HMPOLPUOFFPOS0003",
        "KGISPOL_STAID": "490",
        "POL_STAName": "Nippani Town PS",
        "KGISPSCode": "PS - 490",
        "district": "Belgaum"
      },
      "geometry": {
        "type": "Point",
        "coordinates": [
          74.3838400000383,
          16.3942599998908
        ]
      }
    },
    {
      "type": "Feature",
      "properties": {
        "OBJECTID": "353",
        "DepartmentCode": "164440319",
        "KGISVillageID": "1196",
        "KGISCode": "29555054365974580000HMPOLPUOFFPOS0001",
        "KGISPOL_STAID": "491",
        "POL_STAName": "Gokak Rural PS",
        "KGISPSCode": "PS - 491",
        "district": "Belgaum"
      },
      "geometry": {
        "type": "Point",
        "coordinates": [
          74.8103599997942,
          16.1626710003463
        ]
      }
    },
    {
      "type": "Feature",
      "properties": {
        "OBJECTID": "354",
        "DepartmentCode": "164440323",
        "KGISVillageID": "1196",
        "KGISCode": "29555054365974580000HMPOLPUOFFPOS0002",
        "KGISPOL_STAID": "492",
        "POL_STAName": "Gokak Town PS",
        "KGISPSCode": "PS - 492",
        "district": "Belgaum"
      },
      "geometry": {
        "type": "Point",
        "coordinates": [
          74.8209419994804,
          16.1678099999201
        ]
      }
    },
    {
      "type": "Feature",
      "properties": {
        "OBJECTID": "355",
        "DepartmentCode": "164441461",
        "KGISVillageID": "1282",
        "KGISCode": "29555054378030320000HMPOLPUOFFPOS0001",
        "KGISPOL_STAID": "493",
        "POL_STAName": "Hukkeri PS",
        "KGISPSCode": "PS - 493",
        "district": "Belgaum"
      },
      "geometry": {
        "type": "Point",
        "coordinates": [
          74.6051999999479,
          16.237519999851
        ]
      }
    },
    {
      "type": "Feature",
      "properties": {
        "OBJECTID": "356",
        "DepartmentCode": "164441462",
        "KGISVillageID": "1339",
        "KGISCode": "29555054378030310000HMPOLPUOFFPOS0001",
        "KGISPOL_STAID": "494",
        "POL_STAName": "Sankeshwar PS",
        "KGISPSCode": "PS - 494",
        "district": "Belgaum"
      },
      "geometry": {
        "type": "Point",
        "coordinates": [
          74.4877748480344,
          16.2546724238285
        ]
      }
    },
    {
      "type": "Feature",
      "properties": {
        "OBJECTID": "357",
        "DepartmentCode": "164441463",
        "KGISVillageID": "1359",
        "KGISCode": "29555054375976260000HMPOLPUOFFPOS0001",
        "KGISPOL_STAID": "495",
        "POL_STAName": "Yamakanmardi PS",
        "KGISPSCode": "PS - 495",
        "district": "Belgaum"
      },
      "geometry": {
        "type": "Point",
        "coordinates": [
          74.5160825813542,
          16.1287042171331
        ]
      }
    },
    {
      "type": "Feature",
      "properties": {
        "OBJECTID": "358",
        "DepartmentCode": "164441460",
        "KGISVillageID": "1163",
        "KGISCode": "29555054365974350000HMPOLPUOFFPOS0001",
        "KGISPOL_STAID": "496",
        "POL_STAName": "Ghataprabha PS",
        "KGISPSCode": "PS - 496",
        "district": "Belgaum"
      },
      "geometry": {
        "type": "Point",
        "coordinates": [
          74.7657475336946,
          16.2365737446017
        ]
      }
    },
    {
      "type": "Feature",
      "properties": {
        "OBJECTID": "359",
        "DepartmentCode": "164441459",
        "KGISVillageID": "1244",
        "KGISCode": "29555054365975190000HMPOLPUOFFPOS0001",
        "KGISPOL_STAID": "497",
        "POL_STAName": "Kulgod PS",
        "KGISPSCode": "PS - 497",
        "district": "Belgaum"
      },
      "geometry": {
        "type": "Point",
        "coordinates": [
          75.0464030000223,
          16.2446380001785
        ]
      }
    },
    {
      "type": "Feature",
      "properties": {
        "OBJECTID": "360",
        "DepartmentCode": "164441458",
        "KGISVillageID": "1165",
        "KGISCode": "29555054368030270000HMPOLPUOFFPOS0001",
        "KGISPOL_STAID": "498",
        "POL_STAName": "Mudalgi PS",
        "KGISPSCode": "PS - 498",
        "district": "Belgaum"
      },
      "geometry": {
        "type": "Point",
        "coordinates": [
          74.9641909998838,
          16.3374370001193
        ]
      }
    },
    {
      "type": "Feature",
      "properties": {
        "OBJECTID": "361",
        "DepartmentCode": "164510579",
        "KGISVillageID": "27550",
        "KGISCode": "29576055686180050000HMPOLPUOFFPOS0002",
        "KGISPOL_STAID": "612",
        "POL_STAName": "Virajpet Rural PS",
        "KGISPSCode": "PS - 612",
        "district": "Kodagu"
      },
      "geometry": {
        "type": "Point",
        "coordinates": [
          75.801103000425,
          12.1930489996655
        ]
      }
    },
    {
      "type": "Feature",
      "properties": {
        "OBJECTID": "362",
        "DepartmentCode": "164580876",
        "KGISVillageID": "24009",
        "KGISCode": "29573055526147750000HMPOLPUOFFPOS0001",
        "KGISPOL_STAID": "615",
        "POL_STAName": "Halagur PS",
        "KGISPSCode": "PS - 615",
        "district": "Mandya"
      },
      "geometry": {
        "type": "Point",
        "coordinates": [
          77.2283610003245,
          12.4274999996901
        ]
      }
    },
    {
      "type": "Feature",
      "properties": {
        "OBJECTID": "363",
        "DepartmentCode": "164580875",
        "KGISVillageID": "23809",
        "KGISCode": "29573055516146210000HMPOLPUOFFPOS0001",
        "KGISPOL_STAID": "616",
        "POL_STAName": "K.M. Doddi PS",
        "KGISPSCode": "PS - 616",
        "district": "Mandya"
      },
      "geometry": {
        "type": "Point",
        "coordinates": [
          77.035163999984,
          12.4893079996013
        ]
      }
    },
    {
      "type": "Feature",
      "properties": {
        "OBJECTID": "364",
        "DepartmentCode": "164581617",
        "KGISVillageID": "23844",
        "KGISCode": "29573055516145310000HMPOLPUOFFPOS0001",
        "KGISPOL_STAID": "617",
        "POL_STAName": "Besagaraghalli PS",
        "KGISPSCode": "PS - 617",
        "district": "Mandya"
      },
      "geometry": {
        "type": "Point",
        "coordinates": [
          77.0060279998678,
          12.63613900021
        ]
      }
    },
    {
      "type": "Feature",
      "properties": {
        "OBJECTID": "365",
        "DepartmentCode": "164581618",
        "KGISVillageID": "23779",
        "KGISCode": "29573055516145520000HMPOLPUOFFPOS0001",
        "KGISPOL_STAID": "618",
        "POL_STAName": "Kesthur PS",
        "KGISPSCode": "PS - 618",
        "district": "Mandya"
      },
      "geometry": {
        "type": "Point",
        "coordinates": [
          77.0607779999788,
          12.6916940003488
        ]
      }
    },
    {
      "type": "Feature",
      "properties": {
        "OBJECTID": "366",
        "DepartmentCode": "164581619",
        "KGISVillageID": "23861",
        "KGISCode": "29573055516145120000HMPOLPUOFFPOS0001",
        "KGISPOL_STAID": "619",
        "POL_STAName": "Koppa PS",
        "KGISPSCode": "PS - 619",
        "district": "Mandya"
      },
      "geometry": {
        "type": "Point",
        "coordinates": [
          76.9572330004139,
          12.7076889998692
        ]
      }
    },
    {
      "type": "Feature",
      "properties": {
        "OBJECTID": "367",
        "DepartmentCode": "164580877",
        "KGISVillageID": "23912",
        "KGISCode": "29573055518031690000HMPOLPUOFFPOS0001",
        "KGISPOL_STAID": "620",
        "POL_STAName": "Maddur PS",
        "KGISPSCode": "PS - 620",
        "district": "Mandya"
      },
      "geometry": {
        "type": "Point",
        "coordinates": [
          77.0413810003754,
          12.5877859997341
        ]
      }
    },
    {
      "type": "Feature",
      "properties": {
        "OBJECTID": "368",
        "DepartmentCode": "164580873",
        "KGISVillageID": "23938",
        "KGISCode": "29573055526148070000HMPOLPUOFFPOS0001",
        "KGISPOL_STAID": "621",
        "POL_STAName": "Belakavadi PS",
        "KGISPSCode": "PS - 621",
        "district": "Mandya"
      },
      "geometry": {
        "type": "Point",
        "coordinates": [
          77.1226469996849,
          12.2566390004105
        ]
      }
    },
    {
      "type": "Feature",
      "properties": {
        "OBJECTID": "369",
        "DepartmentCode": "164580872",
        "KGISVillageID": "24058",
        "KGISCode": "29573055526146800000HMPOLPUOFFPOS0001",
        "KGISPOL_STAID": "622",
        "POL_STAName": "Kirugavalu PS",
        "KGISPSCode": "PS - 622",
        "district": "Mandya"
      },
      "geometry": {
        "type": "Point",
        "coordinates": [
          76.9451390003695,
          12.3584720001596
        ]
      }
    },
    {
      "type": "Feature",
      "properties": {
        "OBJECTID": "370",
        "DepartmentCode": "164580871",
        "KGISVillageID": "24118",
        "KGISCode": "29573055528031700000HMPOLPUOFFPOS0001",
        "KGISPOL_STAID": "623",
        "POL_STAName": "Malavalli Rural PS",
        "KGISPSCode": "PS - 623",
        "district": "Mandya"
      },
      "geometry": {
        "type": "Point",
        "coordinates": [
          77.0602780001994,
          12.3836419995713
        ]
      }
    },
    {
      "type": "Feature",
      "properties": {
        "OBJECTID": "371",
        "DepartmentCode": "164580868",
        "KGISVillageID": "24118",
        "KGISCode": "29573055528031700000HMPOLPUOFFPOS0002",
        "KGISPOL_STAID": "624",
        "POL_STAName": "Malavalli Town PS",
        "KGISPSCode": "PS - 624",
        "district": "Mandya"
      },
      "geometry": {
        "type": "Point",
        "coordinates": [
          77.0604439997954,
          12.3835279995756
        ]
      }
    },
    {
      "type": "Feature",
      "properties": {
        "OBJECTID": "372",
        "DepartmentCode": "164580859",
        "KGISVillageID": "24133",
        "KGISCode": "29573055506143490000HMPOLPUOFFPOS0001",
        "KGISPOL_STAID": "625",
        "POL_STAName": "Basaralu PS",
        "KGISPSCode": "PS - 625",
        "district": "Mandya"
      },
      "geometry": {
        "type": "Point",
        "coordinates": [
          76.8172530001449,
          12.7058440002913
        ]
      }
    },
    {
      "type": "Feature",
      "properties": {
        "OBJECTID": "373",
        "DepartmentCode": "164580863",
        "KGISVillageID": "24252",
        "KGISCode": "29573055506143670000HMPOLPUOFFPOS0001",
        "KGISPOL_STAID": "626",
        "POL_STAName": "Keragodu PS",
        "KGISPSCode": "PS - 626",
        "district": "Mandya"
      },
      "geometry": {
        "type": "Point",
        "coordinates": [
          76.9170280004013,
          12.6428610000569
        ]
      }
    },
    {
      "type": "Feature",
      "properties": {
        "OBJECTID": "374",
        "DepartmentCode": "164580858",
        "KGISVillageID": "24310",
        "KGISCode": "29573055508031680000HMPOLPUOFFPOS0001",
        "KGISPOL_STAID": "627",
        "POL_STAName": "Mandya Rural PS",
        "KGISPSCode": "PS - 627",
        "district": "Mandya"
      },
      "geometry": {
        "type": "Point",
        "coordinates": [
          76.8844669996257,
          12.5194780001939
        ]
      }
    },
    {
      "type": "Feature",
      "properties": {
        "OBJECTID": "375",
        "DepartmentCode": "164580862",
        "KGISVillageID": "24230",
        "KGISCode": "29573055506144270000HMPOLPUOFFPOS0001",
        "KGISPOL_STAID": "628",
        "POL_STAName": "Shivalli PS",
        "KGISPSCode": "PS - 628",
        "district": "Mandya"
      },
      "geometry": {
        "type": "Point",
        "coordinates": [
          76.82389700023,
          12.5857060003029
        ]
      }
    },
    {
      "type": "Feature",
      "properties": {
        "OBJECTID": "376",
        "DepartmentCode": "164582161",
        "KGISVillageID": "24310",
        "KGISCode": "29573055508031680000HMPOLPUOFFPOS0002",
        "KGISPOL_STAID": "629",
        "POL_STAName": "Mandya Central PS",
        "KGISPSCode": "PS - 629",
        "district": "Mandya"
      },
      "geometry": {
        "type": "Point",
        "coordinates": [
          76.8851440004404,
          12.5230370001354
        ]
      }
    },
    {
      "type": "Feature",
      "properties": {
        "OBJECTID": "377",
        "DepartmentCode": "164580854",
        "KGISVillageID": "24310",
        "KGISCode": "29573055508031680000HMPOLPUOFFPOS0003",
        "KGISPOL_STAID": "630",
        "POL_STAName": "Mandya East PS",
        "KGISPSCode": "PS - 630",
        "district": "Mandya"
      },
      "geometry": {
        "type": "Point",
        "coordinates": [
          76.9007719999159,
          12.5284580000163
        ]
      }
    },
    {
      "type": "Feature",
      "properties": {
        "OBJECTID": "378",
        "DepartmentCode": "164580855",
        "KGISVillageID": "24310",
        "KGISCode": "29573055508031680000HMPOLPUOFFPOS0004",
        "KGISPOL_STAID": "631",
        "POL_STAName": "Mandya West PS",
        "KGISPSCode": "PS - 631",
        "district": "Mandya"
      },
      "geometry": {
        "type": "Point",
        "coordinates": [
          76.8907220000759,
          12.526693999669
        ]
      }
    },
    {
      "type": "Feature",
      "properties": {
        "OBJECTID": "379",
        "DepartmentCode": "164582162",
        "KGISVillageID": "24310",
        "KGISCode": "29573055508031680000HMPOLPUOFFPOS0005",
        "KGISPOL_STAID": "632",
        "POL_STAName": "Mandya Women PS",
        "KGISPSCode": "PS - 632",
        "district": "Mandya"
      },
      "geometry": {
        "type": "Point",
        "coordinates": [
          76.9007719999159,
          12.5284580000163
        ]
      }
    },
    {
      "type": "Feature",
      "properties": {
        "OBJECTID": "380",
        "DepartmentCode": "164580850",
        "KGISVillageID": "23627",
        "KGISCode": "29573055468031640000HMPOLPUOFFPOS0001",
        "KGISPOL_STAID": "633",
        "POL_STAName": "K.R. Pet Rural PS",
        "KGISPSCode": "PS - 633",
        "district": "Mandya"
      },
      "geometry": {
        "type": "Point",
        "coordinates": [
          76.4883279999052,
          12.6593889999904
        ]
      }
    },
    {
      "type": "Feature",
      "properties": {
        "OBJECTID": "381",
        "DepartmentCode": "164580849",
        "KGISVillageID": "23627",
        "KGISCode": "29573055468031640000HMPOLPUOFFPOS0002",
        "KGISPOL_STAID": "634",
        "POL_STAName": "K.R. Pet Town PS",
        "KGISPSCode": "PS - 634",
        "district": "Mandya"
      },
      "geometry": {
        "type": "Point",
        "coordinates": [
          76.4882890000802,
          12.6592419997099
        ]
      }
    },
    {
      "type": "Feature",
      "properties": {
        "OBJECTID": "382",
        "DepartmentCode": "164580853",
        "KGISVillageID": "23574",
        "KGISCode": "29573055466133990000HMPOLPUOFFPOS0001",
        "KGISPOL_STAID": "635",
        "POL_STAName": "Kikkeri PS",
        "KGISPSCode": "PS - 635",
        "district": "Mandya"
      },
      "geometry": {
        "type": "Point",
        "coordinates": [
          76.4229170001883,
          12.7687169998611
        ]
      }
    },
    {
      "type": "Feature",
      "properties": {
        "OBJECTID": "383",
        "DepartmentCode": "164580867",
        "KGISVillageID": "24326",
        "KGISCode": "29573055476137100000HMPOLPUOFFPOS0001",
        "KGISPOL_STAID": "636",
        "POL_STAName": "Bellur PS",
        "KGISPSCode": "PS - 636",
        "district": "Mandya"
      },
      "geometry": {
        "type": "Point",
        "coordinates": [
          76.7356419995543,
          12.9814419997485
        ]
      }
    },
    {
      "type": "Feature",
      "properties": {
        "OBJECTID": "384",
        "DepartmentCode": "164580866",
        "KGISVillageID": "24410",
        "KGISCode": "29573055476137920000HMPOLPUOFFPOS0001",
        "KGISPOL_STAID": "637",
        "POL_STAName": "Bindiganavile PS",
        "KGISPSCode": "PS - 637",
        "district": "Mandya"
      },
      "geometry": {
        "type": "Point",
        "coordinates": [
          76.6309659996206,
          12.881194000452
        ]
      }
    },
    {
      "type": "Feature",
      "properties": {
        "OBJECTID": "385",
        "DepartmentCode": "164581889",
        "KGISVillageID": "24673",
        "KGISCode": "29573055478031650000HMPOLPUOFFPOS0001",
        "KGISPOL_STAID": "638",
        "POL_STAName": "Nagamangala Rural  PS",
        "KGISPSCode": "PS - 638",
        "district": "Mandya"
      },
      "geometry": {
        "type": "Point",
        "coordinates": [
          76.7588530000804,
          12.8308810001486
        ]
      }
    },
    {
      "type": "Feature",
      "properties": {
        "OBJECTID": "386",
        "DepartmentCode": "164580864",
        "KGISVillageID": "24673",
        "KGISCode": "29573055478031650000HMPOLPUOFFPOS0002",
        "KGISPOL_STAID": "639",
        "POL_STAName": "Nagamangala Town PS",
        "KGISPSCode": "PS - 639",
        "district": "Mandya"
      },
      "geometry": {
        "type": "Point",
        "coordinates": [
          76.7563030003642,
          12.8198189999741
        ]
      }
    },
    {
      "type": "Feature",
      "properties": {
        "OBJECTID": "387",
        "DepartmentCode": "164580848",
        "KGISVillageID": "24857",
        "KGISCode": "29573055486141890000HMPOLPUOFFPOS0001",
        "KGISPOL_STAID": "640",
        "POL_STAName": "Pandavapura PS",
        "KGISPSCode": "PS - 640",
        "district": "Mandya"
      },
      "geometry": {
        "type": "Point",
        "coordinates": [
          76.6735810001632,
          12.5030060002854
        ]
      }
    },
    {
      "type": "Feature",
      "properties": {
        "OBJECTID": "388",
        "DepartmentCode": "164580845",
        "KGISVillageID": "24879",
        "KGISCode": "29573055496142700000HMPOLPUOFFPOS0001",
        "KGISPOL_STAID": "641",
        "POL_STAName": "Arakere PS",
        "KGISPSCode": "PS - 641",
        "district": "Mandya"
      },
      "geometry": {
        "type": "Point",
        "coordinates": [
          76.8135740001178,
          12.4106780003366
        ]
      }
    },
    {
      "type": "Feature",
      "properties": {
        "OBJECTID": "389",
        "DepartmentCode": "164580846",
        "KGISVillageID": "24916",
        "KGISCode": "29573055496143100000HMPOLPUOFFPOS0001",
        "KGISPOL_STAID": "642",
        "POL_STAName": "K.R. Sagar PS",
        "KGISPSCode": "PS - 642",
        "district": "Mandya"
      },
      "geometry": {
        "type": "Point",
        "coordinates": [
          76.572416999823,
          12.4057780002984
        ]
      }
    },
    {
      "type": "Feature",
      "properties": {
        "OBJECTID": "390",
        "DepartmentCode": "164581912",
        "KGISVillageID": "24799",
        "KGISCode": "29573055486140530000HMPOLPUOFFPOS0001",
        "KGISPOL_STAID": "643",
        "POL_STAName": "Melukote PS",
        "KGISPSCode": "PS - 643",
        "district": "Mandya"
      },
      "geometry": {
        "type": "Point",
        "coordinates": [
          76.6480829996999,
          12.6617360000175
        ]
      }
    },
    {
      "type": "Feature",
      "properties": {
        "OBJECTID": "391",
        "DepartmentCode": "164580844",
        "KGISVillageID": "24973",
        "KGISCode": "29573055498031670000HMPOLPUOFFPOS0001",
        "KGISPOL_STAID": "644",
        "POL_STAName": "Srirangapatna PS",
        "KGISPSCode": "PS - 644",
        "district": "Mandya"
      },
      "geometry": {
        "type": "Point",
        "coordinates": [
          76.6830810004348,
          12.4239850002271
        ]
      }
    },
    {
      "type": "Feature",
      "properties": {
        "OBJECTID": "392",
        "DepartmentCode": "164582160",
        "KGISVillageID": "24973",
        "KGISCode": "29573055498031670000HMPOLPUOFFPOS0002",
        "KGISPOL_STAID": "645",
        "POL_STAName": "Srirangapatna Rural PS",
        "KGISPSCode": "PS - 645",
        "district": "Mandya"
      },
      "geometry": {
        "type": "Point",
        "coordinates": [
          76.6913580002078,
          12.4145859999968
        ]
      }
    },
    {
      "type": "Feature",
      "properties": {
        "OBJECTID": "393",
        "DepartmentCode": "164590897",
        "KGISVillageID": "27613",
        "KGISCode": "29577055736190240000HMPOLPUOFFPOS0001",
        "KGISPOL_STAID": "646",
        "POL_STAName": "Beechanahalli PS",
        "KGISPSCode": "PS - 646",
        "district": "Mysore"
      },
      "geometry": {
        "type": "Point",
        "coordinates": [
          76.3499666674012,
          11.9907305560008
        ]
      }
    },
    {
      "type": "Feature",
      "properties": {
        "OBJECTID": "394",
        "DepartmentCode": "164590896",
        "KGISVillageID": "27643",
        "KGISCode": "29577055736188750000HMPOLPUOFFPOS0001",
        "KGISPOL_STAID": "647",
        "POL_STAName": "H.D. Kote PS",
        "KGISPSCode": "PS - 647",
        "district": "Mysore"
      },
      "geometry": {
        "type": "Point",
        "coordinates": [
          76.3317611107035,
          12.0901805560091
        ]
      }
    },
    {
      "type": "Feature",
      "properties": {
        "OBJECTID": "395",
        "DepartmentCode": "164590898",
        "KGISVillageID": "27813",
        "KGISCode": "29577055736189880000HMPOLPUOFFPOS0001",
        "KGISPOL_STAID": "648",
        "POL_STAName": "Saragur PS",
        "KGISPSCode": "PS - 648",
        "district": "Mysore"
      },
      "geometry": {
        "type": "Point",
        "coordinates": [
          76.3953694440388,
          12.0029999997257
        ]
      }
    },
    {
      "type": "Feature",
      "properties": {
        "OBJECTID": "396",
        "DepartmentCode": "164590894",
        "KGISVillageID": "27872",
        "KGISCode": "29577055706184620000HMPOLPUOFFPOS0001",
        "KGISPOL_STAID": "649",
        "POL_STAName": "Bilikere PS",
        "KGISPSCode": "PS - 649",
        "district": "Mysore"
      },
      "geometry": {
        "type": "Point",
        "coordinates": [
          76.4477555556761,
          12.3359111112243
        ]
      }
    },
    {
      "type": "Feature",
      "properties": {
        "OBJECTID": "397",
        "DepartmentCode": "164590893",
        "KGISVillageID": "28099",
        "KGISCode": "29577055706184180000HMPOLPUOFFPOS0001",
        "KGISPOL_STAID": "650",
        "POL_STAName": "Hunusur Rural PS",
        "KGISPSCode": "PS - 650",
        "district": "Mysore"
      },
      "geometry": {
        "type": "Point",
        "coordinates": [
          76.2940972218105,
          12.3074194444243
        ]
      }
    },
    {
      "type": "Feature",
      "properties": {
        "OBJECTID": "398",
        "DepartmentCode": "164590892",
        "KGISVillageID": "28099",
        "KGISCode": "29577055706184180000HMPOLPUOFFPOS0002",
        "KGISPOL_STAID": "651",
        "POL_STAName": "Hunusur Town PS",
        "KGISPSCode": "PS - 651",
        "district": "Mysore"
      },
      "geometry": {
        "type": "Point",
        "coordinates": [
          76.2904972221703,
          12.3052972219234
        ]
      }
    },
    {
      "type": "Feature",
      "properties": {
        "OBJECTID": "399",
        "DepartmentCode": "164591604",
        "KGISVillageID": "28736",
        "KGISCode": "29577055696181710000HMPOLPUOFFPOS0001",
        "KGISPOL_STAID": "652",
        "POL_STAName": "Bettadapura PS",
        "KGISPSCode": "PS - 652",
        "district": "Mysore"
      },
      "geometry": {
        "type": "Point",
        "coordinates": [
          76.1012388886752,
          12.4656666670044
        ]
      }
    },
    {
      "type": "Feature",
      "properties": {
        "OBJECTID": "400",
        "DepartmentCode": "164591602",
        "KGISVillageID": "28805",
        "KGISCode": "29577055696181410000HMPOLPUOFFPOS0001",
        "KGISPOL_STAID": "653",
        "POL_STAName": "Bylakuppe PS",
        "KGISPSCode": "PS - 653",
        "district": "Mysore"
      },
      "geometry": {
        "type": "Point",
        "coordinates": [
          75.9974277780029,
          12.4271888886405
        ]
      }
    },
    {
      "type": "Feature",
      "properties": {
        "OBJECTID": "401",
        "DepartmentCode": "164591600",
        "KGISVillageID": "28883",
        "KGISCode": "29577055698031910000HMPOLPUOFFPOS0001",
        "KGISPOL_STAID": "654",
        "POL_STAName": "Periyapatna PS",
        "KGISPSCode": "PS - 654",
        "district": "Mysore"
      },
      "geometry": {
        "type": "Point",
        "coordinates": [
          76.0886222220962,
          12.3374694440035
        ]
      }
    },
    {
      "type": "Feature",
      "properties": {
        "OBJECTID": "402",
        "DepartmentCode": "164590887",
        "KGISVillageID": "28265",
        "KGISCode": "29577055718031930000HMPOLPUOFFPOS0001",
        "KGISPOL_STAID": "655",
        "POL_STAName": "K.R. Nagar PS",
        "KGISPSCode": "PS - 655",
        "district": "Mysore"
      },
      "geometry": {
        "type": "Point",
        "coordinates": [
          76.3805666671765,
          12.4355861106706
        ]
      }
    },
    {
      "type": "Feature",
      "properties": {
        "OBJECTID": "403",
        "DepartmentCode": "164590888",
        "KGISVillageID": "28332",
        "KGISCode": "29577055716185300000HMPOLPUOFFPOS0001",
        "KGISPOL_STAID": "656",
        "POL_STAName": "Saligrama PS",
        "KGISPSCode": "PS - 656",
        "district": "Mysore"
      },
      "geometry": {
        "type": "Point",
        "coordinates": [
          76.263647222112,
          12.5621222223597
        ]
      }
    },
    {
      "type": "Feature",
      "properties": {
        "OBJECTID": "404",
        "DepartmentCode": "164590885",
        "KGISVillageID": "28397",
        "KGISCode": "29577055726187650000HMPOLPUOFFPOS0001",
        "KGISPOL_STAID": "657",
        "POL_STAName": "Jayapura PS",
        "KGISPSCode": "PS - 657",
        "district": "Mysore"
      },
      "geometry": {
        "type": "Point",
        "coordinates": [
          76.5552666667382,
          12.2047055562172
        ]
      }
    },
    {
      "type": "Feature",
      "properties": {
        "OBJECTID": "405",
        "DepartmentCode": "164590883",
        "KGISVillageID": "28460",
        "KGISCode": "29577055728031940000HMPOLPUOFFPOS0017",
        "KGISPOL_STAID": "658",
        "POL_STAName": "Mysore South PS",
        "KGISPSCode": "PS - 658",
        "district": "Mysore"
      },
      "geometry": {
        "type": "Point",
        "coordinates": [
          76.6643888891635,
          12.3128250001524
        ]
      }
    },
    {
      "type": "Feature",
      "properties": {
        "OBJECTID": "406",
        "DepartmentCode": "164592155",
        "KGISVillageID": "28501",
        "KGISCode": "29577055726187980000HMPOLPUOFFPOS0001",
        "KGISPOL_STAID": "659",
        "POL_STAName": "Varuna PS",
        "KGISPSCode": "PS - 659",
        "district": "Mysore"
      },
      "geometry": {
        "type": "Point",
        "coordinates": [
          76.8089027780329,
          12.2540861106456
        ]
      }
    },
    {
      "type": "Feature",
      "properties": {
        "OBJECTID": "407",
        "DepartmentCode": "164590884",
        "KGISVillageID": "28349",
        "KGISCode": "29577055726188250000HMPOLPUOFFPOS0001",
        "KGISPOL_STAID": "660",
        "POL_STAName": "Yelawala PS",
        "KGISPSCode": "PS - 660",
        "district": "Mysore"
      },
      "geometry": {
        "type": "Point",
        "coordinates": [
          76.5413583333045,
          12.3593888886838
        ]
      }
    },
    {
      "type": "Feature",
      "properties": {
        "OBJECTID": "408",
        "DepartmentCode": "164590903",
        "KGISVillageID": "28672",
        "KGISCode": "29577055746192490000HMPOLPUOFFPOS0001",
        "KGISPOL_STAID": "661",
        "POL_STAName": "Biligere PS",
        "KGISPSCode": "PS - 661",
        "district": "Mysore"
      },
      "geometry": {
        "type": "Point",
        "coordinates": [
          76.7456555563285,
          12.0698916665752
        ]
      }
    },
    {
      "type": "Feature",
      "properties": {
        "OBJECTID": "409",
        "DepartmentCode": "164591556",
        "KGISVillageID": "28631",
        "KGISCode": "29577055746191250000HMPOLPUOFFPOS0001",
        "KGISPOL_STAID": "662",
        "POL_STAName": "Hullahalli PS",
        "KGISPSCode": "PS - 662",
        "district": "Mysore"
      },
      "geometry": {
        "type": "Point",
        "coordinates": [
          76.5565750000767,
          12.0973055558715
        ]
      }
    },
    {
      "type": "Feature",
      "properties": {
        "OBJECTID": "410",
        "DepartmentCode": "164591611",
        "KGISVillageID": "28580",
        "KGISCode": "29577055746193000000HMPOLPUOFFPOS0001",
        "KGISPOL_STAID": "663",
        "POL_STAName": "Kowlande PS",
        "KGISPSCode": "PS - 663",
        "district": "Mysore"
      },
      "geometry": {
        "type": "Point",
        "coordinates": [
          76.7987944436249,
          12.0328249996388
        ]
      }
    },
    {
      "type": "Feature",
      "properties": {
        "OBJECTID": "411",
        "DepartmentCode": "164590902",
        "KGISVillageID": "28715",
        "KGISCode": "29577055746192430000HMPOLPUOFFPOS0001",
        "KGISPOL_STAID": "664",
        "POL_STAName": "Nanjanagudu Rural PS",
        "KGISPSCode": "PS - 664",
        "district": "Mysore"
      },
      "geometry": {
        "type": "Point",
        "coordinates": [
          76.6741499995896,
          12.1145611113237
        ]
      }
    },
    {
      "type": "Feature",
      "properties": {
        "OBJECTID": "412",
        "DepartmentCode": "164590901",
        "KGISVillageID": "28715",
        "KGISCode": "29577055746192430000HMPOLPUOFFPOS0002",
        "KGISPOL_STAID": "665",
        "POL_STAName": "Nanjanagudu Town PS",
        "KGISPSCode": "PS - 665",
        "district": "Mysore"
      },
      "geometry": {
        "type": "Point",
        "coordinates": [
          76.6861472222113,
          12.1181222219017
        ]
      }
    },
    {
      "type": "Feature",
      "properties": {
        "OBJECTID": "413",
        "DepartmentCode": "164590906",
        "KGISVillageID": "28946",
        "KGISCode": "29577055756193270000HMPOLPUOFFPOS0001",
        "KGISPOL_STAID": "666",
        "POL_STAName": "Bannur PS",
        "KGISPSCode": "PS - 666",
        "district": "Mysore"
      },
      "geometry": {
        "type": "Point",
        "coordinates": [
          76.8664222218755,
          12.3328861113612
        ]
      }
    },
    {
      "type": "Feature",
      "properties": {
        "OBJECTID": "414",
        "DepartmentCode": "164480481",
        "KGISVillageID": "10359",
        "KGISCode": "29570055298031480000HMPOLPUOFFPOS0001",
        "KGISPOL_STAID": "688",
        "POL_STAName": "Kadur PS",
        "KGISPSCode": "PS - 688",
        "district": "Chikmagalur"
      },
      "geometry": {
        "type": "Point",
        "coordinates": [
          76.0117877802284,
          13.555317508155
        ]
      }
    },
    {
      "type": "Feature",
      "properties": {
        "OBJECTID": "415",
        "DepartmentCode": "164480483",
        "KGISVillageID": "10480",
        "KGISCode": "29570055296095800000HMPOLPUOFFPOS0001",
        "KGISPOL_STAID": "689",
        "POL_STAName": "Panchanahalli PS",
        "KGISPSCode": "PS - 689",
        "district": "Chikmagalur"
      },
      "geometry": {
        "type": "Point",
        "coordinates": [
          76.3329329998881,
          13.5470429996333
        ]
      }
    },
    {
      "type": "Feature",
      "properties": {
        "OBJECTID": "416",
        "DepartmentCode": "164480482",
        "KGISVillageID": "10436",
        "KGISCode": "29570055296096050000HMPOLPUOFFPOS0001",
        "KGISPOL_STAID": "690",
        "POL_STAName": "Sakkaraya Patna PS",
        "KGISPSCode": "PS - 690",
        "district": "Chikmagalur"
      },
      "geometry": {
        "type": "Point",
        "coordinates": [
          75.9174889999256,
          13.43594899995
        ]
      }
    },
    {
      "type": "Feature",
      "properties": {
        "OBJECTID": "417",
        "DepartmentCode": "164480479",
        "KGISVillageID": "10499",
        "KGISCode": "29570055296094930000HMPOLPUOFFPOS0001",
        "KGISPOL_STAID": "691",
        "POL_STAName": "Singatagere PS",
        "KGISPSCode": "PS - 691",
        "district": "Chikmagalur"
      },
      "geometry": {
        "type": "Point",
        "coordinates": [
          76.1747570001965,
          13.5517830001316
        ]
      }
    },
    {
      "type": "Feature",
      "properties": {
        "OBJECTID": "418",
        "DepartmentCode": "164480474",
        "KGISVillageID": "10948",
        "KGISCode": "29570055286092780000HMPOLPUOFFPOS0001",
        "KGISPOL_STAID": "692",
        "POL_STAName": "Ajjampura PS",
        "KGISPSCode": "PS - 692",
        "district": "Chikmagalur"
      },
      "geometry": {
        "type": "Point",
        "coordinates": [
          75.999862000049,
          13.756626000254
        ]
      }
    },
    {
      "type": "Feature",
      "properties": {
        "OBJECTID": "419",
        "DepartmentCode": "164481750",
        "KGISVillageID": "11047",
        "KGISCode": "29570055286091140000HMPOLPUOFFPOS0001",
        "KGISPOL_STAID": "693",
        "POL_STAName": "Lakkavalli PS",
        "KGISPSCode": "PS - 693",
        "district": "Chikmagalur"
      },
      "geometry": {
        "type": "Point",
        "coordinates": [
          75.6534188935602,
          13.7014104337312
        ]
      }
    },
    {
      "type": "Feature",
      "properties": {
        "OBJECTID": "420",
        "DepartmentCode": "164480473",
        "KGISVillageID": "11073",
        "KGISCode": "29570055286093360000HMPOLPUOFFPOS0001",
        "KGISPOL_STAID": "694",
        "POL_STAName": "Lingadahalli PS",
        "KGISPSCode": "PS - 694",
        "district": "Chikmagalur"
      },
      "geometry": {
        "type": "Point",
        "coordinates": [
          75.8400519997675,
          13.6041459999855
        ]
      }
    },
    {
      "type": "Feature",
      "properties": {
        "OBJECTID": "421",
        "DepartmentCode": "164480468",
        "KGISVillageID": "10832",
        "KGISCode": "29570055276090950000HMPOLPUOFFPOS0001",
        "KGISPOL_STAID": "695",
        "POL_STAName": "Tarikere Town PS",
        "KGISPSCode": "PS - 695",
        "district": "Chikmagalur"
      },
      "geometry": {
        "type": "Point",
        "coordinates": [
          75.4828499998096,
          13.4244709997979
        ]
      }
    },
    {
      "type": "Feature",
      "properties": {
        "OBJECTID": "422",
        "DepartmentCode": "164631073",
        "KGISVillageID": "25963",
        "KGISCode": "29575055628031830000HMPOLPUOFFPOS0001",
        "KGISPOL_STAID": "696",
        "POL_STAName": "Bantwala Rural PS",
        "KGISPSCode": "PS - 696",
        "district": "DakshinaKannada"
      },
      "geometry": {
        "type": "Point",
        "coordinates": [
          75.0404499999249,
          12.8907833327236
        ]
      }
    },
    {
      "type": "Feature",
      "properties": {
        "OBJECTID": "423",
        "DepartmentCode": "164631072",
        "KGISVillageID": "25996",
        "KGISCode": "29575055628031830000HMPOLPUOFFPOS0002",
        "KGISPOL_STAID": "697",
        "POL_STAName": "Bantwala Town PS",
        "KGISPSCode": "PS - 697",
        "district": "DakshinaKannada"
      },
      "geometry": {
        "type": "Point",
        "coordinates": [
          75.0313750000531,
          12.8813960002963
        ]
      }
    },
    {
      "type": "Feature",
      "properties": {
        "OBJECTID": "424",
        "DepartmentCode": "164631074",
        "KGISVillageID": "26042",
        "KGISCode": "29575055626176050000HMPOLPUOFFPOS0001",
        "KGISPOL_STAID": "698",
        "POL_STAName": "Vitla PS",
        "KGISPSCode": "PS - 698",
        "district": "DakshinaKannada"
      },
      "geometry": {
        "type": "Point",
        "coordinates": [
          75.1016099998576,
          12.763360000292
        ]
      }
    },
    {
      "type": "Feature",
      "properties": {
        "OBJECTID": "425",
        "DepartmentCode": "164631070",
        "KGISVillageID": "25878",
        "KGISCode": "29575055638031840000HMPOLPUOFFPOS0001",
        "KGISPOL_STAID": "699",
        "POL_STAName": "Belthangadi PS",
        "KGISPSCode": "PS - 699",
        "district": "DakshinaKannada"
      },
      "geometry": {
        "type": "Point",
        "coordinates": [
          75.2827340000247,
          12.9899590000929
        ]
      }
    },
    {
      "type": "Feature",
      "properties": {
        "OBJECTID": "426",
        "DepartmentCode": "164632142",
        "KGISVillageID": "25907",
        "KGISCode": "29575055636176740000HMPOLPUOFFPOS0001",
        "KGISPOL_STAID": "700",
        "POL_STAName": "Dharmasthala PS",
        "KGISPSCode": "PS - 700",
        "district": "DakshinaKannada"
      },
      "geometry": {
        "type": "Point",
        "coordinates": [
          75.384191922713,
          12.9529425848431
        ]
      }
    },
    {
      "type": "Feature",
      "properties": {
        "OBJECTID": "427",
        "DepartmentCode": "164631926",
        "KGISVillageID": "25983",
        "KGISCode": "29575055626175450000HMPOLPUOFFPOS0001",
        "KGISPOL_STAID": "701",
        "POL_STAName": "Punjalkatte PS",
        "KGISPSCode": "PS - 701",
        "district": "DakshinaKannada"
      },
      "geometry": {
        "type": "Point",
        "coordinates": [
          75.1680902435035,
          12.9505758882037
        ]
      }
    },
    {
      "type": "Feature",
      "properties": {
        "OBJECTID": "428",
        "DepartmentCode": "164631672",
        "KGISVillageID": "25958",
        "KGISCode": "29575055636176180000HMPOLPUOFFPOS0001",
        "KGISPOL_STAID": "702",
        "POL_STAName": "VenoorPS",
        "KGISPSCode": "PS - 702",
        "district": "DakshinaKannada"
      },
      "geometry": {
        "type": "Point",
        "coordinates": [
          75.1391849997653,
          13.012608000149
        ]
      }
    },
    {
      "type": "Feature",
      "properties": {
        "OBJECTID": "429",
        "DepartmentCode": "164631063",
        "KGISVillageID": "26215",
        "KGISCode": "29575055646177320000HMPOLPUOFFPOS0001",
        "KGISPOL_STAID": "703",
        "POL_STAName": "Puttur Rural PS",
        "KGISPSCode": "PS - 703",
        "district": "DakshinaKannada"
      },
      "geometry": {
        "type": "Point",
        "coordinates": [
          75.2206207288605,
          12.7299336542509
        ]
      }
    },
    {
      "type": "Feature",
      "properties": {
        "OBJECTID": "430",
        "DepartmentCode": "164631064",
        "KGISVillageID": "26258",
        "KGISCode": "29575055646177520000HMPOLPUOFFPOS0001",
        "KGISPOL_STAID": "704",
        "POL_STAName": "Uppinangadi PS",
        "KGISPSCode": "PS - 704",
        "district": "DakshinaKannada"
      },
      "geometry": {
        "type": "Point",
        "coordinates": [
          75.2482300003386,
          12.8394549998839
        ]
      }
    },
    {
      "type": "Feature",
      "properties": {
        "OBJECTID": "431",
        "DepartmentCode": "164632158",
        "KGISVillageID": "26289",
        "KGISCode": "29575055656177560000HMPOLPUOFFPOS0001",
        "KGISPOL_STAID": "705",
        "POL_STAName": "Bellare PS",
        "KGISPSCode": "PS - 705",
        "district": "DakshinaKannada"
      },
      "geometry": {
        "type": "Point",
        "coordinates": [
          75.3708391857439,
          12.6640612816479
        ]
      }
    },
    {
      "type": "Feature",
      "properties": {
        "OBJECTID": "432",
        "DepartmentCode": "164631061",
        "KGISVillageID": "26314",
        "KGISCode": "29575055658031860000HMPOLPUOFFPOS0001",
        "KGISPOL_STAID": "706",
        "POL_STAName": "Sullia PS",
        "KGISPSCode": "PS - 706",
        "district": "DakshinaKannada"
      },
      "geometry": {
        "type": "Point",
        "coordinates": [
          75.3928840000462,
          12.5564220000149
        ]
      }
    },
    {
      "type": "Feature",
      "properties": {
        "OBJECTID": "433",
        "DepartmentCode": "164691202",
        "KGISVillageID": "14923",
        "KGISCode": "29569055236088320000HMPOLPUOFFPOS0001",
        "KGISPOL_STAID": "707",
        "POL_STAName": "Kapu PS",
        "KGISPSCode": "PS - 707",
        "district": "Udupi"
      },
      "geometry": {
        "type": "Point",
        "coordinates": [
          74.7482400004314,
          13.2284669997503
        ]
      }
    },
    {
      "type": "Feature",
      "properties": {
        "OBJECTID": "434",
        "DepartmentCode": "164691203",
        "KGISVillageID": "14919",
        "KGISCode": "29569055236088580000HMPOLPUOFFPOS0001",
        "KGISPOL_STAID": "708",
        "POL_STAName": "Padubidri PS",
        "KGISPSCode": "PS - 708",
        "district": "Udupi"
      },
      "geometry": {
        "type": "Point",
        "coordinates": [
          74.7701429996373,
          13.1408309998147
        ]
      }
    },
    {
      "type": "Feature",
      "properties": {
        "OBJECTID": "435",
        "DepartmentCode": "164691206",
        "KGISVillageID": "14928",
        "KGISCode": "29569055236088250000HMPOLPUOFFPOS0001",
        "KGISPOL_STAID": "709",
        "POL_STAName": "Shirva PS",
        "KGISPSCode": "PS - 709",
        "district": "Udupi"
      },
      "geometry": {
        "type": "Point",
        "coordinates": [
          74.832211999612,
          13.2111169997885
        ]
      }
    },
    {
      "type": "Feature",
      "properties": {
        "OBJECTID": "436",
        "DepartmentCode": "164691628",
        "KGISVillageID": "14719",
        "KGISCode": "29569055246088790000HMPOLPUOFFPOS0001",
        "KGISPOL_STAID": "710",
        "POL_STAName": "Ajekar PS",
        "KGISPSCode": "PS - 710",
        "district": "Udupi"
      },
      "geometry": {
        "type": "Point",
        "coordinates": [
          74.999538000391,
          13.3190330000313
        ]
      }
    },
    {
      "type": "Feature",
      "properties": {
        "OBJECTID": "437",
        "DepartmentCode": "164691225",
        "KGISVillageID": "14723",
        "KGISCode": "29569055246088680000HMPOLPUOFFPOS0001",
        "KGISPOL_STAID": "711",
        "POL_STAName": "Hebri PS",
        "KGISPSCode": "PS - 711",
        "district": "Udupi"
      },
      "geometry": {
        "type": "Point",
        "coordinates": [
          74.9899239999226,
          13.458648000026
        ]
      }
    },
    {
      "type": "Feature",
      "properties": {
        "OBJECTID": "438",
        "DepartmentCode": "164691221",
        "KGISVillageID": "14754",
        "KGISCode": "29569055248031420000HMPOLPUOFFPOS0001",
        "KGISPOL_STAID": "712",
        "POL_STAName": "Karkala Rural PS",
        "KGISPSCode": "PS - 712",
        "district": "Udupi"
      },
      "geometry": {
        "type": "Point",
        "coordinates": [
          74.9811789996669,
          13.2227949998185
        ]
      }
    },
    {
      "type": "Feature",
      "properties": {
        "OBJECTID": "439",
        "DepartmentCode": "164691224",
        "KGISVillageID": "14754",
        "KGISCode": "29569055248031420000HMPOLPUOFFPOS0002",
        "KGISPOL_STAID": "713",
        "POL_STAName": "Karkala Town PS",
        "KGISPSCode": "PS - 713",
        "district": "Udupi"
      },
      "geometry": {
        "type": "Point",
        "coordinates": [
          74.9811789996669,
          13.2227949998185
        ]
      }
    },
    {
      "type": "Feature",
      "properties": {
        "OBJECTID": "440",
        "DepartmentCode": "164691212",
        "KGISVillageID": "14796",
        "KGISCode": "29569055226086610000HMPOLPUOFFPOS0001",
        "KGISPOL_STAID": "714",
        "POL_STAName": "Byndoor PS",
        "KGISPSCode": "PS - 714",
        "district": "Udupi"
      },
      "geometry": {
        "type": "Point",
        "coordinates": [
          74.6265130000824,
          13.8670959995934
        ]
      }
    },
    {
      "type": "Feature",
      "properties": {
        "OBJECTID": "441",
        "DepartmentCode": "164691217",
        "KGISVillageID": "14848",
        "KGISCode": "29569055226086870000HMPOLPUOFFPOS0001",
        "KGISPOL_STAID": "715",
        "POL_STAName": "Gangolli PS",
        "KGISPSCode": "PS - 715",
        "district": "Udupi"
      },
      "geometry": {
        "type": "Point",
        "coordinates": [
          74.6603749995651,
          13.6867200001321
        ]
      }
    },
    {
      "type": "Feature",
      "properties": {
        "OBJECTID": "442",
        "DepartmentCode": "164691215",
        "KGISVillageID": "14785",
        "KGISCode": "29569055226086810000HMPOLPUOFFPOS0001",
        "KGISPOL_STAID": "716",
        "POL_STAName": "Kollur PS",
        "KGISPSCode": "PS - 716",
        "district": "Udupi"
      },
      "geometry": {
        "type": "Point",
        "coordinates": [
          74.8135260002853,
          13.8633549996085
        ]
      }
    },
    {
      "type": "Feature",
      "properties": {
        "OBJECTID": "443",
        "DepartmentCode": "164691200",
        "KGISVillageID": "14799",
        "KGISCode": "29569055226087560000HMPOLPUOFFPOS0001",
        "KGISPOL_STAID": "718",
        "POL_STAName": "Amasebailu PS",
        "KGISPSCode": "PS - 718",
        "district": "Udupi"
      },
      "geometry": {
        "type": "Point",
        "coordinates": [
          74.9485879999256,
          13.6030689995903
        ]
      }
    },
    {
      "type": "Feature",
      "properties": {
        "OBJECTID": "444",
        "DepartmentCode": "164691216",
        "KGISVillageID": "14824",
        "KGISCode": "29569055228031390000HMPOLPUOFFPOS0001",
        "KGISPOL_STAID": "719",
        "POL_STAName": "Kundapura PS",
        "KGISPSCode": "PS - 719",
        "district": "Udupi"
      },
      "geometry": {
        "type": "Point",
        "coordinates": [
          74.6895069997589,
          13.636995999572
        ]
      }
    },
    {
      "type": "Feature",
      "properties": {
        "OBJECTID": "445",
        "DepartmentCode": "164692170",
        "KGISVillageID": "14855",
        "KGISCode": "29569055226087130000HMPOLPUOFFPOS0001",
        "KGISPOL_STAID": "720",
        "POL_STAName": "Kundapura Rural PS",
        "KGISPSCode": "PS - 720",
        "district": "Udupi"
      },
      "geometry": {
        "type": "Point",
        "coordinates": [
          74.7724929995498,
          13.6376749999857
        ]
      }
    },
    {
      "type": "Feature",
      "properties": {
        "OBJECTID": "446",
        "DepartmentCode": "164691219",
        "KGISVillageID": "14864",
        "KGISCode": "29569055226087160000HMPOLPUOFFPOS0001",
        "KGISPOL_STAID": "721",
        "POL_STAName": "Shankaranarayana PS",
        "KGISPSCode": "PS - 721",
        "district": "Udupi"
      },
      "geometry": {
        "type": "Point",
        "coordinates": [
          74.8624549995882,
          13.6045059998908
        ]
      }
    },
    {
      "type": "Feature",
      "properties": {
        "OBJECTID": "447",
        "DepartmentCode": "164691208",
        "KGISVillageID": "14900",
        "KGISCode": "29569055236088450000HMPOLPUOFFPOS0001",
        "KGISPOL_STAID": "722",
        "POL_STAName": "Brahmavar PS",
        "KGISPSCode": "PS - 722",
        "district": "Udupi"
      },
      "geometry": {
        "type": "Point",
        "coordinates": [
          74.7441369998107,
          13.4382470001217
        ]
      }
    },
    {
      "type": "Feature",
      "properties": {
        "OBJECTID": "448",
        "DepartmentCode": "164691210",
        "KGISVillageID": "14964",
        "KGISCode": "29569055236088140000HMPOLPUOFFPOS0001",
        "KGISPOL_STAID": "723",
        "POL_STAName": "Hiriadka PS",
        "KGISPSCode": "PS - 723",
        "district": "Udupi"
      },
      "geometry": {
        "type": "Point",
        "coordinates": [
          74.8561909434317,
          13.3492432912263
        ]
      }
    },
    {
      "type": "Feature",
      "properties": {
        "OBJECTID": "449",
        "DepartmentCode": "164691211",
        "KGISVillageID": "14938",
        "KGISCode": "29569055236087610000HMPOLPUOFFPOS0001",
        "KGISPOL_STAID": "724",
        "POL_STAName": "Kota PS",
        "KGISPSCode": "PS - 724",
        "district": "Udupi"
      },
      "geometry": {
        "type": "Point",
        "coordinates": [
          74.7039730000519,
          13.5282609996582
        ]
      }
    },
    {
      "type": "Feature",
      "properties": {
        "OBJECTID": "450",
        "DepartmentCode": "164691201",
        "KGISVillageID": "14983",
        "KGISCode": "29569055238031410000HMPOLPUOFFPOS0002",
        "KGISPOL_STAID": "725",
        "POL_STAName": "Manipal PS",
        "KGISPSCode": "PS - 725",
        "district": "Udupi"
      },
      "geometry": {
        "type": "Point",
        "coordinates": [
          74.7860859999478,
          13.3491519997911
        ]
      }
    },
    {
      "type": "Feature",
      "properties": {
        "OBJECTID": "451",
        "DepartmentCode": "164691198",
        "KGISVillageID": "14974",
        "KGISCode": "29569055238031410000HMPOLPUOFFPOS0003",
        "KGISPOL_STAID": "726",
        "POL_STAName": "Malpe PS",
        "KGISPSCode": "PS - 726",
        "district": "Udupi"
      },
      "geometry": {
        "type": "Point",
        "coordinates": [
          74.7033830001599,
          13.3606109997091
        ]
      }
    },
    {
      "type": "Feature",
      "properties": {
        "OBJECTID": "452",
        "DepartmentCode": "164691197",
        "KGISVillageID": "32583",
        "KGISCode": "29569055238031410000HMPOLPUOFFPOS0004",
        "KGISPOL_STAID": "727",
        "POL_STAName": "Udupi Town PS",
        "KGISPSCode": "PS - 727",
        "district": "Udupi"
      },
      "geometry": {
        "type": "Point",
        "coordinates": [
          74.7481680002445,
          13.3306670002013
        ]
      }
    },
    {
      "type": "Feature",
      "properties": {
        "OBJECTID": "453",
        "DepartmentCode": "164691220",
        "KGISVillageID": "32583",
        "KGISCode": "29569055238031410000HMPOLPUOFFPOS0005",
        "KGISPOL_STAID": "728",
        "POL_STAName": "Udupi Women PS",
        "KGISPSCode": "PS - 728",
        "district": "Udupi"
      },
      "geometry": {
        "type": "Point",
        "coordinates": [
          74.7481680002445,
          13.3306670002013
        ]
      }
    },
    {
      "type": "Feature",
      "properties": {
        "OBJECTID": "454",
        "DepartmentCode": "164431799",
        "KGISVillageID": "15514",
        "KGISCode": "29572055436130580000HMPOLPUOFFPOS0001",
        "KGISPOL_STAID": "150",
        "POL_STAName": "Electronic City PS",
        "KGISPSCode": "PS - 150",
        "district": "Bangalore"
      },
      "geometry": {
        "type": "Point",
        "coordinates": [
          77.6630639999462,
          12.8400089995489
        ]
      }
    },
    {
      "type": "Feature",
      "properties": {
        "OBJECTID": "455",
        "DepartmentCode": "164431800",
        "KGISVillageID": "15531",
        "KGISCode": "29572055428031620000HMPOLPUOFFPOS0065",
        "KGISPOL_STAID": "151",
        "POL_STAName": "Parappana Agrahara PS",
        "KGISPSCode": "PS - 151",
        "district": "Bangalore"
      },
      "geometry": {
        "type": "Point",
        "coordinates": [
          77.6673555559925,
          12.8773138893884
        ]
      }
    },
    {
      "type": "Feature",
      "properties": {
        "OBJECTID": "456",
        "DepartmentCode": "164431382",
        "KGISVillageID": "15500",
        "KGISCode": "29572055428031620000HMPOLPUOFFPOS0066",
        "KGISPOL_STAID": "152",
        "POL_STAName": "Adugodi PS",
        "KGISPSCode": "PS - 152",
        "district": "Bangalore"
      },
      "geometry": {
        "type": "Point",
        "coordinates": [
          77.6115419998195,
          12.941430999878
        ]
      }
    },
    {
      "type": "Feature",
      "properties": {
        "OBJECTID": "457",
        "DepartmentCode": "164431796",
        "KGISVillageID": "15501",
        "KGISCode": "29572055428031620000HMPOLPUOFFPOS0067",
        "KGISPOL_STAID": "153",
        "POL_STAName": "H.S.R.Layout PS",
        "KGISPSCode": "PS - 153",
        "district": "Bangalore"
      },
      "geometry": {
        "type": "Point",
        "coordinates": [
          77.6513889997284,
          12.9201510003798
        ]
      }
    },
    {
      "type": "Feature",
      "properties": {
        "OBJECTID": "458",
        "DepartmentCode": "164431383",
        "KGISVillageID": "15530",
        "KGISCode": "29572055428031620000HMPOLPUOFFPOS0068",
        "KGISPOL_STAID": "154",
        "POL_STAName": "Koramangala PS",
        "KGISPSCode": "PS - 154",
        "district": "Bangalore"
      },
      "geometry": {
        "type": "Point",
        "coordinates": [
          77.6213416671002,
          12.9412138887662
        ]
      }
    },
    {
      "type": "Feature",
      "properties": {
        "OBJECTID": "459",
        "DepartmentCode": "164600950",
        "KGISVillageID": "8795",
        "KGISCode": "29563054886038780000HMPOLPUOFFPOS0001",
        "KGISPOL_STAID": "729",
        "POL_STAName": "Bhatkal Rural PS",
        "KGISPSCode": "PS - 729",
        "district": "UttaraKannada"
      },
      "geometry": {
        "type": "Point",
        "coordinates": [
          74.5385116612427,
          13.9984983574694
        ]
      }
    },
    {
      "type": "Feature",
      "properties": {
        "OBJECTID": "460",
        "DepartmentCode": "164600949",
        "KGISVillageID": "8816",
        "KGISCode": "29563054888030990000HMPOLPUOFFPOS0001",
        "KGISPOL_STAID": "730",
        "POL_STAName": "Bhatkal Town PS",
        "KGISPSCode": "PS - 730",
        "district": "UttaraKannada"
      },
      "geometry": {
        "type": "Point",
        "coordinates": [
          74.5521247779463,
          13.9899128338417
        ]
      }
    },
    {
      "type": "Feature",
      "properties": {
        "OBJECTID": "461",
        "DepartmentCode": "164600951",
        "KGISVillageID": "31836",
        "KGISCode": "29563054886038190000HMPOLPUOFFPOS0001",
        "KGISPOL_STAID": "731",
        "POL_STAName": "Murudeshwar PS",
        "KGISPSCode": "PS - 731",
        "district": "UttaraKannada"
      },
      "geometry": {
        "type": "Point",
        "coordinates": [
          74.4885348002787,
          14.0952149997076
        ]
      }
    },
    {
      "type": "Feature",
      "properties": {
        "OBJECTID": "462",
        "DepartmentCode": "164601680",
        "KGISVillageID": "8956",
        "KGISCode": "29563054878030980000HMPOLPUOFFPOS0001",
        "KGISPOL_STAID": "732",
        "POL_STAName": "Honnavara PS",
        "KGISPSCode": "PS - 732",
        "district": "UttaraKannada"
      },
      "geometry": {
        "type": "Point",
        "coordinates": [
          74.4510629998072,
          14.2818950002046
        ]
      }
    },
    {
      "type": "Feature",
      "properties": {
        "OBJECTID": "463",
        "DepartmentCode": "164601681",
        "KGISVillageID": "31858",
        "KGISCode": "29563054876037580000HMPOLPUOFFPOS0001",
        "KGISPOL_STAID": "733",
        "POL_STAName": "Manki PS",
        "KGISPSCode": "PS - 733",
        "district": "UttaraKannada"
      },
      "geometry": {
        "type": "Point",
        "coordinates": [
          74.4864420001738,
          14.1862219997564
        ]
      }
    },
    {
      "type": "Feature",
      "properties": {
        "OBJECTID": "464",
        "DepartmentCode": "164600954",
        "KGISVillageID": "31880",
        "KGISCode": "29563054856034190000HMPOLPUOFFPOS0001",
        "KGISPOL_STAID": "734",
        "POL_STAName": "Gokarna PS",
        "KGISPSCode": "PS - 734",
        "district": "UttaraKannada"
      },
      "geometry": {
        "type": "Point",
        "coordinates": [
          74.3222760003263,
          14.5396930000536
        ]
      }
    },
    {
      "type": "Feature",
      "properties": {
        "OBJECTID": "465",
        "DepartmentCode": "164600953",
        "KGISVillageID": "9204",
        "KGISCode": "29563054858030960000HMPOLPUOFFPOS0001",
        "KGISPOL_STAID": "735",
        "POL_STAName": "Kumta PS",
        "KGISPSCode": "PS - 735",
        "district": "UttaraKannada"
      },
      "geometry": {
        "type": "Point",
        "coordinates": [
          74.4201783004088,
          14.4293099997957
        ]
      }
    },
    {
      "type": "Feature",
      "properties": {
        "OBJECTID": "466",
        "DepartmentCode": "164600932",
        "KGISVillageID": "8838",
        "KGISCode": "29563054808030890000HMPOLPUOFFPOS0001",
        "KGISPOL_STAID": "736",
        "POL_STAName": "Dandeli Rural PS",
        "KGISPSCode": "PS - 736",
        "district": "UttaraKannada"
      },
      "geometry": {
        "type": "Point",
        "coordinates": [
          74.6211739995369,
          15.2575050002759
        ]
      }
    },
    {
      "type": "Feature",
      "properties": {
        "OBJECTID": "467",
        "DepartmentCode": "164600931",
        "KGISVillageID": "8838",
        "KGISCode": "29563054808030890000HMPOLPUOFFPOS0002",
        "KGISPOL_STAID": "737",
        "POL_STAName": "Dandeli Town PS",
        "KGISPSCode": "PS - 737",
        "district": "UttaraKannada"
      },
      "geometry": {
        "type": "Point",
        "coordinates": [
          74.6211109997959,
          15.2574919997879
        ]
      }
    },
    {
      "type": "Feature",
      "properties": {
        "OBJECTID": "468",
        "DepartmentCode": "164601676",
        "KGISVillageID": "8860",
        "KGISCode": "29563054806027890000HMPOLPUOFFPOS0001",
        "KGISPOL_STAID": "738",
        "POL_STAName": "Ambikanagar PS",
        "KGISPSCode": "PS - 738",
        "district": "UttaraKannada"
      },
      "geometry": {
        "type": "Point",
        "coordinates": [
          74.659325999899,
          15.1239950003451
        ]
      }
    },
    {
      "type": "Feature",
      "properties": {
        "OBJECTID": "469",
        "DepartmentCode": "164601675",
        "KGISVillageID": "8877",
        "KGISCode": "29563054808030910000HMPOLPUOFFPOS0001",
        "KGISPOL_STAID": "739",
        "POL_STAName": "Haliyal PS",
        "KGISPSCode": "PS - 739",
        "district": "UttaraKannada"
      },
      "geometry": {
        "type": "Point",
        "coordinates": [
          74.7671360001228,
          15.3294970004142
        ]
      }
    },
    {
      "type": "Feature",
      "properties": {
        "OBJECTID": "470",
        "DepartmentCode": "164601370",
        "KGISVillageID": "9805",
        "KGISCode": "29563054796027260000HMPOLPUOFFPOS0001",
        "KGISPOL_STAID": "740",
        "POL_STAName": "Joida PS",
        "KGISPSCode": "PS - 740",
        "district": "UttaraKannada"
      },
      "geometry": {
        "type": "Point",
        "coordinates": [
          74.4898160003991,
          15.1629819996032
        ]
      }
    },
    {
      "type": "Feature",
      "properties": {
        "OBJECTID": "471",
        "DepartmentCode": "164600936",
        "KGISVillageID": "9772",
        "KGISCode": "29563054796026500000HMPOLPUOFFPOS0001",
        "KGISPOL_STAID": "741",
        "POL_STAName": "Ramnagar PS",
        "KGISPSCode": "PS - 741",
        "district": "Belgaum"
      },
      "geometry": {
        "type": "Point",
        "coordinates": [
          74.488624811945,
          15.4238626449358
        ]
      }
    },
    {
      "type": "Feature",
      "properties": {
        "OBJECTID": "472",
        "DepartmentCode": "164601674",
        "KGISVillageID": "8679",
        "KGISCode": "29563054848030950000HMPOLPUOFFPOS0001",
        "KGISPOL_STAID": "742",
        "POL_STAName": "Ankola PS",
        "KGISPSCode": "PS - 742",
        "district": "UttaraKannada"
      },
      "geometry": {
        "type": "Point",
        "coordinates": [
          74.3054620003402,
          14.6598159995517
        ]
      }
    },
    {
      "type": "Feature",
      "properties": {
        "OBJECTID": "473",
        "DepartmentCode": "164380097",
        "KGISVillageID": "11760",
        "KGISCode": "29567055128031270000HMPOLPUOFFPOS0006",
        "KGISPOL_STAID": "302",
        "POL_STAName": "Basavanagara PS",
        "KGISPSCode": "PS - 302",
        "district": "Davanagere"
      },
      "geometry": {
        "type": "Point",
        "coordinates": [
          75.9184260000763,
          14.4692230002346
        ]
      }
    },
    {
      "type": "Feature",
      "properties": {
        "OBJECTID": "474",
        "DepartmentCode": "164380099",
        "KGISVillageID": "11760",
        "KGISCode": "29567055128031270000HMPOLPUOFFPOS0007",
        "KGISPOL_STAID": "303",
        "POL_STAName": "Gandhi Nagar PS",
        "KGISPSCode": "PS - 303",
        "district": "Davanagere"
      },
      "geometry": {
        "type": "Point",
        "coordinates": [
          75.9203209997948,
          14.4763269999813
        ]
      }
    },
    {
      "type": "Feature",
      "properties": {
        "OBJECTID": "475",
        "DepartmentCode": "164381519",
        "KGISVillageID": "11759",
        "KGISCode": "29567055128031270000HMPOLPUOFFPOS0008",
        "KGISPOL_STAID": "304",
        "POL_STAName": "Davanagere RMC Yard PS",
        "KGISPSCode": "PS - 304",
        "district": "Davanagere"
      },
      "geometry": {
        "type": "Point",
        "coordinates": [
          75.9358709999474,
          14.4597660003841
        ]
      }
    },
    {
      "type": "Feature",
      "properties": {
        "OBJECTID": "476",
        "DepartmentCode": "164381524",
        "KGISVillageID": "11479",
        "KGISCode": "29567055146068930000HMPOLPUOFFPOS0001",
        "KGISPOL_STAID": "306",
        "POL_STAName": "Basavapatna PS",
        "KGISPSCode": "PS - 306",
        "district": "Davanagere"
      },
      "geometry": {
        "type": "Point",
        "coordinates": [
          75.8171230001795,
          14.2062850000917
        ]
      }
    },
    {
      "type": "Feature",
      "properties": {
        "OBJECTID": "477",
        "DepartmentCode": "164381522",
        "KGISVillageID": "11533",
        "KGISCode": "29567055148031290000HMPOLPUOFFPOS0001",
        "KGISPOL_STAID": "307",
        "POL_STAName": "Channagiri PS",
        "KGISPSCode": "PS - 307",
        "district": "Davanagere"
      },
      "geometry": {
        "type": "Point",
        "coordinates": [
          75.928854000104,
          14.0230850000163
        ]
      }
    },
    {
      "type": "Feature",
      "properties": {
        "OBJECTID": "478",
        "DepartmentCode": "164381523",
        "KGISVillageID": "11623",
        "KGISCode": "29567055146069600000HMPOLPUOFFPOS0001",
        "KGISPOL_STAID": "308",
        "POL_STAName": "Santhebennur PS",
        "KGISPSCode": "PS - 308",
        "district": "Davanagere"
      },
      "geometry": {
        "type": "Point",
        "coordinates": [
          76.0068530003997,
          14.1731752998334
        ]
      }
    },
    {
      "type": "Feature",
      "properties": {
        "OBJECTID": "479",
        "DepartmentCode": "164380106",
        "KGISVillageID": "11791",
        "KGISCode": "29567055128031270000HMPOLPUOFFPOS0010",
        "KGISPOL_STAID": "309",
        "POL_STAName": "Davanagere Rural PS",
        "KGISPSCode": "PS - 309",
        "district": "Davanagere"
      },
      "geometry": {
        "type": "Point",
        "coordinates": [
          75.9206479996524,
          14.4507960001913
        ]
      }
    },
    {
      "type": "Feature",
      "properties": {
        "OBJECTID": "480",
        "DepartmentCode": "164380107",
        "KGISVillageID": "11765",
        "KGISCode": "29567055126065710000HMPOLPUOFFPOS0001",
        "KGISPOL_STAID": "310",
        "POL_STAName": "Hadadi PS",
        "KGISPSCode": "PS - 310",
        "district": "Davanagere"
      },
      "geometry": {
        "type": "Point",
        "coordinates": [
          75.8944169997106,
          14.3699169995911
        ]
      }
    },
    {
      "type": "Feature",
      "properties": {
        "OBJECTID": "481",
        "DepartmentCode": "164380108",
        "KGISVillageID": "11829",
        "KGISCode": "29567055126066770000HMPOLPUOFFPOS0001",
        "KGISPOL_STAID": "311",
        "POL_STAName": "Mayakonda PS",
        "KGISPSCode": "PS - 311",
        "district": "Davanagere"
      },
      "geometry": {
        "type": "Point",
        "coordinates": [
          76.0805829997114,
          14.282960000102
        ]
      }
    },
    {
      "type": "Feature",
      "properties": {
        "OBJECTID": "482",
        "DepartmentCode": "164380111",
        "KGISVillageID": "11961",
        "KGISCode": "29567055098031240000HMPOLPUOFFPOS0001",
        "KGISPOL_STAID": "312",
        "POL_STAName": "Harihara Rural PS",
        "KGISPSCode": "PS - 312",
        "district": "Davanagere"
      },
      "geometry": {
        "type": "Point",
        "coordinates": [
          75.812918000103,
          14.5355449996388
        ]
      }
    },
    {
      "type": "Feature",
      "properties": {
        "OBJECTID": "483",
        "DepartmentCode": "164380110",
        "KGISVillageID": "11962",
        "KGISCode": "29567055098031240000HMPOLPUOFFPOS0002",
        "KGISPOL_STAID": "313",
        "POL_STAName": "Harihara Town PS",
        "KGISPSCode": "PS - 313",
        "district": "Davanagere"
      },
      "geometry": {
        "type": "Point",
        "coordinates": [
          75.8068689999274,
          14.5147499995849
        ]
      }
    },
    {
      "type": "Feature",
      "properties": {
        "OBJECTID": "484",
        "DepartmentCode": "164380112",
        "KGISVillageID": "12014",
        "KGISCode": "29567055096062380000HMPOLPUOFFPOS0001",
        "KGISPOL_STAID": "314",
        "POL_STAName": "Malebennur PS",
        "KGISPSCode": "PS - 314",
        "district": "Davanagere"
      },
      "geometry": {
        "type": "Point",
        "coordinates": [
          75.7385599999078,
          14.3517080004335
        ]
      }
    },
    {
      "type": "Feature",
      "properties": {
        "OBJECTID": "485",
        "DepartmentCode": "164381526",
        "KGISVillageID": "12096",
        "KGISCode": "29567055136068240000HMPOLPUOFFPOS0001",
        "KGISPOL_STAID": "315",
        "POL_STAName": "Honnali PS",
        "KGISPSCode": "PS - 315",
        "district": "Davanagere"
      },
      "geometry": {
        "type": "Point",
        "coordinates": [
          75.6573340002608,
          14.2341700000317
        ]
      }
    },
    {
      "type": "Feature",
      "properties": {
        "OBJECTID": "486",
        "DepartmentCode": "164381527",
        "KGISVillageID": "12068",
        "KGISCode": "29567055136067360000HMPOLPUOFFPOS0001",
        "KGISPOL_STAID": "316",
        "POL_STAName": "Nyamathi PS",
        "KGISPSCode": "PS - 316",
        "district": "Davanagere"
      },
      "geometry": {
        "type": "Point",
        "coordinates": [
          75.5628510002063,
          14.1477459996429
        ]
      }
    },
    {
      "type": "Feature",
      "properties": {
        "OBJECTID": "487",
        "DepartmentCode": "169860117",
        "KGISVillageID": "11858",
        "KGISCode": "29567055106063550000HMPOLPUOFFPOS0001",
        "KGISPOL_STAID": "317",
        "POL_STAName": "Arasikere PS",
        "KGISPSCode": "PS - 317",
        "district": "Davanagere"
      },
      "geometry": {
        "type": "Point",
        "coordinates": [
          76.0743689998887,
          14.6702829996762
        ]
      }
    },
    {
      "type": "Feature",
      "properties": {
        "OBJECTID": "488",
        "DepartmentCode": "169861885",
        "KGISVillageID": "11898",
        "KGISCode": "29567055106063190000HMPOLPUOFFPOS0001",
        "KGISPOL_STAID": "318",
        "POL_STAName": "Chigateri PS",
        "KGISPSCode": "PS - 318",
        "district": "Davanagere"
      },
      "geometry": {
        "type": "Point",
        "coordinates": [
          76.0746450002932,
          14.7922849999844
        ]
      }
    },
    {
      "type": "Feature",
      "properties": {
        "OBJECTID": "489",
        "DepartmentCode": "169860116",
        "KGISVillageID": "11929",
        "KGISCode": "29567055106063350000HMPOLPUOFFPOS0001",
        "KGISPOL_STAID": "319",
        "POL_STAName": "Halavagilu PS",
        "KGISPSCode": "PS - 319",
        "district": "Davanagere"
      },
      "geometry": {
        "type": "Point",
        "coordinates": [
          75.7805800000363,
          14.7102760001283
        ]
      }
    },
    {
      "type": "Feature",
      "properties": {
        "OBJECTID": "490",
        "DepartmentCode": "169860115",
        "KGISVillageID": "11908",
        "KGISCode": "29567055108031250000HMPOLPUOFFPOS0001",
        "KGISPOL_STAID": "320",
        "POL_STAName": "Harapanahalli PS",
        "KGISPSCode": "PS - 320",
        "district": "Davanagere"
      },
      "geometry": {
        "type": "Point",
        "coordinates": [
          75.9866429998442,
          14.7891170004191
        ]
      }
    },
    {
      "type": "Feature",
      "properties": {
        "OBJECTID": "491",
        "DepartmentCode": "164380120",
        "KGISVillageID": "12202",
        "KGISCode": "29567055116064690000HMPOLPUOFFPOS0001",
        "KGISPOL_STAID": "321",
        "POL_STAName": "Bilichodu PS",
        "KGISPSCode": "PS - 321",
        "district": "Davanagere"
      },
      "geometry": {
        "type": "Point",
        "coordinates": [
          76.1603009998662,
          14.5045829995527
        ]
      }
    },
    {
      "type": "Feature",
      "properties": {
        "OBJECTID": "492",
        "DepartmentCode": "164380119",
        "KGISVillageID": "12281",
        "KGISCode": "29567055116064930000HMPOLPUOFFPOS0001",
        "KGISPOL_STAID": "322",
        "POL_STAName": "Jagalur PS",
        "KGISPSCode": "PS - 322",
        "district": "Davanagere"
      },
      "geometry": {
        "type": "Point",
        "coordinates": [
          76.3374900000845,
          14.5133499999051
        ]
      }
    },
    {
      "type": "Feature",
      "properties": {
        "OBJECTID": "493",
        "DepartmentCode": "164390140",
        "KGISVillageID": "7265",
        "KGISCode": "29564054938031050000HMPOLPUOFFPOS0001",
        "KGISPOL_STAID": "323",
        "POL_STAName": "Byadagi PS",
        "KGISPSCode": "PS - 323",
        "district": "Haveri"
      },
      "geometry": {
        "type": "Point",
        "coordinates": [
          75.4948080001569,
          14.6801820003097
        ]
      }
    },
    {
      "type": "Feature",
      "properties": {
        "OBJECTID": "494",
        "DepartmentCode": "164390141",
        "KGISVillageID": "7306",
        "KGISCode": "29564054936042810000HMPOLPUOFFPOS0001",
        "KGISPOL_STAID": "324",
        "POL_STAName": "Kaginele PS",
        "KGISPSCode": "PS - 324",
        "district": "Haveri"
      },
      "geometry": {
        "type": "Point",
        "coordinates": [
          75.3579259998295,
          14.6914570001779
        ]
      }
    },
    {
      "type": "Feature",
      "properties": {
        "OBJECTID": "495",
        "DepartmentCode": "164390138",
        "KGISVillageID": "7479",
        "KGISCode": "29564054926042690000HMPOLPUOFFPOS0001",
        "KGISPOL_STAID": "325",
        "POL_STAName": "Guttal PS",
        "KGISPSCode": "PS - 325",
        "district": "Haveri"
      },
      "geometry": {
        "type": "Point",
        "coordinates": [
          75.630240999627,
          14.8398809998005
        ]
      }
    },
    {
      "type": "Feature",
      "properties": {
        "OBJECTID": "496",
        "DepartmentCode": "164390137",
        "KGISVillageID": "7510",
        "KGISCode": "29564054928031040000HMPOLPUOFFPOS0001",
        "KGISPOL_STAID": "326",
        "POL_STAName": "Haveri Rural PS",
        "KGISPSCode": "PS - 326",
        "district": "Haveri"
      },
      "geometry": {
        "type": "Point",
        "coordinates": [
          75.3881609995463,
          14.7839199996476
        ]
      }
    },
    {
      "type": "Feature",
      "properties": {
        "OBJECTID": "497",
        "DepartmentCode": "164392143",
        "KGISVillageID": "7510",
        "KGISCode": "29564054928031040000HMPOLPUOFFPOS0002",
        "KGISPOL_STAID": "327",
        "POL_STAName": "Haveri Women PS",
        "KGISPSCode": "PS - 327",
        "district": "Haveri"
      },
      "geometry": {
        "type": "Point",
        "coordinates": [
          75.3887480001682,
          14.7840319996163
        ]
      }
    },
    {
      "type": "Feature",
      "properties": {
        "OBJECTID": "498",
        "DepartmentCode": "164541573",
        "KGISVillageID": "3253",
        "KGISCode": "29579055866207320000HMPOLPUOFFPOS0001",
        "KGISPOL_STAID": "412",
        "POL_STAName": "Nelogi PS",
        "KGISPSCode": "PS - 412",
        "district": "Gulbarga"
      },
      "geometry": {
        "type": "Point",
        "coordinates": [
          76.6083583329395,
          17.0584611109419
        ]
      }
    },
    {
      "type": "Feature",
      "properties": {
        "OBJECTID": "499",
        "DepartmentCode": "164541571",
        "KGISVillageID": "3290",
        "KGISCode": "29579055866207880000HMPOLPUOFFPOS0001",
        "KGISPOL_STAID": "413",
        "POL_STAName": "Yedrami PS",
        "KGISPSCode": "PS - 413",
        "district": "Gulbarga"
      },
      "geometry": {
        "type": "Point",
        "coordinates": [
          76.5317876998124,
          16.8552912999066
        ]
      }
    },
    {
      "type": "Feature",
      "properties": {
        "OBJECTID": "500",
        "DepartmentCode": "169850690",
        "KGISVillageID": "3339",
        "KGISCode": "29579055826203130000HMPOLPUOFFPOS0001",
        "KGISPOL_STAID": "414",
        "POL_STAName": "Ferhatabad PS",
        "KGISPSCode": "PS - 414",
        "district": "Gulbarga"
      },
      "geometry": {
        "type": "Point",
        "coordinates": [
          76.7933388003142,
          17.1715072995919
        ]
      }
    },
    {
      "type": "Feature",
      "properties": {
        "OBJECTID": "501",
        "DepartmentCode": "169850705",
        "KGISVillageID": "3363",
        "KGISCode": "29579055826202660000HMPOLPUOFFPOS0001",
        "KGISPOL_STAID": "415",
        "POL_STAName": "University PS",
        "KGISPSCode": "PS - 415",
        "district": "Gulbarga"
      },
      "geometry": {
        "type": "Point",
        "coordinates": [
          76.8765780003229,
          17.3098989996219
        ]
      }
    },
    {
      "type": "Feature",
      "properties": {
        "OBJECTID": "502",
        "DepartmentCode": "164541577",
        "KGISVillageID": "2994",
        "KGISCode": "29579055858032100000HMPOLPUOFFPOS0001",
        "KGISPOL_STAID": "416",
        "POL_STAName": "Chittapura PS",
        "KGISPSCode": "PS - 416",
        "district": "Gulbarga"
      },
      "geometry": {
        "type": "Point",
        "coordinates": [
          77.0835502003528,
          17.1194793002674
        ]
      }
    },
    {
      "type": "Feature",
      "properties": {
        "OBJECTID": "503",
        "DepartmentCode": "164541578",
        "KGISVillageID": "3117",
        "KGISCode": "29579055858032130000HMPOLPUOFFPOS0001",
        "KGISPOL_STAID": "417",
        "POL_STAName": "Wadi PS",
        "KGISPSCode": "PS - 417",
        "district": "Gulbarga"
      },
      "geometry": {
        "type": "Point",
        "coordinates": [
          76.9918611109854,
          17.0575416670462
        ]
      }
    },
    {
      "type": "Feature",
      "properties": {
        "OBJECTID": "504",
        "DepartmentCode": "164540717",
        "KGISVillageID": "3048",
        "KGISCode": "29579055856206330000HMPOLPUOFFPOS0001",
        "KGISPOL_STAID": "419",
        "POL_STAName": "Madbool PS",
        "KGISPSCode": "PS - 419",
        "district": "Gulbarga"
      },
      "geometry": {
        "type": "Point",
        "coordinates": [
          77.0037409996222,
          17.2855989998415
        ]
      }
    },
    {
      "type": "Feature",
      "properties": {
        "OBJECTID": "505",
        "DepartmentCode": "164540713",
        "KGISVillageID": "3134",
        "KGISCode": "29579055856206540000HMPOLPUOFFPOS0001",
        "KGISPOL_STAID": "420",
        "POL_STAName": "Shahabad Town PS",
        "KGISPSCode": "PS - 420",
        "district": "Gulbarga"
      },
      "geometry": {
        "type": "Point",
        "coordinates": [
          76.934600000352,
          17.1304400002252
        ]
      }
    },
    {
      "type": "Feature",
      "properties": {
        "OBJECTID": "506",
        "DepartmentCode": "169781597",
        "KGISVillageID": "32157",
        "KGISCode": "29580055888032160000HMPOLPUOFFPOS0001",
        "KGISPOL_STAID": "421",
        "POL_STAName": "Bheemarayanagudi PS",
        "KGISPSCode": "PS - 421",
        "district": "Yadgir"
      },
      "geometry": {
        "type": "Point",
        "coordinates": [
          76.8038080001843,
          16.7206390000315
        ]
      }
    },
    {
      "type": "Feature",
      "properties": {
        "OBJECTID": "507",
        "DepartmentCode": "169781595",
        "KGISVillageID": "32066",
        "KGISCode": "29580055886210920000HMPOLPUOFFPOS0001",
        "KGISPOL_STAID": "422",
        "POL_STAName": "Gogi PS",
        "KGISPSCode": "PS - 422",
        "district": "Yadgir"
      },
      "geometry": {
        "type": "Point",
        "coordinates": [
          76.7461249996775,
          16.7330159996719
        ]
      }
    },
    {
      "type": "Feature",
      "properties": {
        "OBJECTID": "508",
        "DepartmentCode": "164600922",
        "KGISVillageID": "9114",
        "KGISCode": "29563054786026290000HMPOLPUOFFPOS0001",
        "KGISPOL_STAID": "743",
        "POL_STAName": "Chittakula PS",
        "KGISPSCode": "PS - 743",
        "district": "UttaraKannada"
      },
      "geometry": {
        "type": "Point",
        "coordinates": [
          74.1330780000296,
          14.8543229998097
        ]
      }
    },
    {
      "type": "Feature",
      "properties": {
        "OBJECTID": "509",
        "DepartmentCode": "164600923",
        "KGISVillageID": "9082",
        "KGISCode": "29563054786026050000HMPOLPUOFFPOS0001",
        "KGISPOL_STAID": "744",
        "POL_STAName": "Kadra PS",
        "KGISPSCode": "PS - 744",
        "district": "UttaraKannada"
      },
      "geometry": {
        "type": "Point",
        "coordinates": [
          74.3455279000391,
          14.9056865004334
        ]
      }
    },
    {
      "type": "Feature",
      "properties": {
        "OBJECTID": "510",
        "DepartmentCode": "164600924",
        "KGISVillageID": "9091",
        "KGISCode": "29563054786026040000HMPOLPUOFFPOS0001",
        "KGISPOL_STAID": "745",
        "POL_STAName": "Mallapura PS",
        "KGISPSCode": "PS - 745",
        "district": "UttaraKannada"
      },
      "geometry": {
        "type": "Point",
        "coordinates": [
          74.3321005003005,
          14.900378799733
        ]
      }
    },
    {
      "type": "Feature",
      "properties": {
        "OBJECTID": "511",
        "DepartmentCode": "164600927",
        "KGISVillageID": "9058",
        "KGISCode": "29563054788030900000HMPOLPUOFFPOS0001",
        "KGISPOL_STAID": "746",
        "POL_STAName": "Karwar Rural PS",
        "KGISPSCode": "PS - 746",
        "district": "UttaraKannada"
      },
      "geometry": {
        "type": "Point",
        "coordinates": [
          74.1289719996781,
          14.8085980001772
        ]
      }
    },
    {
      "type": "Feature",
      "properties": {
        "OBJECTID": "512",
        "DepartmentCode": "164600926",
        "KGISVillageID": "9058",
        "KGISCode": "29563054788030900000HMPOLPUOFFPOS0002",
        "KGISPOL_STAID": "747",
        "POL_STAName": "Karwar Town PS",
        "KGISPSCode": "PS - 747",
        "district": "UttaraKannada"
      },
      "geometry": {
        "type": "Point",
        "coordinates": [
          74.1282251996878,
          14.8083933997968
        ]
      }
    },
    {
      "type": "Feature",
      "properties": {
        "OBJECTID": "513",
        "DepartmentCode": "164602154",
        "KGISVillageID": "9058",
        "KGISCode": "29563054788030900000HMPOLPUOFFPOS0003",
        "KGISPOL_STAID": "748",
        "POL_STAName": "UK CEN CrimePS",
        "KGISPSCode": "PS - 748",
        "district": "UttaraKannada"
      },
      "geometry": {
        "type": "Point",
        "coordinates": [
          74.1270229996152,
          14.8083459997684
        ]
      }
    },
    {
      "type": "Feature",
      "properties": {
        "OBJECTID": "514",
        "DepartmentCode": "164600944",
        "KGISVillageID": "9272",
        "KGISCode": "29563054828030930000HMPOLPUOFFPOS0001",
        "KGISPOL_STAID": "749",
        "POL_STAName": "Mundgod PS",
        "KGISPSCode": "PS - 749",
        "district": "UttaraKannada"
      },
      "geometry": {
        "type": "Point",
        "coordinates": [
          75.0384309996159,
          14.9697090000839
        ]
      }
    },
    {
      "type": "Feature",
      "properties": {
        "OBJECTID": "515",
        "DepartmentCode": "164601678",
        "KGISVillageID": "9430",
        "KGISCode": "29563054868030970000HMPOLPUOFFPOS0001",
        "KGISPOL_STAID": "750",
        "POL_STAName": "Siddapura PS",
        "KGISPSCode": "PS - 750",
        "district": "UttaraKannada"
      },
      "geometry": {
        "type": "Point",
        "coordinates": [
          74.8937417509806,
          14.3451316895803
        ]
      }
    },
    {
      "type": "Feature",
      "properties": {
        "OBJECTID": "516",
        "DepartmentCode": "164601677",
        "KGISVillageID": "9522",
        "KGISCode": "29563054836033180000HMPOLPUOFFPOS0001",
        "KGISPOL_STAID": "751",
        "POL_STAName": "Banavasi PS",
        "KGISPSCode": "PS - 751",
        "district": "UttaraKannada"
      },
      "geometry": {
        "type": "Point",
        "coordinates": [
          75.0212390561594,
          14.540638491595
        ]
      }
    },
    {
      "type": "Feature",
      "properties": {
        "OBJECTID": "517",
        "DepartmentCode": "164600942",
        "KGISVillageID": "9715",
        "KGISCode": "29563054838030940000HMPOLPUOFFPOS0001",
        "KGISPOL_STAID": "752",
        "POL_STAName": "New Market PS",
        "KGISPSCode": "PS - 752",
        "district": "UttaraKannada"
      },
      "geometry": {
        "type": "Point",
        "coordinates": [
          74.8412389998704,
          14.6210509997589
        ]
      }
    },
    {
      "type": "Feature",
      "properties": {
        "OBJECTID": "518",
        "DepartmentCode": "164600941",
        "KGISVillageID": "9715",
        "KGISCode": "29563054838030940000HMPOLPUOFFPOS0002",
        "KGISPOL_STAID": "753",
        "POL_STAName": "Sirsi Rural PS",
        "KGISPSCode": "PS - 753",
        "district": "UttaraKannada"
      },
      "geometry": {
        "type": "Point",
        "coordinates": [
          74.8377429997599,
          14.6255219999821
        ]
      }
    },
    {
      "type": "Feature",
      "properties": {
        "OBJECTID": "519",
        "DepartmentCode": "164600940",
        "KGISVillageID": "9715",
        "KGISCode": "29563054838030940000HMPOLPUOFFPOS0003",
        "KGISPOL_STAID": "754",
        "POL_STAName": "Sirsi Town PS",
        "KGISPSCode": "PS - 754",
        "district": "UttaraKannada"
      },
      "geometry": {
        "type": "Point",
        "coordinates": [
          74.8252575379737,
          14.62419731329
        ]
      }
    },
    {
      "type": "Feature",
      "properties": {
        "OBJECTID": "520",
        "DepartmentCode": "164621000",
        "KGISVillageID": "13451",
        "KGISCode": "29568055208031370000HMPOLPUOFFPOS0001",
        "KGISPOL_STAID": "755",
        "POL_STAName": "Doddapete PS",
        "KGISPSCode": "PS - 755",
        "district": "Shimoga"
      },
      "geometry": {
        "type": "Point",
        "coordinates": [
          75.56659799993,
          13.9305049996446
        ]
      }
    },
    {
      "type": "Feature",
      "properties": {
        "OBJECTID": "521",
        "DepartmentCode": "164621815",
        "KGISVillageID": "13457",
        "KGISCode": "29568055208031370000HMPOLPUOFFPOS0002",
        "KGISPOL_STAID": "756",
        "POL_STAName": "Tunganagara PS",
        "KGISPSCode": "PS - 756",
        "district": "Shimoga"
      },
      "geometry": {
        "type": "Point",
        "coordinates": [
          75.5544790004202,
          13.9237559999042
        ]
      }
    },
    {
      "type": "Feature",
      "properties": {
        "OBJECTID": "522",
        "DepartmentCode": "164621005",
        "KGISVillageID": "13459",
        "KGISCode": "29568055208031370000HMPOLPUOFFPOS0003",
        "KGISPOL_STAID": "757",
        "POL_STAName": "Kote PS",
        "KGISPSCode": "PS - 757",
        "district": "Shimoga"
      },
      "geometry": {
        "type": "Point",
        "coordinates": [
          75.582763999689,
          13.9303599998032
        ]
      }
    },
    {
      "type": "Feature",
      "properties": {
        "OBJECTID": "523",
        "DepartmentCode": "164621006",
        "KGISVillageID": "13459",
        "KGISCode": "29568055208031370000HMPOLPUOFFPOS0004",
        "KGISPOL_STAID": "758",
        "POL_STAName": "Jayanagar PS",
        "KGISPSCode": "PS - 758",
        "district": "Shimoga"
      },
      "geometry": {
        "type": "Point",
        "coordinates": [
          75.5757700004611,
          13.9384369996585
        ]
      }
    },
    {
      "type": "Feature",
      "properties": {
        "OBJECTID": "524",
        "DepartmentCode": "164621002",
        "KGISVillageID": "13451",
        "KGISCode": "29568055208031370000HMPOLPUOFFPOS0005",
        "KGISPOL_STAID": "759",
        "POL_STAName": "Shimogga Rural PS",
        "KGISPSCode": "PS - 759",
        "district": "Shimoga"
      },
      "geometry": {
        "type": "Point",
        "coordinates": [
          75.5643560002636,
          13.9325780002476
        ]
      }
    },
    {
      "type": "Feature",
      "properties": {
        "OBJECTID": "525",
        "DepartmentCode": "164621009",
        "KGISVillageID": "13451",
        "KGISCode": "29568055208031370000HMPOLPUOFFPOS0006",
        "KGISPOL_STAID": "760",
        "POL_STAName": "Shivamogga Women PS",
        "KGISPSCode": "PS - 760",
        "district": "Shimoga"
      },
      "geometry": {
        "type": "Point",
        "coordinates": [
          75.5645280003879,
          13.9323990000847
        ]
      }
    },
    {
      "type": "Feature",
      "properties": {
        "OBJECTID": "526",
        "DepartmentCode": "164621887",
        "KGISVillageID": "13448",
        "KGISCode": "29568055208031370000HMPOLPUOFFPOS0007",
        "KGISPOL_STAID": "761",
        "POL_STAName": "Vibanagara PS",
        "KGISPSCode": "PS - 761",
        "district": "Shimoga"
      },
      "geometry": {
        "type": "Point",
        "coordinates": [
          75.560111000249,
          13.950526999747
        ]
      }
    },
    {
      "type": "Feature",
      "properties": {
        "OBJECTID": "527",
        "DepartmentCode": "164621020",
        "KGISVillageID": "12369",
        "KGISCode": "29568055218031380000HMPOLPUOFFPOS0001",
        "KGISPOL_STAID": "762",
        "POL_STAName": "Paper Town PS",
        "KGISPSCode": "PS - 762",
        "district": "Davanagere"
      },
      "geometry": {
        "type": "Point",
        "coordinates": [
          75.7020419995586,
          13.8210649999034
        ]
      }
    },
    {
      "type": "Feature",
      "properties": {
        "OBJECTID": "528",
        "DepartmentCode": "164621014",
        "KGISVillageID": "12394",
        "KGISCode": "29568055218031380000HMPOLPUOFFPOS0002",
        "KGISPOL_STAID": "763",
        "POL_STAName": "Bhadravathi New Town PS",
        "KGISPSCode": "PS - 763",
        "district": "Davanagere"
      },
      "geometry": {
        "type": "Point",
        "coordinates": [
          75.6910479997434,
          13.8377760002767
        ]
      }
    },
    {
      "type": "Feature",
      "properties": {
        "OBJECTID": "529",
        "DepartmentCode": "164621013",
        "KGISVillageID": "12402",
        "KGISCode": "29568055218031380000HMPOLPUOFFPOS0003",
        "KGISPOL_STAID": "764",
        "POL_STAName": "Bhadravathi Old Town PS",
        "KGISPSCode": "PS - 764",
        "district": "Davanagere"
      },
      "geometry": {
        "type": "Point",
        "coordinates": [
          75.702880000197,
          13.8468979997847
        ]
      }
    },
    {
      "type": "Feature",
      "properties": {
        "OBJECTID": "530",
        "DepartmentCode": "164621933",
        "KGISVillageID": "12402",
        "KGISCode": "29568055218031380000HMPOLPUOFFPOS0004",
        "KGISPOL_STAID": "765",
        "POL_STAName": "Hosamane PS",
        "KGISPSCode": "PS - 765",
        "district": "Davanagere"
      },
      "geometry": {
        "type": "Point",
        "coordinates": [
          75.7037940002304,
          13.8520249998223
        ]
      }
    },
    {
      "type": "Feature",
      "properties": {
        "OBJECTID": "531",
        "DepartmentCode": "164621019",
        "KGISVillageID": "12453",
        "KGISCode": "29568055216085400000HMPOLPUOFFPOS0001",
        "KGISPOL_STAID": "766",
        "POL_STAName": "Holehonnur PS",
        "KGISPSCode": "PS - 766",
        "district": "Davanagere"
      },
      "geometry": {
        "type": "Point",
        "coordinates": [
          75.6856030002738,
          13.9887709998518
        ]
      }
    },
    {
      "type": "Feature",
      "properties": {
        "OBJECTID": "532",
        "DepartmentCode": "164621004",
        "KGISVillageID": "13360",
        "KGISCode": "29568055206083120000HMPOLPUOFFPOS0001",
        "KGISPOL_STAID": "767",
        "POL_STAName": "Kumsi PS",
        "KGISPSCode": "PS - 767",
        "district": "Shimoga"
      },
      "geometry": {
        "type": "Point",
        "coordinates": [
          75.3912050004169,
          14.0609200004199
        ]
      }
    },
    {
      "type": "Feature",
      "properties": {
        "OBJECTID": "533",
        "DepartmentCode": "164621886",
        "KGISVillageID": "13124",
        "KGISCode": "29568055178031340000HMPOLPUOFFPOS0001",
        "KGISPOL_STAID": "768",
        "POL_STAName": "Shikaripura Rural PS",
        "KGISPSCode": "PS - 768",
        "district": "Shimoga"
      },
      "geometry": {
        "type": "Point",
        "coordinates": [
          75.3488620001581,
          14.2733759998883
        ]
      }
    },
    {
      "type": "Feature",
      "properties": {
        "OBJECTID": "534",
        "DepartmentCode": "164621031",
        "KGISVillageID": "13125",
        "KGISCode": "29568055178031340000HMPOLPUOFFPOS0002",
        "KGISPOL_STAID": "769",
        "POL_STAName": "Shikaripura Town PS",
        "KGISPSCode": "PS - 769",
        "district": "Shimoga"
      },
      "geometry": {
        "type": "Point",
        "coordinates": [
          75.3606960004107,
          14.2603160004474
        ]
      }
    },
    {
      "type": "Feature",
      "properties": {
        "OBJECTID": "535",
        "DepartmentCode": "164621032",
        "KGISVillageID": "13218",
        "KGISCode": "29568055178031330000HMPOLPUOFFPOS0001",
        "KGISPOL_STAID": "770",
        "POL_STAName": "Shiralakoppa PS",
        "KGISPSCode": "PS - 770",
        "district": "Shimoga"
      },
      "geometry": {
        "type": "Point",
        "coordinates": [
          75.249846999886,
          14.381316999614
        ]
      }
    },
    {
      "type": "Feature",
      "properties": {
        "OBJECTID": "536",
        "DepartmentCode": "164621664",
        "KGISVillageID": "13468",
        "KGISCode": "29568055166074250000HMPOLPUOFFPOS0001",
        "KGISPOL_STAID": "771",
        "POL_STAName": "Anavatti PS",
        "KGISPSCode": "PS - 771",
        "district": "Shimoga"
      },
      "geometry": {
        "type": "Point",
        "coordinates": [
          75.1506170001106,
          14.5627749999232
        ]
      }
    },
    {
      "type": "Feature",
      "properties": {
        "OBJECTID": "537",
        "DepartmentCode": "164621033",
        "KGISVillageID": "13689",
        "KGISCode": "29568055166075640000HMPOLPUOFFPOS0001",
        "KGISPOL_STAID": "772",
        "POL_STAName": "Soraba PS",
        "KGISPSCode": "PS - 772",
        "district": "Shimoga"
      },
      "geometry": {
        "type": "Point",
        "coordinates": [
          75.0994299999271,
          14.3810810003052
        ]
      }
    },
    {
      "type": "Feature",
      "properties": {
        "OBJECTID": "538",
        "DepartmentCode": "164621024",
        "KGISVillageID": "12897",
        "KGISCode": "29568055158031300000HMPOLPUOFFPOS0001",
        "KGISPOL_STAID": "773",
        "POL_STAName": "Kargal PS",
        "KGISPSCode": "PS - 773",
        "district": "Shimoga"
      },
      "geometry": {
        "type": "Point",
        "coordinates": [
          74.8148469996487,
          14.1900539997174
        ]
      }
    },
    {
      "type": "Feature",
      "properties": {
        "OBJECTID": "539",
        "DepartmentCode": "164621027",
        "KGISVillageID": "12910",
        "KGISCode": "29568055158031300000HMPOLPUOFFPOS0002",
        "KGISPOL_STAID": "774",
        "POL_STAName": "Joga PS",
        "KGISPSCode": "PS - 774",
        "district": "Shimoga"
      },
      "geometry": {
        "type": "Point",
        "coordinates": [
          74.8146309997162,
          14.2094619996891
        ]
      }
    },
    {
      "type": "Feature",
      "properties": {
        "OBJECTID": "540",
        "DepartmentCode": "164621022",
        "KGISVillageID": "12992",
        "KGISCode": "29568055158031310000HMPOLPUOFFPOS0001",
        "KGISPOL_STAID": "775",
        "POL_STAName": "Sagara Town PS",
        "KGISPSCode": "PS - 775",
        "district": "Shimoga"
      },
      "geometry": {
        "type": "Point",
        "coordinates": [
          75.0231890002776,
          14.1677760000143
        ]
      }
    },
    {
      "type": "Feature",
      "properties": {
        "OBJECTID": "541",
        "DepartmentCode": "164621900",
        "KGISVillageID": "12746",
        "KGISCode": "29568055186080320000HMPOLPUOFFPOS0001",
        "KGISPOL_STAID": "776",
        "POL_STAName": "Nagara PS",
        "KGISPSCode": "PS - 776",
        "district": "Shimoga"
      },
      "geometry": {
        "type": "Point",
        "coordinates": [
          75.029620999564,
          13.8183299998455
        ]
      }
    },
    {
      "type": "Feature",
      "properties": {
        "OBJECTID": "542",
        "DepartmentCode": "164621023",
        "KGISVillageID": "12992",
        "KGISCode": "29568055158031310000HMPOLPUOFFPOS0002",
        "KGISPOL_STAID": "777",
        "POL_STAName": "Sagara Rural PS",
        "KGISPSCode": "PS - 777",
        "district": "Shimoga"
      },
      "geometry": {
        "type": "Point",
        "coordinates": [
          75.0320689999283,
          14.1676749995936
        ]
      }
    },
    {
      "type": "Feature",
      "properties": {
        "OBJECTID": "543",
        "DepartmentCode": "164621823",
        "KGISVillageID": "13902",
        "KGISCode": "29568055196082860000HMPOLPUOFFPOS0001",
        "KGISPOL_STAID": "778",
        "POL_STAName": "Agumbe PS",
        "KGISPSCode": "PS - 778",
        "district": "Shimoga"
      },
      "geometry": {
        "type": "Point",
        "coordinates": [
          75.097434000409,
          13.5109009998969
        ]
      }
    },
    {
      "type": "Feature",
      "properties": {
        "OBJECTID": "544",
        "DepartmentCode": "164621749",
        "KGISVillageID": "12684",
        "KGISCode": "29568055186079410000HMPOLPUOFFPOS0001",
        "KGISPOL_STAID": "779",
        "POL_STAName": "Rippanpete PS",
        "KGISPSCode": "PS - 779",
        "district": "Shimoga"
      },
      "geometry": {
        "type": "Point",
        "coordinates": [
          75.2597910002094,
          13.9932010003917
        ]
      }
    },
    {
      "type": "Feature",
      "properties": {
        "OBJECTID": "545",
        "DepartmentCode": "164621745",
        "KGISVillageID": "12565",
        "KGISCode": "29568055186078800000HMPOLPUOFFPOS0001",
        "KGISPOL_STAID": "780",
        "POL_STAName": "Hosanagara PS",
        "KGISPSCode": "PS - 780",
        "district": "Shimoga"
      },
      "geometry": {
        "type": "Point",
        "coordinates": [
          75.0657980001672,
          13.9158099997433
        ]
      }
    },
    {
      "type": "Feature",
      "properties": {
        "OBJECTID": "546",
        "DepartmentCode": "164621010",
        "KGISVillageID": "14065",
        "KGISCode": "29568055196082110000HMPOLPUOFFPOS0001",
        "KGISPOL_STAID": "781",
        "POL_STAName": "Thirthahalli PS",
        "KGISPSCode": "PS - 781",
        "district": "Shimoga"
      },
      "geometry": {
        "type": "Point",
        "coordinates": [
          75.2461389997448,
          13.6982170001031
        ]
      }
    },
    {
      "type": "Feature",
      "properties": {
        "OBJECTID": "547",
        "DepartmentCode": "164432198",
        "KGISVillageID": "21436",
        "KGISCode": "29572055428031620000HMPOLPUOFFPOS0091",
        "KGISPOL_STAID": "783",
        "POL_STAName": "Bellanduru PS",
        "KGISPSCode": "PS - 783",
        "district": "Bangalore"
      },
      "geometry": {
        "type": "Point",
        "coordinates": [
          77.6678679998158,
          12.9191619996926
        ]
      }
    },
    {
      "type": "Feature",
      "properties": {
        "OBJECTID": "548",
        "DepartmentCode": "164431416",
        "KGISVillageID": "21433",
        "KGISCode": "29572055428031620000HMPOLPUOFFPOS0092",
        "KGISPOL_STAID": "784",
        "POL_STAName": "H.A.L. PS",
        "KGISPSCode": "PS - 784",
        "district": "Bangalore"
      },
      "geometry": {
        "type": "Point",
        "coordinates": [
          77.6828550001031,
          12.9550059996707
        ]
      }
    },
    {
      "type": "Feature",
      "properties": {
        "OBJECTID": "549",
        "DepartmentCode": "164432199",
        "KGISVillageID": "21442",
        "KGISCode": "29572055428031620000HMPOLPUOFFPOS0093",
        "KGISPOL_STAID": "785",
        "POL_STAName": "Marathahalli PS",
        "KGISPSCode": "PS - 785",
        "district": "Bangalore"
      },
      "geometry": {
        "type": "Point",
        "coordinates": [
          77.6980390002911,
          12.9456189996246
        ]
      }
    },
    {
      "type": "Feature",
      "properties": {
        "OBJECTID": "550",
        "DepartmentCode": "164430259",
        "KGISVillageID": "21491",
        "KGISCode": "29572055428031620000HMPOLPUOFFPOS0094",
        "KGISPOL_STAID": "786",
        "POL_STAName": "Varthur PS",
        "KGISPSCode": "PS - 786",
        "district": "Bangalore"
      },
      "geometry": {
        "type": "Point",
        "coordinates": [
          77.7469200001009,
          12.9380340003015
        ]
      }
    },
    {
      "type": "Feature",
      "properties": {
        "OBJECTID": "551",
        "DepartmentCode": "164431405",
        "KGISVillageID": "21420",
        "KGISCode": "29572055428031620000HMPOLPUOFFPOS0095",
        "KGISPOL_STAID": "787",
        "POL_STAName": "K.R. Puram PS",
        "KGISPSCode": "PS - 787",
        "district": "Bangalore"
      },
      "geometry": {
        "type": "Point",
        "coordinates": [
          77.693286999959,
          13.0090160001236
        ]
      }
    },
    {
      "type": "Feature",
      "properties": {
        "OBJECTID": "552",
        "DepartmentCode": "164430257",
        "KGISVillageID": "21356",
        "KGISCode": "29572055428031620000HMPOLPUOFFPOS0096",
        "KGISPOL_STAID": "788",
        "POL_STAName": "Kadugodi PS",
        "KGISPSCode": "PS - 788",
        "district": "Bangalore"
      },
      "geometry": {
        "type": "Point",
        "coordinates": [
          77.7578210000384,
          12.9954149997581
        ]
      }
    },
    {
      "type": "Feature",
      "properties": {
        "OBJECTID": "553",
        "DepartmentCode": "164431414",
        "KGISVillageID": "21394",
        "KGISCode": "29572055428031620000HMPOLPUOFFPOS0097",
        "KGISPOL_STAID": "789",
        "POL_STAName": "Mahadevapura PS",
        "KGISPSCode": "PS - 789",
        "district": "Bangalore"
      },
      "geometry": {
        "type": "Point",
        "coordinates": [
          77.6928279998912,
          12.9966939998372
        ]
      }
    },
    {
      "type": "Feature",
      "properties": {
        "OBJECTID": "554",
        "DepartmentCode": "164430258",
        "KGISVillageID": "21434",
        "KGISCode": "29572055428031620000HMPOLPUOFFPOS0098",
        "KGISPOL_STAID": "790",
        "POL_STAName": "Whitefield PS",
        "KGISPSCode": "PS - 790",
        "district": "Bangalore"
      },
      "geometry": {
        "type": "Point",
        "coordinates": [
          77.7510760001927,
          12.9753560004434
        ]
      }
    },
    {
      "type": "Feature",
      "properties": {
        "OBJECTID": "555",
        "DepartmentCode": "164421330",
        "KGISVillageID": "21159",
        "KGISCode": "29572055458031630000HMPOLPUOFFPOS0001",
        "KGISPOL_STAID": "791",
        "POL_STAName": "Anekal PS",
        "KGISPSCode": "PS - 791",
        "district": "Bangalore"
      },
      "geometry": {
        "type": "Point",
        "coordinates": [
          77.692886400445,
          12.7101184001285
        ]
      }
    },
    {
      "type": "Feature",
      "properties": {
        "OBJECTID": "556",
        "DepartmentCode": "164421331",
        "KGISVillageID": "15031",
        "KGISCode": "29572055456131320000HMPOLPUOFFPOS0001",
        "KGISPOL_STAID": "792",
        "POL_STAName": "Bannerghatta PS",
        "KGISPSCode": "PS - 792",
        "district": "Bangalore"
      },
      "geometry": {
        "type": "Point",
        "coordinates": [
          77.5792525001605,
          12.8135433004012
        ]
      }
    },
    {
      "type": "Feature",
      "properties": {
        "OBJECTID": "557",
        "DepartmentCode": "164422000",
        "KGISVillageID": "15056",
        "KGISCode": "29572055456133600000HMPOLPUOFFPOS0001",
        "KGISPOL_STAID": "793",
        "POL_STAName": "Jigani PS",
        "KGISPSCode": "PS - 793",
        "district": "Bangalore"
      },
      "geometry": {
        "type": "Point",
        "coordinates": [
          77.6392150996301,
          12.7824606995826
        ]
      }
    },
    {
      "type": "Feature",
      "properties": {
        "OBJECTID": "558",
        "DepartmentCode": "164421333",
        "KGISVillageID": "15006",
        "KGISCode": "29572055456133550000HMPOLPUOFFPOS0001",
        "KGISPOL_STAID": "794",
        "POL_STAName": "Hebbagodi PS",
        "KGISPSCode": "PS - 794",
        "district": "Bangalore"
      },
      "geometry": {
        "type": "Point",
        "coordinates": [
          77.6799321002329,
          12.8263711001822
        ]
      }
    },
    {
      "type": "Feature",
      "properties": {
        "OBJECTID": "559",
        "DepartmentCode": "164421334",
        "KGISVillageID": "21296",
        "KGISCode": "29572055456133580000HMPOLPUOFFPOS0001",
        "KGISPOL_STAID": "795",
        "POL_STAName": "Sarjapura PS",
        "KGISPSCode": "PS - 795",
        "district": "Bangalore"
      },
      "geometry": {
        "type": "Point",
        "coordinates": [
          77.7812827002306,
          12.8607281002345
        ]
      }
    },
    {
      "type": "Feature",
      "properties": {
        "OBJECTID": "560",
        "DepartmentCode": "164420253",
        "KGISVillageID": "20638",
        "KGISCode": "29583056048032360000HMPOLPUOFFPOS0001",
        "KGISPOL_STAID": "796",
        "POL_STAName": "Hosakote PS",
        "KGISPSCode": "PS - 796",
        "district": "BangaloreRural"
      },
      "geometry": {
        "type": "Point",
        "coordinates": [
          77.7804413997902,
          13.070119099763
        ]
      }
    },
    {
      "type": "Feature",
      "properties": {
        "OBJECTID": "561",
        "DepartmentCode": "164421916",
        "KGISVillageID": "21334",
        "KGISCode": "29572055446131070000HMPOLPUOFFPOS0001",
        "KGISPOL_STAID": "797",
        "POL_STAName": "Avalahally PS",
        "KGISPSCode": "PS - 797",
        "district": "Bangalore"
      },
      "geometry": {
        "type": "Point",
        "coordinates": [
          77.7457209996652,
          13.042326000046
        ]
      }
    },
    {
      "type": "Feature",
      "properties": {
        "OBJECTID": "562",
        "DepartmentCode": "164421812",
        "KGISVillageID": "20577",
        "KGISCode": "29583056046257230000HMPOLPUOFFPOS0001",
        "KGISPOL_STAID": "798",
        "POL_STAName": "Anugondanahalli PS",
        "KGISPSCode": "PS - 798",
        "district": "BangaloreRural"
      },
      "geometry": {
        "type": "Point",
        "coordinates": [
          77.8213556279946,
          12.9747649611325
        ]
      }
    },
    {
      "type": "Feature",
      "properties": {
        "OBJECTID": "563",
        "DepartmentCode": "164421811",
        "KGISVillageID": "20641",
        "KGISCode": "29583056046257130000HMPOLPUOFFPOS0001",
        "KGISPOL_STAID": "799",
        "POL_STAName": "Thirumalashettahalli PS",
        "KGISPSCode": "PS - 799",
        "district": "BangaloreRural"
      },
      "geometry": {
        "type": "Point",
        "coordinates": [
          77.7801432000071,
          12.9887798996233
        ]
      }
    },
    {
      "type": "Feature",
      "properties": {
        "OBJECTID": "564",
        "DepartmentCode": "164420254",
        "KGISVillageID": "20794",
        "KGISCode": "29583056046255500000HMPOLPUOFFPOS0001",
        "KGISPOL_STAID": "800",
        "POL_STAName": "Nandagudi PS",
        "KGISPSCode": "PS - 800",
        "district": "BangaloreRural"
      },
      "geometry": {
        "type": "Point",
        "coordinates": [
          77.9009028996525,
          13.2033729004414
        ]
      }
    },
    {
      "type": "Feature",
      "properties": {
        "OBJECTID": "565",
        "DepartmentCode": "164421816",
        "KGISVillageID": "20869",
        "KGISCode": "29583056046254910000HMPOLPUOFFPOS0001",
        "KGISPOL_STAID": "801",
        "POL_STAName": "Sulibele PS",
        "KGISPSCode": "PS - 801",
        "district": "BangaloreRural"
      },
      "geometry": {
        "type": "Point",
        "coordinates": [
          77.7887017004602,
          13.1844353001785
        ]
      }
    },
    {
      "type": "Feature",
      "properties": {
        "OBJECTID": "566",
        "DepartmentCode": "164421878",
        "KGISVillageID": "20122",
        "KGISCode": "29583056036252730000HMPOLPUOFFPOS0001",
        "KGISPOL_STAID": "802",
        "POL_STAName": "Vishwanathapura PS",
        "KGISPSCode": "PS - 802",
        "district": "BangaloreRural"
      },
      "geometry": {
        "type": "Point",
        "coordinates": [
          77.6227640002983,
          13.2790430000011
        ]
      }
    },
    {
      "type": "Feature",
      "properties": {
        "OBJECTID": "567",
        "DepartmentCode": "164420267",
        "KGISVillageID": "20222",
        "KGISCode": "29583056038032340000HMPOLPUOFFPOS0001",
        "KGISPOL_STAID": "803",
        "POL_STAName": "Vijayapura PS",
        "KGISPSCode": "PS - 803",
        "district": "BangaloreRural"
      },
      "geometry": {
        "type": "Point",
        "coordinates": [
          77.800527800269,
          13.2942836995663
        ]
      }
    },
    {
      "type": "Feature",
      "properties": {
        "OBJECTID": "568",
        "DepartmentCode": "164420264",
        "KGISVillageID": "20373",
        "KGISCode": "29583056026251800000HMPOLPUOFFPOS0001",
        "KGISPOL_STAID": "804",
        "POL_STAName": "Doddabelavangala PS",
        "KGISPSCode": "PS - 804",
        "district": "BangaloreRural"
      },
      "geometry": {
        "type": "Point",
        "coordinates": [
          77.4228263001837,
          13.2882285996995
        ]
      }
    },
    {
      "type": "Feature",
      "properties": {
        "OBJECTID": "569",
        "DepartmentCode": "164421336",
        "KGISVillageID": "15277",
        "KGISCode": "29572055426128340000HMPOLPUOFFPOS0001",
        "KGISPOL_STAID": "805",
        "POL_STAName": "Rajanukunte PS",
        "KGISPSCode": "PS - 805",
        "district": "Bangalore"
      },
      "geometry": {
        "type": "Point",
        "coordinates": [
          77.5624243997917,
          13.1739705001471
        ]
      }
    },
    {
      "type": "Feature",
      "properties": {
        "OBJECTID": "570",
        "DepartmentCode": "164420271",
        "KGISVillageID": "20944",
        "KGISCode": "29583056016248860000HMPOLPUOFFPOS0001",
        "KGISPOL_STAID": "806",
        "POL_STAName": "Nelamangala Town PS",
        "KGISPSCode": "PS - 806",
        "district": "BangaloreRural"
      },
      "geometry": {
        "type": "Point",
        "coordinates": [
          77.3883896998318,
          13.0870719002239
        ]
      }
    },
    {
      "type": "Feature",
      "properties": {
        "OBJECTID": "571",
        "DepartmentCode": "164421913",
        "KGISVillageID": "20944",
        "KGISCode": "29583056016248860000HMPOLPUOFFPOS0002",
        "KGISPOL_STAID": "807",
        "POL_STAName": "Nelamangala Rural PS",
        "KGISPSCode": "PS - 807",
        "district": "BangaloreRural"
      },
      "geometry": {
        "type": "Point",
        "coordinates": [
          77.3883867004328,
          13.0870741001406
        ]
      }
    },
    {
      "type": "Feature",
      "properties": {
        "OBJECTID": "572",
        "DepartmentCode": "169801050",
        "KGISVillageID": "26164",
        "KGISCode": "29575055618031810000HMPOLPUOFFPOS0001",
        "KGISPOL_STAID": "808",
        "POL_STAName": "Panambur PS",
        "KGISPSCode": "PS - 808",
        "district": "DakshinaKannada"
      },
      "geometry": {
        "type": "Point",
        "coordinates": [
          74.8168989996135,
          12.9525550002621
        ]
      }
    },
    {
      "type": "Feature",
      "properties": {
        "OBJECTID": "573",
        "DepartmentCode": "169801052",
        "KGISVillageID": "26173",
        "KGISCode": "29575055618031810000HMPOLPUOFFPOS0002",
        "KGISPOL_STAID": "809",
        "POL_STAName": "Kavoor PS",
        "KGISPSCode": "PS - 809",
        "district": "DakshinaKannada"
      },
      "geometry": {
        "type": "Point",
        "coordinates": [
          74.8493489999597,
          12.9242290000163
        ]
      }
    },
    {
      "type": "Feature",
      "properties": {
        "OBJECTID": "574",
        "DepartmentCode": "169801054",
        "KGISVillageID": "26167",
        "KGISCode": "29575055618031810000HMPOLPUOFFPOS0003",
        "KGISPOL_STAID": "811",
        "POL_STAName": "Surathkal PS",
        "KGISPSCode": "PS - 811",
        "district": "DakshinaKannada"
      },
      "geometry": {
        "type": "Point",
        "coordinates": [
          74.8011130002436,
          12.9881750003396
        ]
      }
    },
    {
      "type": "Feature",
      "properties": {
        "OBJECTID": "575",
        "DepartmentCode": "169801068",
        "KGISVillageID": "26134",
        "KGISCode": "29575055618031790000HMPOLPUOFFPOS0001",
        "KGISPOL_STAID": "812",
        "POL_STAName": "Mulki PS",
        "KGISPSCode": "PS - 812",
        "district": "DakshinaKannada"
      },
      "geometry": {
        "type": "Point",
        "coordinates": [
          74.7892839997271,
          13.0942629999292
        ]
      }
    },
    {
      "type": "Feature",
      "properties": {
        "OBJECTID": "576",
        "DepartmentCode": "169801069",
        "KGISVillageID": "26123",
        "KGISCode": "29575055618031800000HMPOLPUOFFPOS0001",
        "KGISPOL_STAID": "813",
        "POL_STAName": "Moodabidre PS",
        "KGISPSCode": "PS - 813",
        "district": "Udupi"
      },
      "geometry": {
        "type": "Point",
        "coordinates": [
          74.9999340001929,
          13.0664510000359
        ]
      }
    },
    {
      "type": "Feature",
      "properties": {
        "OBJECTID": "577",
        "DepartmentCode": "169801041",
        "KGISVillageID": "31454",
        "KGISCode": "29575055618031810000HMPOLPUOFFPOS0004",
        "KGISPOL_STAID": "814",
        "POL_STAName": "Mangaluru North PS",
        "KGISPSCode": "PS - 814",
        "district": "DakshinaKannada"
      },
      "geometry": {
        "type": "Point",
        "coordinates": [
          74.8335019997197,
          12.8642720003151
        ]
      }
    },
    {
      "type": "Feature",
      "properties": {
        "OBJECTID": "578",
        "DepartmentCode": "169801043",
        "KGISVillageID": "26082",
        "KGISCode": "29575055618031810000HMPOLPUOFFPOS0006",
        "KGISPOL_STAID": "816",
        "POL_STAName": "Mangaluru East PS",
        "KGISPSCode": "PS - 816",
        "district": "DakshinaKannada"
      },
      "geometry": {
        "type": "Point",
        "coordinates": [
          74.8526099996943,
          12.8903029995572
        ]
      }
    },
    {
      "type": "Feature",
      "properties": {
        "OBJECTID": "579",
        "DepartmentCode": "169801046",
        "KGISVillageID": "26076",
        "KGISCode": "29575055618031810000HMPOLPUOFFPOS0007",
        "KGISPOL_STAID": "817",
        "POL_STAName": "Urva PS",
        "KGISPSCode": "PS - 817",
        "district": "DakshinaKannada"
      },
      "geometry": {
        "type": "Point",
        "coordinates": [
          74.828781000387,
          12.8992229999857
        ]
      }
    },
    {
      "type": "Feature",
      "properties": {
        "OBJECTID": "580",
        "DepartmentCode": "169801047",
        "KGISVillageID": "31454",
        "KGISCode": "29575055618031810000HMPOLPUOFFPOS0008",
        "KGISPOL_STAID": "818",
        "POL_STAName": "Mangaluru Women PS",
        "KGISPSCode": "PS - 818",
        "district": "DakshinaKannada"
      },
      "geometry": {
        "type": "Point",
        "coordinates": [
          74.8382127998191,
          12.8568916003367
        ]
      }
    },
    {
      "type": "Feature",
      "properties": {
        "OBJECTID": "581",
        "DepartmentCode": "169801042",
        "KGISVillageID": "31454",
        "KGISCode": "29575055618031810000HMPOLPUOFFPOS0009",
        "KGISPOL_STAID": "819",
        "POL_STAName": "Mangaluru South PS",
        "KGISPSCode": "PS - 819",
        "district": "DakshinaKannada"
      },
      "geometry": {
        "type": "Point",
        "coordinates": [
          74.8399299998815,
          12.8549829999593
        ]
      }
    },
    {
      "type": "Feature",
      "properties": {
        "OBJECTID": "582",
        "DepartmentCode": "169801056",
        "KGISVillageID": "26096",
        "KGISCode": "29575055618031810000HMPOLPUOFFPOS0010",
        "KGISPOL_STAID": "820",
        "POL_STAName": "Mangaluru Rural PS",
        "KGISPSCode": "PS - 820",
        "district": "DakshinaKannada"
      },
      "geometry": {
        "type": "Point",
        "coordinates": [
          74.8776419998545,
          12.88219929994
        ]
      }
    },
    {
      "type": "Feature",
      "properties": {
        "OBJECTID": "583",
        "DepartmentCode": "169802171",
        "KGISVillageID": "26083",
        "KGISCode": "29575055618031810000HMPOLPUOFFPOS0011",
        "KGISPOL_STAID": "821",
        "POL_STAName": "Kankanady Town PS",
        "KGISPSCode": "PS - 821",
        "district": "DakshinaKannada"
      },
      "geometry": {
        "type": "Point",
        "coordinates": [
          74.8726400000404,
          12.8698300002255
        ]
      }
    },
    {
      "type": "Feature",
      "properties": {
        "OBJECTID": "584",
        "DepartmentCode": "169801055",
        "KGISVillageID": "26090",
        "KGISCode": "29575055616175140000HMPOLPUOFFPOS0001",
        "KGISPOL_STAID": "822",
        "POL_STAName": "Konaje PS",
        "KGISPSCode": "PS - 822",
        "district": "DakshinaKannada"
      },
      "geometry": {
        "type": "Point",
        "coordinates": [
          74.9154199996671,
          12.8094969995511
        ]
      }
    },
    {
      "type": "Feature",
      "properties": {
        "OBJECTID": "585",
        "DepartmentCode": "169801059",
        "KGISVillageID": "26101",
        "KGISCode": "29575055618031820000HMPOLPUOFFPOS0001",
        "KGISPOL_STAID": "823",
        "POL_STAName": "Ullal PS",
        "KGISPSCode": "PS - 823",
        "district": "DakshinaKannada"
      },
      "geometry": {
        "type": "Point",
        "coordinates": [
          74.8415710000816,
          12.8195060004003
        ]
      }
    },
    {
      "type": "Feature",
      "properties": {
        "OBJECTID": "586",
        "DepartmentCode": "164401563",
        "KGISVillageID": "7196",
        "KGISCode": "29579055828032070000HMPOLPUOFFPOS0010",
        "KGISPOL_STAID": "826",
        "POL_STAName": "Lakshmeshwar PS",
        "KGISPSCode": "PS - 826",
        "district": "Gadag"
      },
      "geometry": {
        "type": "Point",
        "coordinates": [
          75.4735646873454,
          15.1202848551357
        ]
      }
    },
    {
      "type": "Feature",
      "properties": {
        "OBJECTID": "587",
        "DepartmentCode": "164701236",
        "KGISVillageID": "153",
        "KGISCode": "29579055828032070000HMPOLPUOFFPOS0011",
        "KGISPOL_STAID": "827",
        "POL_STAName": "Bagalkot Town PS",
        "KGISPSCode": "PS - 827",
        "district": "Bagalkot"
      },
      "geometry": {
        "type": "Point",
        "coordinates": [
          75.6557194457004,
          16.1172363103006
        ]
      }
    },
    {
      "type": "Feature",
      "properties": {
        "OBJECTID": "588",
        "DepartmentCode": "164490511",
        "KGISVillageID": "11282",
        "KGISCode": "29566055086060600000HMPOLPUOFFPOS0001",
        "KGISPOL_STAID": "829",
        "POL_STAName": "Imangala PS",
        "KGISPSCode": "PS - 829",
        "district": "Chitradurga"
      },
      "geometry": {
        "type": "Point",
        "coordinates": [
          76.5342669999315,
          14.095090000349
        ]
      }
    },
    {
      "type": "Feature",
      "properties": {
        "OBJECTID": "589",
        "DepartmentCode": "164490507",
        "KGISVillageID": "6409",
        "KGISCode": "29566055038031180000HMPOLPUOFFPOS0001",
        "KGISPOL_STAID": "830",
        "POL_STAName": "Molakalmuru PS",
        "KGISPSCode": "PS - 830",
        "district": "Chitradurga"
      },
      "geometry": {
        "type": "Point",
        "coordinates": [
          76.7457030000174,
          14.7180229999007
        ]
      }
    },
    {
      "type": "Feature",
      "properties": {
        "OBJECTID": "590",
        "DepartmentCode": "164490489",
        "KGISVillageID": "5879",
        "KGISCode": "29566055056056000000HMPOLPUOFFPOS0001",
        "KGISPOL_STAID": "831",
        "POL_STAName": "Chitradurga Town PS",
        "KGISPSCode": "PS - 831",
        "district": "Chitradurga"
      },
      "geometry": {
        "type": "Point",
        "coordinates": [
          76.4036630002954,
          14.2240100001111
        ]
      }
    },
    {
      "type": "Feature",
      "properties": {
        "OBJECTID": "591",
        "DepartmentCode": "164490512",
        "KGISVillageID": "11183",
        "KGISCode": "29566055086060970000HMPOLPUOFFPOS0001",
        "KGISPOL_STAID": "832",
        "POL_STAName": "Abbinahole PS",
        "KGISPSCode": "PS - 832",
        "district": "Chitradurga"
      },
      "geometry": {
        "type": "Point",
        "coordinates": [
          76.7515920003006,
          14.0417150000132
        ]
      }
    },
    {
      "type": "Feature",
      "properties": {
        "OBJECTID": "592",
        "DepartmentCode": "164440324",
        "KGISVillageID": "30061",
        "KGISCode": "29555054365974930000HMPOLPUOFFPOS0001",
        "KGISPOL_STAID": "833",
        "POL_STAName": "Ankalgi PS",
        "KGISPSCode": "PS - 833",
        "district": "Belgaum"
      },
      "geometry": {
        "type": "Point",
        "coordinates": [
          74.6932490004634,
          16.0278369999957
        ]
      }
    },
    {
      "type": "Feature",
      "properties": {
        "OBJECTID": "593",
        "DepartmentCode": "164441485",
        "KGISVillageID": "666",
        "KGISCode": "29555054348030240000HMPOLPUOFFPOS0001",
        "KGISPOL_STAID": "834",
        "POL_STAName": "Athani PS",
        "KGISPSCode": "PS - 834",
        "district": "Belgaum"
      },
      "geometry": {
        "type": "Point",
        "coordinates": [
          75.06000800015,
          16.7266850002997
        ]
      }
    },
    {
      "type": "Feature",
      "properties": {
        "OBJECTID": "594",
        "DepartmentCode": "164460403",
        "KGISVillageID": "2090",
        "KGISCode": "29558054548030570000HMPOLPUOFFPOS0002",
        "KGISPOL_STAID": "835",
        "POL_STAName": "Basava Kalyana Rural PS",
        "KGISPSCode": "PS - 835",
        "district": "Bidar"
      },
      "geometry": {
        "type": "Point",
        "coordinates": [
          76.962817525583,
          17.8756991860418
        ]
      }
    },
    {
      "type": "Feature",
      "properties": {
        "OBJECTID": "595",
        "DepartmentCode": "164511632",
        "KGISVillageID": "27537",
        "KGISCode": "29576055686180740000HMPOLPUOFFPOS0001",
        "KGISPOL_STAID": "836",
        "POL_STAName": "Srimangala PS",
        "KGISPSCode": "PS - 836",
        "district": "Kodagu"
      },
      "geometry": {
        "type": "Point",
        "coordinates": [
          75.9898819125936,
          12.0187571021511
        ]
      }
    },
    {
      "type": "Feature",
      "properties": {
        "OBJECTID": "596",
        "DepartmentCode": "164681167",
        "KGISVillageID": "8509",
        "KGISCode": "29560054646013180000HMPOLPUOFFPOS0001",
        "KGISPOL_STAID": "837",
        "POL_STAName": "Bevoor PS",
        "KGISPSCode": "PS - 837",
        "district": "Koppal"
      },
      "geometry": {
        "type": "Point",
        "coordinates": [
          76.1709389998177,
          15.566830999975
        ]
      }
    },
    {
      "type": "Feature",
      "properties": {
        "OBJECTID": "597",
        "DepartmentCode": "169850704",
        "KGISVillageID": "3347",
        "KGISCode": "29579055828032070000HMPOLPUOFFPOS0008",
        "KGISPOL_STAID": "838",
        "POL_STAName": "MB Nagar PS",
        "KGISPSCode": "PS - 838",
        "district": "Gulbarga"
      },
      "geometry": {
        "type": "Point",
        "coordinates": [
          76.8674950000699,
          17.3269999998699
        ]
      }
    },
    {
      "type": "Feature",
      "properties": {
        "OBJECTID": "598",
        "DepartmentCode": "169850695",
        "KGISVillageID": "3347",
        "KGISCode": "29579055828032070000HMPOLPUOFFPOS0009",
        "KGISPOL_STAID": "839",
        "POL_STAName": "Chowka PS",
        "KGISPSCode": "PS - 839",
        "district": "Gulbarga"
      },
      "geometry": {
        "type": "Point",
        "coordinates": [
          76.8374040001368,
          17.3379090000034
        ]
      }
    },
    {
      "type": "Feature",
      "properties": {
        "OBJECTID": "599",
        "DepartmentCode": "164550753",
        "KGISVillageID": "22408",
        "KGISCode": "29574055546151440000HMPOLPUOFFPOS0001",
        "KGISPOL_STAID": "840",
        "POL_STAName": "Arehalli PS",
        "KGISPSCode": "PS - 840",
        "district": "Hassan"
      },
      "geometry": {
        "type": "Point",
        "coordinates": [
          75.8018299998595,
          13.0454269998852
        ]
      }
    },
    {
      "type": "Feature",
      "properties": {
        "OBJECTID": "600",
        "DepartmentCode": "164641636",
        "KGISVillageID": "19452",
        "KGISCode": "29571055376115320000HMPOLPUOFFPOS0001",
        "KGISPOL_STAID": "842",
        "POL_STAName": "HebburuPS",
        "KGISPSCode": "PS - 842",
        "district": "Tumkur"
      },
      "geometry": {
        "type": "Point",
        "coordinates": [
          77.0317710000826,
          13.1509749997908
        ]
      }
    },
    {
      "type": "Feature",
      "properties": {
        "OBJECTID": "601",
        "DepartmentCode": "164601679",
        "KGISVillageID": "9988",
        "KGISCode": "29563054818030920000HMPOLPUOFFPOS0001",
        "KGISPOL_STAID": "890",
        "POL_STAName": "YellapuraPS",
        "KGISPSCode": "PS - 890",
        "district": "UttaraKannada"
      },
      "geometry": {
        "type": "Point",
        "coordinates": [
          74.7120525119919,
          14.9652695811726
        ]
      }
    },
    {
      "type": "Feature",
      "properties": {
        "OBJECTID": "602",
        "DepartmentCode": "164421332",
        "KGISVillageID": "14990",
        "KGISCode": "29572055456133590000HMPOLPUOFFPOS0001",
        "KGISPOL_STAID": "843",
        "POL_STAName": "Attibele PS",
        "KGISPSCode": "PS - 843",
        "district": "Bangalore"
      },
      "geometry": {
        "type": "Point",
        "coordinates": [
          77.7716710001049,
          12.7789360000593
        ]
      }
    },
    {
      "type": "Feature",
      "properties": {
        "OBJECTID": "603",
        "DepartmentCode": "164421335",
        "KGISVillageID": "20457",
        "KGISCode": "29583056026249610000HMPOLPUOFFPOS0001",
        "KGISPOL_STAID": "845",
        "POL_STAName": "Hosahalli PS",
        "KGISPSCode": "PS - 845",
        "district": "BangaloreRural"
      },
      "geometry": {
        "type": "Point",
        "coordinates": [
          77.4610749998091,
          13.4392470002062
        ]
      }
    },
    {
      "type": "Feature",
      "properties": {
        "OBJECTID": "604",
        "DepartmentCode": "164420272",
        "KGISVillageID": "21044",
        "KGISCode": "29583056016247440000HMPOLPUOFFPOS0001",
        "KGISPOL_STAID": "846",
        "POL_STAName": "Dobbespet PS",
        "KGISPSCode": "PS - 846",
        "district": "BangaloreRural"
      },
      "geometry": {
        "type": "Point",
        "coordinates": [
          77.2422319998178,
          13.2307609999756
        ]
      }
    },
    {
      "type": "Feature",
      "properties": {
        "OBJECTID": "605",
        "DepartmentCode": "164420273",
        "KGISVillageID": "21120",
        "KGISCode": "29583056016248230000HMPOLPUOFFPOS0001",
        "KGISPOL_STAID": "847",
        "POL_STAName": "Thyamagondlu PS",
        "KGISPSCode": "PS - 847",
        "district": "BangaloreRural"
      },
      "geometry": {
        "type": "Point",
        "coordinates": [
          77.3005339996233,
          13.2160730002358
        ]
      }
    },
    {
      "type": "Feature",
      "properties": {
        "OBJECTID": "606",
        "DepartmentCode": "164421914",
        "KGISVillageID": "15229",
        "KGISCode": "29572055426129510000HMPOLPUOFFPOS0001",
        "KGISPOL_STAID": "848",
        "POL_STAName": "Madhanayakanahally PS",
        "KGISPSCode": "PS - 848",
        "district": "Bangalore"
      },
      "geometry": {
        "type": "Point",
        "coordinates": [
          77.4623099998741,
          13.0622470002623
        ]
      }
    },
    {
      "type": "Feature",
      "properties": {
        "OBJECTID": "607",
        "DepartmentCode": "164422144",
        "KGISVillageID": "15009",
        "KGISCode": "29572055456132650000HMPOLPUOFFPOS0001",
        "KGISPOL_STAID": "849",
        "POL_STAName": "Suryanagar PS",
        "KGISPSCode": "PS - 849",
        "district": "Bangalore"
      },
      "geometry": {
        "type": "Point",
        "coordinates": [
          77.7049370001704,
          12.7928960000553
        ]
      }
    },
    {
      "type": "Feature",
      "properties": {
        "OBJECTID": "608",
        "DepartmentCode": "164431389",
        "KGISVillageID": "30092",
        "KGISCode": "29572055428031620000HMPOLPUOFFPOS0100",
        "KGISPOL_STAID": "850",
        "POL_STAName": "Ashoknagar PS",
        "KGISPSCode": "PS - 850",
        "district": "Bangalore"
      },
      "geometry": {
        "type": "Point",
        "coordinates": [
          77.6101850003906,
          12.9716320001726
        ]
      }
    },
    {
      "type": "Feature",
      "properties": {
        "OBJECTID": "609",
        "DepartmentCode": "164602218",
        "KGISVillageID": "9058",
        "KGISCode": "29563054788030900000HMPOLPUOFFPOS0004",
        "KGISPOL_STAID": "844",
        "POL_STAName": "UK Women PS",
        "KGISPSCode": "PS - 844",
        "district": "UttaraKannada"
      },
      "geometry": {
        "type": "Point",
        "coordinates": [
          74.1287643155449,
          14.8081974519154
        ]
      }
    },
    {
      "type": "Feature",
      "properties": {
        "OBJECTID": "610",
        "DepartmentCode": "164431392",
        "KGISVillageID": "15089",
        "KGISCode": "29572055428031620000HMPOLPUOFFPOS0101",
        "KGISPOL_STAID": "851",
        "POL_STAName": "S.J. Park PS",
        "KGISPSCode": "PS - 851",
        "district": "Bangalore"
      },
      "geometry": {
        "type": "Point",
        "coordinates": [
          77.5831449995862,
          12.9609289995745
        ]
      }
    },
    {
      "type": "Feature",
      "properties": {
        "OBJECTID": "611",
        "DepartmentCode": "164431822",
        "KGISVillageID": "15317",
        "KGISCode": "29572055426129150000HMPOLPUOFFPOS0001",
        "KGISPOL_STAID": "852",
        "POL_STAName": "Bagalur PS",
        "KGISPSCode": "PS - 852",
        "district": "Bangalore"
      },
      "geometry": {
        "type": "Point",
        "coordinates": [
          77.6704359997402,
          13.1400419997494
        ]
      }
    },
    {
      "type": "Feature",
      "properties": {
        "OBJECTID": "612",
        "DepartmentCode": "164431366",
        "KGISVillageID": "15158",
        "KGISCode": "29572055428031620000HMPOLPUOFFPOS0102",
        "KGISPOL_STAID": "853",
        "POL_STAName": "Hanumathanagar PS",
        "KGISPSCode": "PS - 853",
        "district": "Bangalore"
      },
      "geometry": {
        "type": "Point",
        "coordinates": [
          77.5614549998024,
          12.9362359996876
        ]
      }
    },
    {
      "type": "Feature",
      "properties": {
        "OBJECTID": "613",
        "DepartmentCode": "164432194",
        "KGISVillageID": "15505",
        "KGISCode": "29572055428031620000HMPOLPUOFFPOS0103",
        "KGISPOL_STAID": "854",
        "POL_STAName": "Begur PS",
        "KGISPSCode": "PS - 854",
        "district": "Bangalore"
      },
      "geometry": {
        "type": "Point",
        "coordinates": [
          77.6243380001586,
          12.8782620001631
        ]
      }
    },
    {
      "type": "Feature",
      "properties": {
        "OBJECTID": "614",
        "DepartmentCode": "164431798",
        "KGISVillageID": "15520",
        "KGISCode": "29572055428031620000HMPOLPUOFFPOS0104",
        "KGISPOL_STAID": "855",
        "POL_STAName": "Hulimavu PS",
        "KGISPSCode": "PS - 855",
        "district": "Bangalore"
      },
      "geometry": {
        "type": "Point",
        "coordinates": [
          77.6000710004058,
          12.8766460003129
        ]
      }
    },
    {
      "type": "Feature",
      "properties": {
        "OBJECTID": "615",
        "DepartmentCode": "164431381",
        "KGISVillageID": "15536",
        "KGISCode": "29572055428031620000HMPOLPUOFFPOS0105",
        "KGISPOL_STAID": "856",
        "POL_STAName": "Mico Layout PS",
        "KGISPSCode": "PS - 856",
        "district": "Bangalore"
      },
      "geometry": {
        "type": "Point",
        "coordinates": [
          77.610659000147,
          12.9086119998238
        ]
      }
    },
    {
      "type": "Feature",
      "properties": {
        "OBJECTID": "616",
        "DepartmentCode": "164451920",
        "KGISVillageID": "5007",
        "KGISCode": "29565055008031140000HMPOLPUOFFPOS0005",
        "KGISPOL_STAID": "870",
        "POL_STAName": "Ballari APMC Yard PS",
        "KGISPSCode": "PS - 870",
        "district": "Bellary"
      },
      "geometry": {
        "type": "Point",
        "coordinates": [
          76.9119893355174,
          15.1200727097952
        ]
      }
    },
    {
      "type": "Feature",
      "properties": {
        "OBJECTID": "617",
        "DepartmentCode": "169860352",
        "KGISVillageID": "5247",
        "KGISCode": "29565054988031090000HMPOLPUOFFPOS0003",
        "KGISPOL_STAID": "872",
        "POL_STAName": "Hospete extension PS",
        "KGISPSCode": "PS - 872",
        "district": "Bellary"
      },
      "geometry": {
        "type": "Point",
        "coordinates": [
          76.378147810104,
          15.2613173836515
        ]
      }
    },
    {
      "type": "Feature",
      "properties": {
        "OBJECTID": "618",
        "DepartmentCode": "169860353",
        "KGISVillageID": "5242",
        "KGISCode": "29565054988031090000HMPOLPUOFFPOS0004",
        "KGISPOL_STAID": "873",
        "POL_STAName": "T.B. Dam PS",
        "KGISPSCode": "PS - 873",
        "district": "Bellary"
      },
      "geometry": {
        "type": "Point",
        "coordinates": [
          76.3410900196889,
          15.2634830508049
        ]
      }
    },
    {
      "type": "Feature",
      "properties": {
        "OBJECTID": "619",
        "DepartmentCode": "164452205",
        "KGISVillageID": "5007",
        "KGISCode": "29565055008031140000HMPOLPUOFFPOS0006",
        "KGISPOL_STAID": "874",
        "POL_STAName": "Ballari Women PS",
        "KGISPSCode": "PS - 874",
        "district": "Bellary"
      },
      "geometry": {
        "type": "Point",
        "coordinates": [
          76.9198003222493,
          15.1528987201765
        ]
      }
    },
    {
      "type": "Feature",
      "properties": {
        "OBJECTID": "620",
        "DepartmentCode": "164430015",
        "KGISVillageID": "15436",
        "KGISCode": "29572055428031620000HMPOLPUOFFPOS0106",
        "KGISPOL_STAID": "857",
        "POL_STAName": "Vidyaranyapura PS",
        "KGISPSCode": "PS - 857",
        "district": "Bangalore"
      },
      "geometry": {
        "type": "Point",
        "coordinates": [
          77.5643861813388,
          13.0839867258753
        ]
      }
    },
    {
      "type": "Feature",
      "properties": {
        "OBJECTID": "621",
        "DepartmentCode": "164641091",
        "KGISVillageID": "19555",
        "KGISCode": "29571055376113380000HMPOLPUOFFPOS0001",
        "KGISPOL_STAID": "865",
        "POL_STAName": "Kora PS",
        "KGISPSCode": "PS - 865",
        "district": "Tumkur"
      },
      "geometry": {
        "type": "Point",
        "coordinates": [
          77.0615165780437,
          13.4375669966888
        ]
      }
    },
    {
      "type": "Feature",
      "properties": {
        "OBJECTID": "622",
        "DepartmentCode": "164642119",
        "KGISVillageID": "19643",
        "KGISCode": "29571055378031570000HMPOLPUOFFPOS0005",
        "KGISPOL_STAID": "864",
        "POL_STAName": "Jayanagara PS",
        "KGISPSCode": "PS - 864",
        "district": "Tumkur"
      },
      "geometry": {
        "type": "Point",
        "coordinates": [
          77.1198497923468,
          13.3174263965002
        ]
      }
    },
    {
      "type": "Feature",
      "properties": {
        "OBJECTID": "623",
        "DepartmentCode": "164642122",
        "KGISVillageID": "18232",
        "KGISCode": "29571055366112320000HMPOLPUOFFPOS0001",
        "KGISPOL_STAID": "861",
        "POL_STAName": "Kolala PS",
        "KGISPSCode": "PS - 861",
        "district": "Tumkur"
      },
      "geometry": {
        "type": "Point",
        "coordinates": [
          77.309849152736,
          13.3653069798512
        ]
      }
    },
    {
      "type": "Feature",
      "properties": {
        "OBJECTID": "624",
        "DepartmentCode": "164642120",
        "KGISVillageID": "19649",
        "KGISCode": "29571055378031570000HMPOLPUOFFPOS0006",
        "KGISPOL_STAID": "867",
        "POL_STAName": "Tumkur Women PS",
        "KGISPSCode": "PS - 867",
        "district": "Tumkur"
      },
      "geometry": {
        "type": "Point",
        "coordinates": [
          77.1054696603324,
          13.3481368136203
        ]
      }
    },
    {
      "type": "Feature",
      "properties": {
        "OBJECTID": "625",
        "DepartmentCode": "164570811",
        "KGISVillageID": "16659",
        "KGISCode": "29581055928032220000HMPOLPUOFFPOS0001",
        "KGISPOL_STAID": "858",
        "POL_STAName": "Malur PS",
        "KGISPSCode": "PS - 858",
        "district": "Kolar"
      },
      "geometry": {
        "type": "Point",
        "coordinates": [
          77.9378744423732,
          13.0040625565255
        ]
      }
    },
    {
      "type": "Feature",
      "properties": {
        "OBJECTID": "626",
        "DepartmentCode": "164572151",
        "KGISVillageID": "16282",
        "KGISCode": "29581055918032210000HMPOLPUOFFPOS0007",
        "KGISPOL_STAID": "869",
        "POL_STAName": "Kolar Women PS",
        "KGISPSCode": "PS - 869",
        "district": "Kolar"
      },
      "geometry": {
        "type": "Point",
        "coordinates": [
          78.1335376050286,
          13.1328199952886
        ]
      }
    },
    {
      "type": "Feature",
      "properties": {
        "OBJECTID": "627",
        "DepartmentCode": "164420262",
        "KGISVillageID": "20301",
        "KGISCode": "29583056026252470000HMPOLPUOFFPOS0001",
        "KGISPOL_STAID": "877",
        "POL_STAName": "Doddaballapura Town PS",
        "KGISPSCode": "PS - 877",
        "district": "BangaloreRural"
      },
      "geometry": {
        "type": "Point",
        "coordinates": [
          77.5446304954841,
          13.3086500744019
        ]
      }
    },
    {
      "type": "Feature",
      "properties": {
        "OBJECTID": "628",
        "DepartmentCode": "169760824",
        "KGISVillageID": "30707",
        "KGISCode": "29582056008032310000HMPOLPUOFFPOS0002",
        "KGISPOL_STAID": "878",
        "POL_STAName": "Chinthamani Rural PS",
        "KGISPSCode": "PS - 878",
        "district": "Chikballapura"
      },
      "geometry": {
        "type": "Point",
        "coordinates": [
          78.05344842821,
          13.4009020896407
        ]
      }
    },
    {
      "type": "Feature",
      "properties": {
        "OBJECTID": "629",
        "DepartmentCode": "164621018",
        "KGISVillageID": "12377",
        "KGISCode": "29568055218031380000HMPOLPUOFFPOS0005",
        "KGISPOL_STAID": "859",
        "POL_STAName": "Bhadravathi Rural PS",
        "KGISPSCode": "PS - 859",
        "district": "Davanagere"
      },
      "geometry": {
        "type": "Point",
        "coordinates": [
          75.6869140239428,
          13.8257444363277
        ]
      }
    },
    {
      "type": "Feature",
      "properties": {
        "OBJECTID": "630",
        "DepartmentCode": "164490502",
        "KGISVillageID": "5665",
        "KGISCode": "29566055046052490000HMPOLPUOFFPOS0001",
        "KGISPOL_STAID": "866",
        "POL_STAName": "Nayakanahatti PS",
        "KGISPSCode": "PS - 866",
        "district": "Chitradurga"
      },
      "geometry": {
        "type": "Point",
        "coordinates": [
          76.5455972595296,
          14.4681222415151
        ]
      }
    },
    {
      "type": "Feature",
      "properties": {
        "OBJECTID": "631",
        "DepartmentCode": "164641659",
        "KGISVillageID": "14608",
        "KGISCode": "29571055346106250000HMPOLPUOFFPOS0001",
        "KGISPOL_STAID": "862",
        "POL_STAName": "Arsikere PS",
        "KGISPSCode": "PS - 862",
        "district": "Tumkur"
      },
      "geometry": {
        "type": "Point",
        "coordinates": [
          77.0413860804016,
          14.0840889883304
        ]
      }
    },
    {
      "type": "Feature",
      "properties": {
        "OBJECTID": "632",
        "DepartmentCode": "164641095",
        "KGISVillageID": "17711",
        "KGISCode": "29571055386119400000HMPOLPUOFFPOS0001",
        "KGISPOL_STAID": "863",
        "POL_STAName": "Chandrashekarpura PS",
        "KGISPSCode": "PS - 863",
        "district": "Tumkur"
      },
      "geometry": {
        "type": "Point",
        "coordinates": [
          76.8819304300341,
          13.1512179863433
        ]
      }
    },
    {
      "type": "Feature",
      "properties": {
        "OBJECTID": "633",
        "DepartmentCode": "164540710",
        "KGISVillageID": "3392",
        "KGISCode": "29579055826201980000HMPOLPUOFFPOS0001",
        "KGISPOL_STAID": "879",
        "POL_STAName": "Kamalapur PS",
        "KGISPSCode": "PS - 879",
        "district": "Gulbarga"
      },
      "geometry": {
        "type": "Point",
        "coordinates": [
          76.9877231125126,
          17.5807971223409
        ]
      }
    },
    {
      "type": "Feature",
      "properties": {
        "OBJECTID": "634",
        "DepartmentCode": "164682207",
        "KGISVillageID": "8238",
        "KGISCode": "29560054678030730000HMPOLPUOFFPOS0004",
        "KGISPOL_STAID": "880",
        "POL_STAName": "Koppal Women PS",
        "KGISPSCode": "PS - 880",
        "district": "Koppal"
      },
      "geometry": {
        "type": "Point",
        "coordinates": [
          76.1509590040027,
          15.3485979843193
        ]
      }
    },
    {
      "type": "Feature",
      "properties": {
        "OBJECTID": "635",
        "DepartmentCode": "169782236",
        "KGISVillageID": "32561",
        "KGISCode": "29580055898032190000HMPOLPUOFFPOS0004",
        "KGISPOL_STAID": "881",
        "POL_STAName": "Yadgir CEN Crime PS",
        "KGISPSCode": "PS - 881",
        "district": "Yadgir"
      },
      "geometry": {
        "type": "Point",
        "coordinates": [
          77.1160595497585,
          16.7732241213106
        ]
      }
    },
    {
      "type": "Feature",
      "properties": {
        "OBJECTID": "636",
        "DepartmentCode": "164431380",
        "KGISVillageID": "15536",
        "KGISCode": "29572055428031620000HMPOLPUOFFPOS0069",
        "KGISPOL_STAID": "155",
        "POL_STAName": "Madiwala PS",
        "KGISPSCode": "PS - 155",
        "district": "Bangalore"
      },
      "geometry": {
        "type": "Point",
        "coordinates": [
          77.620667999617,
          12.9209999998742
        ]
      }
    },
    {
      "type": "Feature",
      "properties": {
        "OBJECTID": "637",
        "DepartmentCode": "164432141",
        "KGISVillageID": "15509",
        "KGISCode": "29572055428031620000HMPOLPUOFFPOS0070",
        "KGISPOL_STAID": "156",
        "POL_STAName": "Bommanahalli PS",
        "KGISPSCode": "PS - 156",
        "district": "Bangalore"
      },
      "geometry": {
        "type": "Point",
        "coordinates": [
          77.6249800003253,
          12.9106199997205
        ]
      }
    },
    {
      "type": "Feature",
      "properties": {
        "OBJECTID": "638",
        "DepartmentCode": "164641099",
        "KGISVillageID": "18407",
        "KGISCode": "29571055416127280000HMPOLPUOFFPOS0001",
        "KGISPOL_STAID": "266",
        "POL_STAName": "Huliyurdurga PS",
        "KGISPSCode": "PS - 266",
        "district": "Tumkur"
      },
      "geometry": {
        "type": "Point",
        "coordinates": [
          77.0346219997046,
          12.8247299995681
        ]
      }
    },
    {
      "type": "Feature",
      "properties": {
        "OBJECTID": "639",
        "DepartmentCode": "164641102",
        "KGISVillageID": "19936",
        "KGISCode": "29571055408031600000HMPOLPUOFFPOS0001",
        "KGISPOL_STAID": "267",
        "POL_STAName": "Turuvkere PS",
        "KGISPSCode": "PS - 267",
        "district": "Tumkur"
      },
      "geometry": {
        "type": "Point",
        "coordinates": [
          76.6686000000028,
          13.1639000002822
        ]
      }
    },
    {
      "type": "Feature",
      "properties": {
        "OBJECTID": "640",
        "DepartmentCode": "164641103",
        "KGISVillageID": "19815",
        "KGISCode": "29571055406122740000HMPOLPUOFFPOS0001",
        "KGISPOL_STAID": "268",
        "POL_STAName": "Dandinashivara PS",
        "KGISPSCode": "PS - 268",
        "district": "Tumkur"
      },
      "geometry": {
        "type": "Point",
        "coordinates": [
          76.711799999877,
          13.2538000002059
        ]
      }
    },
    {
      "type": "Feature",
      "properties": {
        "OBJECTID": "641",
        "DepartmentCode": "164641635",
        "KGISVillageID": "19688",
        "KGISCode": "29571055378031570000HMPOLPUOFFPOS0001",
        "KGISPOL_STAID": "269",
        "POL_STAName": "Kyathasadra PS",
        "KGISPSCode": "PS - 269",
        "district": "Tumkur"
      },
      "geometry": {
        "type": "Point",
        "coordinates": [
          77.1486830002103,
          13.3082620001205
        ]
      }
    },
    {
      "type": "Feature",
      "properties": {
        "OBJECTID": "642",
        "DepartmentCode": "164641080",
        "KGISVillageID": "19646",
        "KGISCode": "29571055378031570000HMPOLPUOFFPOS0002",
        "KGISPOL_STAID": "270",
        "POL_STAName": "Tumakur Town PS",
        "KGISPSCode": "PS - 270",
        "district": "Tumkur"
      },
      "geometry": {
        "type": "Point",
        "coordinates": [
          77.1034480004008,
          13.3449009996581
        ]
      }
    },
    {
      "type": "Feature",
      "properties": {
        "OBJECTID": "643",
        "DepartmentCode": "164641089",
        "KGISVillageID": "19646",
        "KGISCode": "29571055378031570000HMPOLPUOFFPOS0003",
        "KGISPOL_STAID": "271",
        "POL_STAName": "Tumakur Rural PS",
        "KGISPSCode": "PS - 271",
        "district": "Tumkur"
      },
      "geometry": {
        "type": "Point",
        "coordinates": [
          77.1059380002592,
          13.3422429999316
        ]
      }
    },
    {
      "type": "Feature",
      "properties": {
        "OBJECTID": "644",
        "DepartmentCode": "164641090",
        "KGISVillageID": "19292",
        "KGISCode": "29571055376112720000HMPOLPUOFFPOS0001",
        "KGISPOL_STAID": "272",
        "POL_STAName": "Bellavi PS",
        "KGISPSCode": "PS - 272",
        "district": "Tumkur"
      },
      "geometry": {
        "type": "Point",
        "coordinates": [
          77.0175909370316,
          13.4146458720677
        ]
      }
    },
    {
      "type": "Feature",
      "properties": {
        "OBJECTID": "645",
        "DepartmentCode": "164641084",
        "KGISVillageID": "19646",
        "KGISCode": "29571055378031570000HMPOLPUOFFPOS0004",
        "KGISPOL_STAID": "273",
        "POL_STAName": "Thilak Park PS",
        "KGISPSCode": "PS - 273",
        "district": "Tumkur"
      },
      "geometry": {
        "type": "Point",
        "coordinates": [
          77.0904960003251,
          13.3422609995482
        ]
      }
    },
    {
      "type": "Feature",
      "properties": {
        "OBJECTID": "646",
        "DepartmentCode": "164641645",
        "KGISVillageID": "14420",
        "KGISCode": "29571055336103340000HMPOLPUOFFPOS0001",
        "KGISPOL_STAID": "274",
        "POL_STAName": "Patanayakanahalli PS",
        "KGISPSCode": "PS - 274",
        "district": "Tumkur"
      },
      "geometry": {
        "type": "Point",
        "coordinates": [
          76.9212900004214,
          13.8876099997928
        ]
      }
    },
    {
      "type": "Feature",
      "properties": {
        "OBJECTID": "647",
        "DepartmentCode": "164641646",
        "KGISVillageID": "14427",
        "KGISCode": "29571055336103240000HMPOLPUOFFPOS0001",
        "KGISPOL_STAID": "275",
        "POL_STAName": "Tavarekere PS",
        "KGISPSCode": "PS - 275",
        "district": "Tumkur"
      },
      "geometry": {
        "type": "Point",
        "coordinates": [
          76.8039480001678,
          13.7964590002689
        ]
      }
    },
    {
      "type": "Feature",
      "properties": {
        "OBJECTID": "648",
        "DepartmentCode": "164641113",
        "KGISVillageID": "19037",
        "KGISCode": "29571055396119940000HMPOLPUOFFPOS0001",
        "KGISPOL_STAID": "251",
        "POL_STAName": "Honnavalli PS",
        "KGISPSCode": "PS - 251",
        "district": "Tumkur"
      },
      "geometry": {
        "type": "Point",
        "coordinates": [
          76.3882049997656,
          13.3328300003482
        ]
      }
    },
    {
      "type": "Feature",
      "properties": {
        "OBJECTID": "649",
        "DepartmentCode": "164641934",
        "KGISVillageID": "19100",
        "KGISCode": "29571055396120380000HMPOLPUOFFPOS0001",
        "KGISPOL_STAID": "252",
        "POL_STAName": "K.B. Cross PS",
        "KGISPSCode": "PS - 252",
        "district": "Tumkur"
      },
      "geometry": {
        "type": "Point",
        "coordinates": [
          76.6400769999736,
          13.3089089997333
        ]
      }
    },
    {
      "type": "Feature",
      "properties": {
        "OBJECTID": "650",
        "DepartmentCode": "164641112",
        "KGISVillageID": "19155",
        "KGISCode": "29571055396121440000HMPOLPUOFFPOS0001",
        "KGISPOL_STAID": "253",
        "POL_STAName": "Nonavinakere PS",
        "KGISPSCode": "PS - 253",
        "district": "Tumkur"
      },
      "geometry": {
        "type": "Point",
        "coordinates": [
          76.555435600315,
          13.1655345000612
        ]
      }
    },
    {
      "type": "Feature",
      "properties": {
        "OBJECTID": "651",
        "DepartmentCode": "164641111",
        "KGISVillageID": "19236",
        "KGISCode": "29571055396120970000HMPOLPUOFFPOS0001",
        "KGISPOL_STAID": "254",
        "POL_STAName": "Tiptur Rural PS",
        "KGISPSCode": "PS - 254",
        "district": "Tumkur"
      },
      "geometry": {
        "type": "Point",
        "coordinates": [
          76.46446055803,
          13.2610541549328
        ]
      }
    },
    {
      "type": "Feature",
      "properties": {
        "OBJECTID": "652",
        "DepartmentCode": "164641107",
        "KGISVillageID": "19236",
        "KGISCode": "29571055396120970000HMPOLPUOFFPOS0002",
        "KGISPOL_STAID": "255",
        "POL_STAName": "Tiptur Town PS",
        "KGISPSCode": "PS - 255",
        "district": "Tumkur"
      },
      "geometry": {
        "type": "Point",
        "coordinates": [
          76.460899000126,
          13.2612110002443
        ]
      }
    },
    {
      "type": "Feature",
      "properties": {
        "OBJECTID": "653",
        "DepartmentCode": "164641656",
        "KGISVillageID": "18815",
        "KGISCode": "29571055356109230000HMPOLPUOFFPOS0001",
        "KGISPOL_STAID": "256",
        "POL_STAName": "Kodigenahalli PS",
        "KGISPSCode": "PS - 256",
        "district": "Tumkur"
      },
      "geometry": {
        "type": "Point",
        "coordinates": [
          77.3855400004463,
          13.7173100002827
        ]
      }
    },
    {
      "type": "Feature",
      "properties": {
        "OBJECTID": "654",
        "DepartmentCode": "164641655",
        "KGISVillageID": "18872",
        "KGISCode": "29571055356108500000HMPOLPUOFFPOS0001",
        "KGISPOL_STAID": "257",
        "POL_STAName": "Madhugiri PS",
        "KGISPSCode": "PS - 257",
        "district": "Tumkur"
      },
      "geometry": {
        "type": "Point",
        "coordinates": [
          77.2090279998617,
          13.6624799996144
        ]
      }
    },
    {
      "type": "Feature",
      "properties": {
        "OBJECTID": "655",
        "DepartmentCode": "164641657",
        "KGISVillageID": "18939",
        "KGISCode": "29571055356106850000HMPOLPUOFFPOS0001",
        "KGISPOL_STAID": "258",
        "POL_STAName": "Medigeshi PS",
        "KGISPSCode": "PS - 258",
        "district": "Tumkur"
      },
      "geometry": {
        "type": "Point",
        "coordinates": [
          77.20529848099,
          13.8326204889191
        ]
      }
    },
    {
      "type": "Feature",
      "properties": {
        "OBJECTID": "656",
        "DepartmentCode": "164641643",
        "KGISVillageID": "18320",
        "KGISCode": "29571055366110740000HMPOLPUOFFPOS0001",
        "KGISPOL_STAID": "259",
        "POL_STAName": "Koratagere PS",
        "KGISPSCode": "PS - 259",
        "district": "Tumkur"
      },
      "geometry": {
        "type": "Point",
        "coordinates": [
          77.2413650999194,
          13.5270469997859
        ]
      }
    },
    {
      "type": "Feature",
      "properties": {
        "OBJECTID": "657",
        "DepartmentCode": "164641660",
        "KGISVillageID": "19979",
        "KGISCode": "29571055346105270000HMPOLPUOFFPOS0001",
        "KGISPOL_STAID": "260",
        "POL_STAName": "Y. N. Hosakote PS",
        "KGISPSCode": "PS - 260",
        "district": "Tumkur"
      },
      "geometry": {
        "type": "Point",
        "coordinates": [
          77.1739219999071,
          14.2793770003388
        ]
      }
    },
    {
      "type": "Feature",
      "properties": {
        "OBJECTID": "658",
        "DepartmentCode": "164641661",
        "KGISVillageID": "14602",
        "KGISCode": "29571055346105840000HMPOLPUOFFPOS0001",
        "KGISPOL_STAID": "261",
        "POL_STAName": "Thirumani PS",
        "KGISPSCode": "PS - 261",
        "district": "Tumkur"
      },
      "geometry": {
        "type": "Point",
        "coordinates": [
          77.4404805405636,
          14.2410352493768
        ]
      }
    },
    {
      "type": "Feature",
      "properties": {
        "OBJECTID": "659",
        "DepartmentCode": "164641806",
        "KGISVillageID": "18670",
        "KGISCode": "29571055356107550000HMPOLPUOFFPOS0001",
        "KGISPOL_STAID": "262",
        "POL_STAName": "Badavanahalli PS",
        "KGISPSCode": "PS - 262",
        "district": "Tumkur"
      },
      "geometry": {
        "type": "Point",
        "coordinates": [
          77.0648799999065,
          13.6756610003453
        ]
      }
    },
    {
      "type": "Feature",
      "properties": {
        "OBJECTID": "660",
        "DepartmentCode": "164641658",
        "KGISVillageID": "14676",
        "KGISCode": "29571055348031540000HMPOLPUOFFPOS0001",
        "KGISPOL_STAID": "263",
        "POL_STAName": "Pavagada PS",
        "KGISPSCode": "PS - 263",
        "district": "Tumkur"
      },
      "geometry": {
        "type": "Point",
        "coordinates": [
          77.2837199995753,
          14.1008379999369
        ]
      }
    },
    {
      "type": "Feature",
      "properties": {
        "OBJECTID": "661",
        "DepartmentCode": "164641098",
        "KGISVillageID": "18570",
        "KGISCode": "29571055418031610000HMPOLPUOFFPOS0001",
        "KGISPOL_STAID": "264",
        "POL_STAName": "kunigal PS",
        "KGISPSCode": "PS - 264",
        "district": "Tumkur"
      },
      "geometry": {
        "type": "Point",
        "coordinates": [
          77.0191666667406,
          13.0210000002689
        ]
      }
    },
    {
      "type": "Feature",
      "properties": {
        "OBJECTID": "662",
        "DepartmentCode": "164641100",
        "KGISVillageID": "18364",
        "KGISCode": "29571055416126600000HMPOLPUOFFPOS0001",
        "KGISPOL_STAID": "265",
        "POL_STAName": "Amruthur PS",
        "KGISPSCode": "PS - 265",
        "district": "Tumkur"
      },
      "geometry": {
        "type": "Point",
        "coordinates": [
          76.9346000003283,
          12.9145999999895
        ]
      }
    },
    {
      "type": "Feature",
      "properties": {
        "OBJECTID": "663",
        "DepartmentCode": "169730042",
        "KGISVillageID": "28459",
        "KGISCode": "29577055728031940000HMPOLPUOFFPOS0014",
        "KGISPOL_STAID": "451",
        "POL_STAName": "Metagalli PS",
        "KGISPSCode": "PS - 451",
        "district": "Mysore"
      },
      "geometry": {
        "type": "Point",
        "coordinates": [
          76.6303839996796,
          12.3471340004536
        ]
      }
    },
    {
      "type": "Feature",
      "properties": {
        "OBJECTID": "664",
        "DepartmentCode": "164441473",
        "KGISVillageID": "1739",
        "KGISCode": "29555054425983610000HMPOLPUOFFPOS0001",
        "KGISPOL_STAID": "499",
        "POL_STAName": "Katkol PS",
        "KGISPSCode": "PS - 499",
        "district": "Belgaum"
      },
      "geometry": {
        "type": "Point",
        "coordinates": [
          75.136056000175,
          15.9854119995746
        ]
      }
    },
    {
      "type": "Feature",
      "properties": {
        "OBJECTID": "665",
        "DepartmentCode": "164441472",
        "KGISVillageID": "1807",
        "KGISCode": "29555054425983760000HMPOLPUOFFPOS0001",
        "KGISPOL_STAID": "500",
        "POL_STAName": "Ramadurga PS",
        "KGISPSCode": "PS - 500",
        "district": "Belgaum"
      },
      "geometry": {
        "type": "Point",
        "coordinates": [
          75.2948579999534,
          15.9493149998041
        ]
      }
    },
    {
      "type": "Feature",
      "properties": {
        "OBJECTID": "666",
        "DepartmentCode": "164441470",
        "KGISVillageID": "1871",
        "KGISCode": "29555054415982050000HMPOLPUOFFPOS0001",
        "KGISPOL_STAID": "501",
        "POL_STAName": "Murgod PS",
        "KGISPSCode": "PS - 501",
        "district": "Belgaum"
      },
      "geometry": {
        "type": "Point",
        "coordinates": [
          74.9269049995994,
          15.8866790002661
        ]
      }
    },
    {
      "type": "Feature",
      "properties": {
        "OBJECTID": "667",
        "DepartmentCode": "164441468",
        "KGISVillageID": "30087",
        "KGISCode": "29555054418030370000HMPOLPUOFFPOS0001",
        "KGISPOL_STAID": "502",
        "POL_STAName": "Soundatti PS",
        "KGISPSCode": "PS - 502",
        "district": "Belgaum"
      },
      "geometry": {
        "type": "Point",
        "coordinates": [
          75.1080159996343,
          15.763274000294
        ]
      }
    },
    {
      "type": "Feature",
      "properties": {
        "OBJECTID": "668",
        "DepartmentCode": "164520610",
        "KGISVillageID": "6437",
        "KGISCode": "29562054738030840000HMPOLPUOFFPOS0001",
        "KGISPOL_STAID": "503",
        "POL_STAName": "Alnavar PS",
        "KGISPSCode": "PS - 503",
        "district": "Dharwad"
      },
      "geometry": {
        "type": "Point",
        "coordinates": [
          74.7400280000106,
          15.4316689998837
        ]
      }
    },
    {
      "type": "Feature",
      "properties": {
        "OBJECTID": "669",
        "DepartmentCode": "164520608",
        "KGISVillageID": "6550",
        "KGISCode": "29562054738030830000HMPOLPUOFFPOS0004",
        "KGISPOL_STAID": "504",
        "POL_STAName": "Dharwad Rural PS",
        "KGISPSCode": "PS - 504",
        "district": "Dharwad"
      },
      "geometry": {
        "type": "Point",
        "coordinates": [
          74.9879009494425,
          15.4718184459285
        ]
      }
    },
    {
      "type": "Feature",
      "properties": {
        "OBJECTID": "670",
        "DepartmentCode": "164520609",
        "KGISVillageID": "6590",
        "KGISCode": "29562054736022150000HMPOLPUOFFPOS0001",
        "KGISPOL_STAID": "505",
        "POL_STAName": "Garag PS",
        "KGISPSCode": "PS - 505",
        "district": "Dharwad"
      },
      "geometry": {
        "type": "Point",
        "coordinates": [
          74.9293330000009,
          15.5701110004214
        ]
      }
    },
    {
      "type": "Feature",
      "properties": {
        "OBJECTID": "671",
        "DepartmentCode": "164521929",
        "KGISVillageID": "6837",
        "KGISCode": "29562054776025690000HMPOLPUOFFPOS0001",
        "KGISPOL_STAID": "506",
        "POL_STAName": "Gudageri PS",
        "KGISPSCode": "PS - 506",
        "district": "Dharwad"
      },
      "geometry": {
        "type": "Point",
        "coordinates": [
          75.3628449997187,
          15.1214899997718
        ]
      }
    },
    {
      "type": "Feature",
      "properties": {
        "OBJECTID": "672",
        "DepartmentCode": "164522184",
        "KGISVillageID": "6551",
        "KGISCode": "29562054738030830000HMPOLPUOFFPOS0005",
        "KGISPOL_STAID": "507",
        "POL_STAName": "Dharwad Women PS",
        "KGISPSCode": "PS - 507",
        "district": "Dharwad"
      },
      "geometry": {
        "type": "Point",
        "coordinates": [
          74.9920058908383,
          15.471329473365
        ]
      }
    },
    {
      "type": "Feature",
      "properties": {
        "OBJECTID": "673",
        "DepartmentCode": "164521538",
        "KGISVillageID": "6682",
        "KGISCode": "29562054758030830000HMPOLPUOFFPOS0013",
        "KGISPOL_STAID": "508",
        "POL_STAName": "Hubballi Rural PS",
        "KGISPSCode": "PS - 508",
        "district": "Dharwad"
      },
      "geometry": {
        "type": "Point",
        "coordinates": [
          75.1596939999173,
          15.3508059998508
        ]
      }
    },
    {
      "type": "Feature",
      "properties": {
        "OBJECTID": "674",
        "DepartmentCode": "164521535",
        "KGISVillageID": "6749",
        "KGISCode": "29562054768030870000HMPOLPUOFFPOS0001",
        "KGISPOL_STAID": "509",
        "POL_STAName": "Kalaghatagi PS",
        "KGISPSCode": "PS - 509",
        "district": "Dharwad"
      },
      "geometry": {
        "type": "Point",
        "coordinates": [
          74.9689389997879,
          15.1748239995643
        ]
      }
    },
    {
      "type": "Feature",
      "properties": {
        "OBJECTID": "675",
        "DepartmentCode": "164521540",
        "KGISVillageID": "6821",
        "KGISCode": "29562054776025190000HMPOLPUOFFPOS0001",
        "KGISPOL_STAID": "510",
        "POL_STAName": "Kundagol PS",
        "KGISPSCode": "PS - 510",
        "district": "Dharwad"
      },
      "geometry": {
        "type": "Point",
        "coordinates": [
          75.2401110000923,
          15.2597499999868
        ]
      }
    },
    {
      "type": "Feature",
      "properties": {
        "OBJECTID": "676",
        "DepartmentCode": "164520612",
        "KGISVillageID": "6909",
        "KGISCode": "29562054748030850000HMPOLPUOFFPOS0001",
        "KGISPOL_STAID": "513",
        "POL_STAName": "Navalgund PS",
        "KGISPSCode": "PS - 513",
        "district": "Dharwad"
      },
      "geometry": {
        "type": "Point",
        "coordinates": [
          75.3583599997987,
          15.5569720004049
        ]
      }
    },
    {
      "type": "Feature",
      "properties": {
        "OBJECTID": "677",
        "DepartmentCode": "164520613",
        "KGISVillageID": "6860",
        "KGISCode": "29562054748030860000HMPOLPUOFFPOS0001",
        "KGISPOL_STAID": "515",
        "POL_STAName": "Annigeri PS",
        "KGISPSCode": "PS - 515",
        "district": "Dharwad"
      },
      "geometry": {
        "type": "Point",
        "coordinates": [
          75.4335279997175,
          15.4293889996275
        ]
      }
    },
    {
      "type": "Feature",
      "properties": {
        "OBJECTID": "678",
        "DepartmentCode": "164401558",
        "KGISVillageID": "6920",
        "KGISCode": "29561054708030780000HMPOLPUOFFPOS0001",
        "KGISPOL_STAID": "516",
        "POL_STAName": "Betageri PS",
        "KGISPSCode": "PS - 516",
        "district": "Gadag"
      },
      "geometry": {
        "type": "Point",
        "coordinates": [
          75.6468818515471,
          15.4452623455419
        ]
      }
    },
    {
      "type": "Feature",
      "properties": {
        "OBJECTID": "679",
        "DepartmentCode": "164401559",
        "KGISVillageID": "6920",
        "KGISCode": "29561054708030780000HMPOLPUOFFPOS0002",
        "KGISPOL_STAID": "517",
        "POL_STAName": "Betageri Extention PS",
        "KGISPSCode": "PS - 517",
        "district": "Gadag"
      },
      "geometry": {
        "type": "Point",
        "coordinates": [
          75.6522139996588,
          15.4276390003914
        ]
      }
    },
    {
      "type": "Feature",
      "properties": {
        "OBJECTID": "680",
        "DepartmentCode": "164400179",
        "KGISVillageID": "6954",
        "KGISCode": "29561054708030780000HMPOLPUOFFPOS0003",
        "KGISPOL_STAID": "518",
        "POL_STAName": "Gadag Rural PS",
        "KGISPSCode": "PS - 518",
        "district": "Gadag"
      },
      "geometry": {
        "type": "Point",
        "coordinates": [
          75.635170000408,
          15.4344020000632
        ]
      }
    },
    {
      "type": "Feature",
      "properties": {
        "OBJECTID": "681",
        "DepartmentCode": "164400180",
        "KGISVillageID": "6969",
        "KGISCode": "29561054706020470000HMPOLPUOFFPOS0001",
        "KGISPOL_STAID": "519",
        "POL_STAName": "Mulagund PS",
        "KGISPSCode": "PS - 519",
        "district": "Gadag"
      },
      "geometry": {
        "type": "Point",
        "coordinates": [
          75.5181200000679,
          15.2822060001572
        ]
      }
    },
    {
      "type": "Feature",
      "properties": {
        "OBJECTID": "682",
        "DepartmentCode": "164400175",
        "KGISVillageID": "6954",
        "KGISCode": "29561054708030780000HMPOLPUOFFPOS0004",
        "KGISPOL_STAID": "520",
        "POL_STAName": "Gadag Town PS",
        "KGISPSCode": "PS - 520",
        "district": "Gadag"
      },
      "geometry": {
        "type": "Point",
        "coordinates": [
          75.6327235381656,
          15.4297675788183
        ]
      }
    },
    {
      "type": "Feature",
      "properties": {
        "OBJECTID": "683",
        "DepartmentCode": "164402186",
        "KGISVillageID": "6954",
        "KGISCode": "29561054708030780000HMPOLPUOFFPOS0005",
        "KGISPOL_STAID": "521",
        "POL_STAName": "Gadag Women PS",
        "KGISPSCode": "PS - 521",
        "district": "Gadag"
      },
      "geometry": {
        "type": "Point",
        "coordinates": [
          75.6327235381656,
          15.4297675788183
        ]
      }
    },
    {
      "type": "Feature",
      "properties": {
        "OBJECTID": "684",
        "DepartmentCode": "164401562",
        "KGISVillageID": "7249",
        "KGISCode": "29561054716020950000HMPOLPUOFFPOS0001",
        "KGISPOL_STAID": "522",
        "POL_STAName": "Shirahatti PS",
        "KGISPSCode": "PS - 522",
        "district": "Gadag"
      },
      "geometry": {
        "type": "Point",
        "coordinates": [
          75.5831111113781,
          15.2372777778357
        ]
      }
    },
    {
      "type": "Feature",
      "properties": {
        "OBJECTID": "685",
        "DepartmentCode": "164401567",
        "KGISVillageID": "7020",
        "KGISCode": "29561054726021580000HMPOLPUOFFPOS0001",
        "KGISPOL_STAID": "523",
        "POL_STAName": "Mundargi PS",
        "KGISPSCode": "PS - 523",
        "district": "Gadag"
      },
      "geometry": {
        "type": "Point",
        "coordinates": [
          75.8838055556117,
          15.2110000000128
        ]
      }
    },
    {
      "type": "Feature",
      "properties": {
        "OBJECTID": "686",
        "DepartmentCode": "164641644",
        "KGISVillageID": "14491",
        "KGISCode": "29571055336104690000HMPOLPUOFFPOS0001",
        "KGISPOL_STAID": "276",
        "POL_STAName": "Kallambella PS",
        "KGISPSCode": "PS - 276",
        "district": "Tumkur"
      },
      "geometry": {
        "type": "Point",
        "coordinates": [
          76.9370479998021,
          13.6398120002565
        ]
      }
    },
    {
      "type": "Feature",
      "properties": {
        "OBJECTID": "687",
        "DepartmentCode": "164641094",
        "KGISVillageID": "17735",
        "KGISCode": "29571055386117040000HMPOLPUOFFPOS0001",
        "KGISPOL_STAID": "277",
        "POL_STAName": "Chelur PS",
        "KGISPSCode": "PS - 277",
        "district": "Tumkur"
      },
      "geometry": {
        "type": "Point",
        "coordinates": [
          76.906944444205,
          13.4416666667111
        ]
      }
    },
    {
      "type": "Feature",
      "properties": {
        "OBJECTID": "688",
        "DepartmentCode": "164641093",
        "KGISVillageID": "17836",
        "KGISCode": "29571055388031580000HMPOLPUOFFPOS0001",
        "KGISPOL_STAID": "278",
        "POL_STAName": "Gubbi PS",
        "KGISPSCode": "PS - 278",
        "district": "Tumkur"
      },
      "geometry": {
        "type": "Point",
        "coordinates": [
          76.9485350002891,
          13.3093888890137
        ]
      }
    },
    {
      "type": "Feature",
      "properties": {
        "OBJECTID": "689",
        "DepartmentCode": "164641642",
        "KGISVillageID": "14549",
        "KGISCode": "29571055336103860000HMPOLPUOFFPOS0001",
        "KGISPOL_STAID": "279",
        "POL_STAName": "Sira PS",
        "KGISPSCode": "PS - 279",
        "district": "Tumkur"
      },
      "geometry": {
        "type": "Point",
        "coordinates": [
          76.9033333326313,
          13.7441666671294
        ]
      }
    },
    {
      "type": "Feature",
      "properties": {
        "OBJECTID": "690",
        "DepartmentCode": "164490500",
        "KGISVillageID": "5621",
        "KGISCode": "29566055048031190000HMPOLPUOFFPOS0001",
        "KGISPOL_STAID": "280",
        "POL_STAName": "Challakere PS",
        "KGISPSCode": "PS - 280",
        "district": "Chitradurga"
      },
      "geometry": {
        "type": "Point",
        "coordinates": [
          76.6485999996673,
          14.3146999999861
        ]
      }
    },
    {
      "type": "Feature",
      "properties": {
        "OBJECTID": "691",
        "DepartmentCode": "164490504",
        "KGISVillageID": "5743",
        "KGISCode": "29566055046053960000HMPOLPUOFFPOS0001",
        "KGISPOL_STAID": "281",
        "POL_STAName": "Parasurampura PS",
        "KGISPSCode": "PS - 281",
        "district": "Chitradurga"
      },
      "geometry": {
        "type": "Point",
        "coordinates": [
          76.883600000337,
          14.2551999995606
        ]
      }
    },
    {
      "type": "Feature",
      "properties": {
        "OBJECTID": "692",
        "DepartmentCode": "164490503",
        "KGISVillageID": "5788",
        "KGISCode": "29566055046053030000HMPOLPUOFFPOS0001",
        "KGISPOL_STAID": "282",
        "POL_STAName": "Thalak PS",
        "KGISPSCode": "PS - 282",
        "district": "Chitradurga"
      },
      "geometry": {
        "type": "Point",
        "coordinates": [
          76.6735000000248,
          14.4481999997834
        ]
      }
    },
    {
      "type": "Feature",
      "properties": {
        "OBJECTID": "693",
        "DepartmentCode": "164490508",
        "KGISVillageID": "6376",
        "KGISCode": "29566055036051640000HMPOLPUOFFPOS0001",
        "KGISPOL_STAID": "283",
        "POL_STAName": "Rampura PS",
        "KGISPSCode": "PS - 283",
        "district": "Chitradurga"
      },
      "geometry": {
        "type": "Point",
        "coordinates": [
          76.7842000004404,
          14.8848000002066
        ]
      }
    },
    {
      "type": "Feature",
      "properties": {
        "OBJECTID": "694",
        "DepartmentCode": "164490494",
        "KGISVillageID": "5823",
        "KGISCode": "29566055056054560000HMPOLPUOFFPOS0001",
        "KGISPOL_STAID": "284",
        "POL_STAName": "Bharamasagara PS",
        "KGISPSCode": "PS - 284",
        "district": "Chitradurga"
      },
      "geometry": {
        "type": "Point",
        "coordinates": [
          76.1922999999702,
          14.3697000003646
        ]
      }
    },
    {
      "type": "Feature",
      "properties": {
        "OBJECTID": "695",
        "DepartmentCode": "164490493",
        "KGISVillageID": "5903",
        "KGISCode": "29566055058031200000HMPOLPUOFFPOS0001",
        "KGISPOL_STAID": "285",
        "POL_STAName": "Chitradurga Rural PS",
        "KGISPSCode": "PS - 285",
        "district": "Chitradurga"
      },
      "geometry": {
        "type": "Point",
        "coordinates": [
          76.4038999998647,
          14.2360000003353
        ]
      }
    },
    {
      "type": "Feature",
      "properties": {
        "OBJECTID": "696",
        "DepartmentCode": "164490495",
        "KGISVillageID": "5989",
        "KGISCode": "29566055056054960000HMPOLPUOFFPOS0001",
        "KGISPOL_STAID": "286",
        "POL_STAName": "Turuvanur (Jogi) PS",
        "KGISPSCode": "PS - 286",
        "district": "Chitradurga"
      },
      "geometry": {
        "type": "Point",
        "coordinates": [
          76.4385542413628,
          14.403752185026
        ]
      }
    },
    {
      "type": "Feature",
      "properties": {
        "OBJECTID": "697",
        "DepartmentCode": "164490490",
        "KGISVillageID": "5916",
        "KGISCode": "29566055058031200000HMPOLPUOFFPOS0002",
        "KGISPOL_STAID": "287",
        "POL_STAName": "Chitradurga Kote PS",
        "KGISPSCode": "PS - 287",
        "district": "Chitradurga"
      },
      "geometry": {
        "type": "Point",
        "coordinates": [
          76.3874000004641,
          14.217500000258
        ]
      }
    },
    {
      "type": "Feature",
      "properties": {
        "OBJECTID": "698",
        "DepartmentCode": "164492212",
        "KGISVillageID": "5903",
        "KGISCode": "29566055058031200000HMPOLPUOFFPOS0003",
        "KGISPOL_STAID": "288",
        "POL_STAName": "Chitradurga Extension PS",
        "KGISPSCode": "PS - 288",
        "district": "Chitradurga"
      },
      "geometry": {
        "type": "Point",
        "coordinates": [
          76.4132099997115,
          14.2284400003598
        ]
      }
    },
    {
      "type": "Feature",
      "properties": {
        "OBJECTID": "699",
        "DepartmentCode": "164492118",
        "KGISVillageID": "5903",
        "KGISCode": "29566055058031200000HMPOLPUOFFPOS0004",
        "KGISPOL_STAID": "289",
        "POL_STAName": "Chitradurga Women PS",
        "KGISPSCode": "PS - 289",
        "district": "Chitradurga"
      },
      "geometry": {
        "type": "Point",
        "coordinates": [
          76.4132099997115,
          14.2284400003598
        ]
      }
    },
    {
      "type": "Feature",
      "properties": {
        "OBJECTID": "700",
        "DepartmentCode": "164490499",
        "KGISVillageID": "6010",
        "KGISCode": "29566055066058200000HMPOLPUOFFPOS0001",
        "KGISPOL_STAID": "290",
        "POL_STAName": "Chikkajajur PS",
        "KGISPSCode": "PS - 290",
        "district": "Chitradurga"
      },
      "geometry": {
        "type": "Point",
        "coordinates": [
          76.1397000001606,
          14.1275000000201
        ]
      }
    },
    {
      "type": "Feature",
      "properties": {
        "OBJECTID": "701",
        "DepartmentCode": "164492135",
        "KGISVillageID": "6148",
        "KGISCode": "29566055066057680000HMPOLPUOFFPOS0001",
        "KGISPOL_STAID": "291",
        "POL_STAName": "Chitrahalli Gate PS",
        "KGISPSCode": "PS - 291",
        "district": "Chitradurga"
      },
      "geometry": {
        "type": "Point",
        "coordinates": [
          76.2724089996065,
          14.0958519999375
        ]
      }
    },
    {
      "type": "Feature",
      "properties": {
        "OBJECTID": "702",
        "DepartmentCode": "164490498",
        "KGISVillageID": "6077",
        "KGISCode": "29566055066057400000HMPOLPUOFFPOS0001",
        "KGISPOL_STAID": "292",
        "POL_STAName": "Holalkere PS",
        "KGISPSCode": "PS - 292",
        "district": "Chitradurga"
      },
      "geometry": {
        "type": "Point",
        "coordinates": [
          76.1847129998134,
          14.0412599996055
        ]
      }
    },
    {
      "type": "Feature",
      "properties": {
        "OBJECTID": "703",
        "DepartmentCode": "164491925",
        "KGISVillageID": "11238",
        "KGISCode": "29566055088031230000HMPOLPUOFFPOS0001",
        "KGISPOL_STAID": "293",
        "POL_STAName": "Hiriyur Rural PS",
        "KGISPSCode": "PS - 293",
        "district": "Chitradurga"
      },
      "geometry": {
        "type": "Point",
        "coordinates": [
          76.6109350001849,
          13.9593267003771
        ]
      }
    },
    {
      "type": "Feature",
      "properties": {
        "OBJECTID": "704",
        "DepartmentCode": "164490509",
        "KGISVillageID": "11238",
        "KGISCode": "29566055088031230000HMPOLPUOFFPOS0002",
        "KGISPOL_STAID": "294",
        "POL_STAName": "Hiriyur Town PS",
        "KGISPSCode": "PS - 294",
        "district": "Chitradurga"
      },
      "geometry": {
        "type": "Point",
        "coordinates": [
          76.6145000001013,
          13.9447000004285
        ]
      }
    },
    {
      "type": "Feature",
      "properties": {
        "OBJECTID": "705",
        "DepartmentCode": "164490513",
        "KGISVillageID": "6226",
        "KGISCode": "29566055078031220000HMPOLPUOFFPOS0001",
        "KGISPOL_STAID": "295",
        "POL_STAName": "Hosadurga PS",
        "KGISPSCode": "PS - 295",
        "district": "Chitradurga"
      },
      "geometry": {
        "type": "Point",
        "coordinates": [
          76.2822600001276,
          13.7979500003097
        ]
      }
    },
    {
      "type": "Feature",
      "properties": {
        "OBJECTID": "706",
        "DepartmentCode": "164490516",
        "KGISVillageID": "11423",
        "KGISCode": "29566055076059990000HMPOLPUOFFPOS0001",
        "KGISPOL_STAID": "296",
        "POL_STAName": "Srirampura PS",
        "KGISPSCode": "PS - 296",
        "district": "Chitradurga"
      },
      "geometry": {
        "type": "Point",
        "coordinates": [
          76.4205000000863,
          13.6191000004381
        ]
      }
    },
    {
      "type": "Feature",
      "properties": {
        "OBJECTID": "707",
        "DepartmentCode": "164380101",
        "KGISVillageID": "11760",
        "KGISCode": "29567055128031270000HMPOLPUOFFPOS0001",
        "KGISPOL_STAID": "297",
        "POL_STAName": "Davanagere Extention PS",
        "KGISPSCode": "PS - 297",
        "district": "Davanagere"
      },
      "geometry": {
        "type": "Point",
        "coordinates": [
          75.9198360004108,
          14.4648180001195
        ]
      }
    },
    {
      "type": "Feature",
      "properties": {
        "OBJECTID": "708",
        "DepartmentCode": "164380102",
        "KGISVillageID": "11791",
        "KGISCode": "29567055128031270000HMPOLPUOFFPOS0002",
        "KGISPOL_STAID": "298",
        "POL_STAName": "K.T.J Nagar PS",
        "KGISPSCode": "PS - 298",
        "district": "Davanagere"
      },
      "geometry": {
        "type": "Point",
        "coordinates": [
          75.9246790004481,
          14.4540969997243
        ]
      }
    },
    {
      "type": "Feature",
      "properties": {
        "OBJECTID": "709",
        "DepartmentCode": "164380103",
        "KGISVillageID": "11796",
        "KGISCode": "29567055128031270000HMPOLPUOFFPOS0003",
        "KGISPOL_STAID": "299",
        "POL_STAName": "Vidyanagar PS",
        "KGISPSCode": "PS - 299",
        "district": "Davanagere"
      },
      "geometry": {
        "type": "Point",
        "coordinates": [
          75.9160730001771,
          14.4346749996828
        ]
      }
    },
    {
      "type": "Feature",
      "properties": {
        "OBJECTID": "710",
        "DepartmentCode": "164381520",
        "KGISVillageID": "11760",
        "KGISCode": "29567055128031270000HMPOLPUOFFPOS0004",
        "KGISPOL_STAID": "300",
        "POL_STAName": "Davangere Women PS",
        "KGISPSCode": "PS - 300",
        "district": "Davanagere"
      },
      "geometry": {
        "type": "Point",
        "coordinates": [
          75.9201730004233,
          14.4651259995522
        ]
      }
    },
    {
      "type": "Feature",
      "properties": {
        "OBJECTID": "711",
        "DepartmentCode": "164380098",
        "KGISVillageID": "11745",
        "KGISCode": "29567055128031270000HMPOLPUOFFPOS0005",
        "KGISPOL_STAID": "301",
        "POL_STAName": "Azad Nagar PS",
        "KGISPSCode": "PS - 301",
        "district": "Davanagere"
      },
      "geometry": {
        "type": "Point",
        "coordinates": [
          75.9253489998062,
          14.4808990000607
        ]
      }
    },
    {
      "type": "Feature",
      "properties": {
        "OBJECTID": "712",
        "DepartmentCode": "169780691",
        "KGISVillageID": "32429",
        "KGISCode": "29580055896212640000HMPOLPUOFFPOS0001",
        "KGISPOL_STAID": "423",
        "POL_STAName": "Gurmitkal PS",
        "KGISPSCode": "PS - 423",
        "district": "Yadgir"
      },
      "geometry": {
        "type": "Point",
        "coordinates": [
          77.3894290002896,
          16.8655020004296
        ]
      }
    },
    {
      "type": "Feature",
      "properties": {
        "OBJECTID": "713",
        "DepartmentCode": "169781615",
        "KGISVillageID": "32209",
        "KGISCode": "29580055876209450000HMPOLPUOFFPOS0001",
        "KGISPOL_STAID": "424",
        "POL_STAName": "Hunsagi PS",
        "KGISPSCode": "PS - 424",
        "district": "Yadgir"
      },
      "geometry": {
        "type": "Point",
        "coordinates": [
          76.5285199997087,
          16.4563410002557
        ]
      }
    },
    {
      "type": "Feature",
      "properties": {
        "OBJECTID": "714",
        "DepartmentCode": "169781603",
        "KGISVillageID": "32336",
        "KGISCode": "29580055876209710000HMPOLPUOFFPOS0001",
        "KGISPOL_STAID": "425",
        "POL_STAName": "Kodekal PS",
        "KGISPSCode": "PS - 425",
        "district": "Yadgir"
      },
      "geometry": {
        "type": "Point",
        "coordinates": [
          76.4065669999787,
          16.3539170000801
        ]
      }
    },
    {
      "type": "Feature",
      "properties": {
        "OBJECTID": "715",
        "DepartmentCode": "169781599",
        "KGISVillageID": "32298",
        "KGISCode": "29580055876208890000HMPOLPUOFFPOS0001",
        "KGISPOL_STAID": "426",
        "POL_STAName": "Kembhavi PS",
        "KGISPSCode": "PS - 426",
        "district": "Yadgir"
      },
      "geometry": {
        "type": "Point",
        "coordinates": [
          76.5323860003148,
          16.647738999663
        ]
      }
    },
    {
      "type": "Feature",
      "properties": {
        "OBJECTID": "716",
        "DepartmentCode": "169781601",
        "KGISVillageID": "32346",
        "KGISCode": "29580055876209910000HMPOLPUOFFPOS0001",
        "KGISPOL_STAID": "427",
        "POL_STAName": "Narayanpur PS",
        "KGISPSCode": "PS - 427",
        "district": "Yadgir"
      },
      "geometry": {
        "type": "Point",
        "coordinates": [
          76.3686909995406,
          16.2556789997452
        ]
      }
    },
    {
      "type": "Feature",
      "properties": {
        "OBJECTID": "717",
        "DepartmentCode": "169780692",
        "KGISVillageID": "32536",
        "KGISCode": "29580055896213880000HMPOLPUOFFPOS0001",
        "KGISPOL_STAID": "428",
        "POL_STAName": "Saidapur PS",
        "KGISPSCode": "PS - 428",
        "district": "Yadgir"
      },
      "geometry": {
        "type": "Point",
        "coordinates": [
          77.2522740000659,
          16.5748039999117
        ]
      }
    },
    {
      "type": "Feature",
      "properties": {
        "OBJECTID": "718",
        "DepartmentCode": "169780699",
        "KGISVillageID": "32130",
        "KGISCode": "29580055888032170000HMPOLPUOFFPOS0001",
        "KGISPOL_STAID": "429",
        "POL_STAName": "Shahapur PS",
        "KGISPSCode": "PS - 429",
        "district": "Yadgir"
      },
      "geometry": {
        "type": "Point",
        "coordinates": [
          76.8417829999687,
          16.6994799996544
        ]
      }
    },
    {
      "type": "Feature",
      "properties": {
        "OBJECTID": "719",
        "DepartmentCode": "169781598",
        "KGISVillageID": "32395",
        "KGISCode": "29580055878032150000HMPOLPUOFFPOS0001",
        "KGISPOL_STAID": "430",
        "POL_STAName": "Shorapur PS",
        "KGISPSCode": "PS - 430",
        "district": "Yadgir"
      },
      "geometry": {
        "type": "Point",
        "coordinates": [
          76.7594650000373,
          16.5258959998599
        ]
      }
    },
    {
      "type": "Feature",
      "properties": {
        "OBJECTID": "720",
        "DepartmentCode": "169781596",
        "KGISVillageID": "32190",
        "KGISCode": "29580055886211920000HMPOLPUOFFPOS0001",
        "KGISPOL_STAID": "431",
        "POL_STAName": "Wadagera PS",
        "KGISPSCode": "PS - 431",
        "district": "Yadgir"
      },
      "geometry": {
        "type": "Point",
        "coordinates": [
          77.1005489996263,
          16.5930719996412
        ]
      }
    },
    {
      "type": "Feature",
      "properties": {
        "OBJECTID": "721",
        "DepartmentCode": "169781589",
        "KGISVillageID": "32561",
        "KGISCode": "29580055898032190000HMPOLPUOFFPOS0001",
        "KGISPOL_STAID": "432",
        "POL_STAName": "Yadgir Town PS",
        "KGISPSCode": "PS - 432",
        "district": "Yadgir"
      },
      "geometry": {
        "type": "Point",
        "coordinates": [
          77.1378460000837,
          16.7716039996392
        ]
      }
    },
    {
      "type": "Feature",
      "properties": {
        "OBJECTID": "722",
        "DepartmentCode": "169781590",
        "KGISVillageID": "32561",
        "KGISCode": "29580055898032190000HMPOLPUOFFPOS0002",
        "KGISPOL_STAID": "433",
        "POL_STAName": "Yadgir Rural PS",
        "KGISPSCode": "PS - 433",
        "district": "Yadgir"
      },
      "geometry": {
        "type": "Point",
        "coordinates": [
          77.1323480002489,
          16.7627640003998
        ]
      }
    },
    {
      "type": "Feature",
      "properties": {
        "OBJECTID": "723",
        "DepartmentCode": "169782183",
        "KGISVillageID": "32561",
        "KGISCode": "29580055898032190000HMPOLPUOFFPOS0003",
        "KGISPOL_STAID": "434",
        "POL_STAName": "Yadgir Women PS",
        "KGISPSCode": "PS - 434",
        "district": "Yadgir"
      },
      "geometry": {
        "type": "Point",
        "coordinates": [
          77.1323480002489,
          16.7627640003998
        ]
      }
    },
    {
      "type": "Feature",
      "properties": {
        "OBJECTID": "724",
        "DepartmentCode": "169732174",
        "KGISVillageID": "28426",
        "KGISCode": "29577055726188360000HMPOLPUOFFPOS0001",
        "KGISPOL_STAID": "436",
        "POL_STAName": "Alanahally PS",
        "KGISPSCode": "PS - 436",
        "district": "Mysore"
      },
      "geometry": {
        "type": "Point",
        "coordinates": [
          76.7037689004229,
          12.3071192100217
        ]
      }
    },
    {
      "type": "Feature",
      "properties": {
        "OBJECTID": "725",
        "DepartmentCode": "169730052",
        "KGISVillageID": "28460",
        "KGISCode": "29577055728031940000HMPOLPUOFFPOS0002",
        "KGISPOL_STAID": "437",
        "POL_STAName": "Devaraja PS",
        "KGISPSCode": "PS - 437",
        "district": "Mysore"
      },
      "geometry": {
        "type": "Point",
        "coordinates": [
          76.6494189999812,
          12.3128230003215
        ]
      }
    },
    {
      "type": "Feature",
      "properties": {
        "OBJECTID": "726",
        "DepartmentCode": "169730053",
        "KGISVillageID": "28460",
        "KGISCode": "29577055728031940000HMPOLPUOFFPOS0003",
        "KGISPOL_STAID": "438",
        "POL_STAName": "Lashkar PS",
        "KGISPSCode": "PS - 438",
        "district": "Mysore"
      },
      "geometry": {
        "type": "Point",
        "coordinates": [
          76.6567916603507,
          12.3144027908781
        ]
      }
    },
    {
      "type": "Feature",
      "properties": {
        "OBJECTID": "727",
        "DepartmentCode": "169730054",
        "KGISVillageID": "28460",
        "KGISCode": "29577055728031940000HMPOLPUOFFPOS0004",
        "KGISPOL_STAID": "439",
        "POL_STAName": "Nazarbad PS",
        "KGISPSCode": "PS - 439",
        "district": "Mysore"
      },
      "geometry": {
        "type": "Point",
        "coordinates": [
          76.6673269999795,
          12.3082760001403
        ]
      }
    },
    {
      "type": "Feature",
      "properties": {
        "OBJECTID": "728",
        "DepartmentCode": "169730055",
        "KGISVillageID": "28453",
        "KGISCode": "29577055728031940000HMPOLPUOFFPOS0005",
        "KGISPOL_STAID": "440",
        "POL_STAName": "Udayagiri PS",
        "KGISPSCode": "PS - 440",
        "district": "Mysore"
      },
      "geometry": {
        "type": "Point",
        "coordinates": [
          76.6809440001246,
          12.3267900003402
        ]
      }
    },
    {
      "type": "Feature",
      "properties": {
        "OBJECTID": "729",
        "DepartmentCode": "169730056",
        "KGISVillageID": "28460",
        "KGISCode": "29577055728031940000HMPOLPUOFFPOS0006",
        "KGISPOL_STAID": "441",
        "POL_STAName": "Women PS Mysuru City",
        "KGISPSCode": "PS - 441",
        "district": "Mysore"
      },
      "geometry": {
        "type": "Point",
        "coordinates": [
          76.6568210000169,
          12.3014316000704
        ]
      }
    },
    {
      "type": "Feature",
      "properties": {
        "OBJECTID": "730",
        "DepartmentCode": "169730048",
        "KGISVillageID": "28456",
        "KGISCode": "29577055728031940000HMPOLPUOFFPOS0007",
        "KGISPOL_STAID": "442",
        "POL_STAName": "Ashokpuram PS",
        "KGISPSCode": "PS - 442",
        "district": "Mysore"
      },
      "geometry": {
        "type": "Point",
        "coordinates": [
          76.6312979999431,
          12.2893060002719
        ]
      }
    },
    {
      "type": "Feature",
      "properties": {
        "OBJECTID": "731",
        "DepartmentCode": "169730046",
        "KGISVillageID": "28460",
        "KGISCode": "29577055728031940000HMPOLPUOFFPOS0008",
        "KGISPOL_STAID": "443",
        "POL_STAName": "Krishnaraja PS",
        "KGISPSCode": "PS - 443",
        "district": "Mysore"
      },
      "geometry": {
        "type": "Point",
        "coordinates": [
          76.6502959366214,
          12.2979102314074
        ]
      }
    },
    {
      "type": "Feature",
      "properties": {
        "OBJECTID": "732",
        "DepartmentCode": "169730051",
        "KGISVillageID": "28456",
        "KGISCode": "29577055728031940000HMPOLPUOFFPOS0009",
        "KGISPOL_STAID": "444",
        "POL_STAName": "Kuvempunagar PS",
        "KGISPSCode": "PS - 444",
        "district": "Mysore"
      },
      "geometry": {
        "type": "Point",
        "coordinates": [
          76.627722000175,
          12.2860780003566
        ]
      }
    },
    {
      "type": "Feature",
      "properties": {
        "OBJECTID": "733",
        "DepartmentCode": "169730049",
        "KGISVillageID": "28460",
        "KGISCode": "29577055728031940000HMPOLPUOFFPOS0010",
        "KGISPOL_STAID": "445",
        "POL_STAName": "Laxmipuram PS",
        "KGISPSCode": "PS - 445",
        "district": "Mysore"
      },
      "geometry": {
        "type": "Point",
        "coordinates": [
          76.6428379996766,
          12.2977360003455
        ]
      }
    },
    {
      "type": "Feature",
      "properties": {
        "OBJECTID": "734",
        "DepartmentCode": "169730050",
        "KGISVillageID": "28450",
        "KGISCode": "29577055728031940000HMPOLPUOFFPOS0011",
        "KGISPOL_STAID": "446",
        "POL_STAName": "Saraswathipuram PS",
        "KGISPSCode": "PS - 446",
        "district": "Mysore"
      },
      "geometry": {
        "type": "Point",
        "coordinates": [
          76.6239630001804,
          12.3017490003132
        ]
      }
    },
    {
      "type": "Feature",
      "properties": {
        "OBJECTID": "735",
        "DepartmentCode": "169730047",
        "KGISVillageID": "28465",
        "KGISCode": "29577055728031940000HMPOLPUOFFPOS0012",
        "KGISPOL_STAID": "447",
        "POL_STAName": "Vidyaranyarpuram PS",
        "KGISPSCode": "PS - 447",
        "district": "Mysore"
      },
      "geometry": {
        "type": "Point",
        "coordinates": [
          76.6446324746981,
          12.2632986768268
        ]
      }
    },
    {
      "type": "Feature",
      "properties": {
        "OBJECTID": "736",
        "DepartmentCode": "169732177",
        "KGISVillageID": "28443",
        "KGISCode": "29577055726188330000HMPOLPUOFFPOS0001",
        "KGISPOL_STAID": "448",
        "POL_STAName": "Hebbal PS",
        "KGISPSCode": "PS - 448",
        "district": "Mysore"
      },
      "geometry": {
        "type": "Point",
        "coordinates": [
          76.6161044153904,
          12.3532704229885
        ]
      }
    },
    {
      "type": "Feature",
      "properties": {
        "OBJECTID": "737",
        "DepartmentCode": "169730043",
        "KGISVillageID": "28444",
        "KGISCode": "29577055726188290000HMPOLPUOFFPOS0001",
        "KGISPOL_STAID": "449",
        "POL_STAName": "Jayalakshmipuram PS",
        "KGISPSCode": "PS - 449",
        "district": "Mysore"
      },
      "geometry": {
        "type": "Point",
        "coordinates": [
          76.6129925631637,
          12.3236901559182
        ]
      }
    },
    {
      "type": "Feature",
      "properties": {
        "OBJECTID": "738",
        "DepartmentCode": "169730040",
        "KGISVillageID": "28460",
        "KGISCode": "29577055728031940000HMPOLPUOFFPOS0013",
        "KGISPOL_STAID": "450",
        "POL_STAName": "Mandi PS",
        "KGISPSCode": "PS - 450",
        "district": "Mysore"
      },
      "geometry": {
        "type": "Point",
        "coordinates": [
          76.6541940000986,
          12.3163369997298
        ]
      }
    },
    {
      "type": "Feature",
      "properties": {
        "OBJECTID": "739",
        "DepartmentCode": "164401568",
        "KGISVillageID": "7058",
        "KGISCode": "29561054686018720000HMPOLPUOFFPOS0001",
        "KGISPOL_STAID": "524",
        "POL_STAName": "Naragund PS",
        "KGISPSCode": "PS - 524",
        "district": "Gadag"
      },
      "geometry": {
        "type": "Point",
        "coordinates": [
          75.3883261174758,
          15.7212902142725
        ]
      }
    },
    {
      "type": "Feature",
      "properties": {
        "OBJECTID": "740",
        "DepartmentCode": "164401566",
        "KGISVillageID": "31514",
        "KGISCode": "29561054698030760000HMPOLPUOFFPOS0001",
        "KGISPOL_STAID": "525",
        "POL_STAName": "Gajendragad PS",
        "KGISPSCode": "PS - 525",
        "district": "Gadag"
      },
      "geometry": {
        "type": "Point",
        "coordinates": [
          75.967010000407,
          15.7359199997003
        ]
      }
    },
    {
      "type": "Feature",
      "properties": {
        "OBJECTID": "741",
        "DepartmentCode": "164401565",
        "KGISVillageID": "7105",
        "KGISCode": "29561054698030770000HMPOLPUOFFPOS0001",
        "KGISPOL_STAID": "526",
        "POL_STAName": "Naregal PS",
        "KGISPSCode": "PS - 526",
        "district": "Gadag"
      },
      "geometry": {
        "type": "Point",
        "coordinates": [
          75.8055689290355,
          15.5702531290992
        ]
      }
    },
    {
      "type": "Feature",
      "properties": {
        "OBJECTID": "742",
        "DepartmentCode": "164401564",
        "KGISVillageID": "7157",
        "KGISCode": "29561054698030750000HMPOLPUOFFPOS0001",
        "KGISPOL_STAID": "527",
        "POL_STAName": "Ron PS",
        "KGISPSCode": "PS - 527",
        "district": "Gadag"
      },
      "geometry": {
        "type": "Point",
        "coordinates": [
          75.735676376687,
          15.6921271180652
        ]
      }
    },
    {
      "type": "Feature",
      "properties": {
        "OBJECTID": "743",
        "DepartmentCode": "164471924",
        "KGISVillageID": "4418",
        "KGISCode": "29557054525994910000HMPOLPUOFFPOS0001",
        "KGISPOL_STAID": "528",
        "POL_STAName": "Alamatti PS",
        "KGISPSCode": "PS - 528",
        "district": "Bijapur"
      },
      "geometry": {
        "type": "Point",
        "coordinates": [
          75.8977699998408,
          16.343020000317
        ]
      }
    },
    {
      "type": "Feature",
      "properties": {
        "OBJECTID": "744",
        "DepartmentCode": "164470429",
        "KGISVillageID": "4343",
        "KGISCode": "29557054528030540000HMPOLPUOFFPOS0001",
        "KGISPOL_STAID": "529",
        "POL_STAName": "Basavan Bagewadi PS",
        "KGISPSCode": "PS - 529",
        "district": "Bijapur"
      },
      "geometry": {
        "type": "Point",
        "coordinates": [
          75.9689999997507,
          16.5720999995958
        ]
      }
    },
    {
      "type": "Feature",
      "properties": {
        "OBJECTID": "745",
        "DepartmentCode": "164470430",
        "KGISVillageID": "4433",
        "KGISCode": "29557054525994530000HMPOLPUOFFPOS0001",
        "KGISPOL_STAID": "530",
        "POL_STAName": "Kolhar PS",
        "KGISPSCode": "PS - 530",
        "district": "Bijapur"
      },
      "geometry": {
        "type": "Point",
        "coordinates": [
          75.6862534277492,
          16.4869407384441
        ]
      }
    },
    {
      "type": "Feature",
      "properties": {
        "OBJECTID": "746",
        "DepartmentCode": "164470431",
        "KGISVillageID": "4355",
        "KGISCode": "29557054525994950000HMPOLPUOFFPOS0001",
        "KGISPOL_STAID": "531",
        "POL_STAName": "Managoli PS",
        "KGISPSCode": "PS - 531",
        "district": "Bijapur"
      },
      "geometry": {
        "type": "Point",
        "coordinates": [
          75.8168800003536,
          16.6486500003095
        ]
      }
    },
    {
      "type": "Feature",
      "properties": {
        "OBJECTID": "747",
        "DepartmentCode": "164471923",
        "KGISVillageID": "4430",
        "KGISCode": "29557054525994920000HMPOLPUOFFPOS0001",
        "KGISPOL_STAID": "532",
        "POL_STAName": "Nidagundi PS",
        "KGISPSCode": "PS - 532",
        "district": "Bijapur"
      },
      "geometry": {
        "type": "Point",
        "coordinates": [
          75.927640000163,
          16.3641799997462
        ]
      }
    },
    {
      "type": "Feature",
      "properties": {
        "OBJECTID": "748",
        "DepartmentCode": "164470433",
        "KGISVillageID": "4593",
        "KGISCode": "29557054535995790000HMPOLPUOFFPOS0001",
        "KGISPOL_STAID": "533",
        "POL_STAName": "Muddebihal PS",
        "KGISPSCode": "PS - 533",
        "district": "Bijapur"
      },
      "geometry": {
        "type": "Point",
        "coordinates": [
          76.1287700003332,
          16.3490999999067
        ]
      }
    },
    {
      "type": "Feature",
      "properties": {
        "OBJECTID": "749",
        "DepartmentCode": "164470434",
        "KGISVillageID": "4736",
        "KGISCode": "29557054535997040000HMPOLPUOFFPOS0001",
        "KGISPOL_STAID": "534",
        "POL_STAName": "Talikot PS",
        "KGISPSCode": "PS - 534",
        "district": "Bijapur"
      },
      "geometry": {
        "type": "Point",
        "coordinates": [
          76.3105600000852,
          16.4798100002562
        ]
      }
    },
    {
      "type": "Feature",
      "properties": {
        "OBJECTID": "750",
        "DepartmentCode": "164470416",
        "KGISVillageID": "4886",
        "KGISCode": "29557054495991180000HMPOLPUOFFPOS0001",
        "KGISPOL_STAID": "535",
        "POL_STAName": "Babaleshwar PS",
        "KGISPSCode": "PS - 535",
        "district": "Bijapur"
      },
      "geometry": {
        "type": "Point",
        "coordinates": [
          75.5803200004047,
          16.6658299997346
        ]
      }
    },
    {
      "type": "Feature",
      "properties": {
        "OBJECTID": "751",
        "DepartmentCode": "164470415",
        "KGISVillageID": "4989",
        "KGISCode": "29557054498030510000HMPOLPUOFFPOS0001",
        "KGISPOL_STAID": "536",
        "POL_STAName": "Bijapur Rural PS",
        "KGISPSCode": "PS - 536",
        "district": "Bijapur"
      },
      "geometry": {
        "type": "Point",
        "coordinates": [
          75.7386899996538,
          16.8264999999675
        ]
      }
    },
    {
      "type": "Feature",
      "properties": {
        "OBJECTID": "752",
        "DepartmentCode": "164470417",
        "KGISVillageID": "4969",
        "KGISCode": "29557054495990560000HMPOLPUOFFPOS0001",
        "KGISPOL_STAID": "537",
        "POL_STAName": "Tikota PS",
        "KGISPSCode": "PS - 537",
        "district": "Bijapur"
      },
      "geometry": {
        "type": "Point",
        "coordinates": [
          75.5179299999643,
          16.8444980002682
        ]
      }
    },
    {
      "type": "Feature",
      "properties": {
        "OBJECTID": "753",
        "DepartmentCode": "164470411",
        "KGISVillageID": "4989",
        "KGISCode": "29557054498030510000HMPOLPUOFFPOS0002",
        "KGISPOL_STAID": "538",
        "POL_STAName": "Gandhi Chowk PS",
        "KGISPSCode": "PS - 538",
        "district": "Bijapur"
      },
      "geometry": {
        "type": "Point",
        "coordinates": [
          75.7150299995963,
          16.8288199998895
        ]
      }
    },
    {
      "type": "Feature",
      "properties": {
        "OBJECTID": "754",
        "DepartmentCode": "164471497",
        "KGISVillageID": "4989",
        "KGISCode": "29557054498030510000HMPOLPUOFFPOS0003",
        "KGISPOL_STAID": "539",
        "POL_STAName": "Adarsh Nagar PS",
        "KGISPSCode": "PS - 539",
        "district": "Bijapur"
      },
      "geometry": {
        "type": "Point",
        "coordinates": [
          75.7107099999683,
          16.8502199998858
        ]
      }
    },
    {
      "type": "Feature",
      "properties": {
        "OBJECTID": "755",
        "DepartmentCode": "164471496",
        "KGISVillageID": "4989",
        "KGISCode": "29557054498030510000HMPOLPUOFFPOS0004",
        "KGISPOL_STAID": "540",
        "POL_STAName": "Vijayapura APMC PS",
        "KGISPSCode": "PS - 540",
        "district": "Bijapur"
      },
      "geometry": {
        "type": "Point",
        "coordinates": [
          75.7216500001421,
          16.8355999996793
        ]
      }
    },
    {
      "type": "Feature",
      "properties": {
        "OBJECTID": "756",
        "DepartmentCode": "164471495",
        "KGISVillageID": "4989",
        "KGISCode": "29557054498030510000HMPOLPUOFFPOS0005",
        "KGISPOL_STAID": "541",
        "POL_STAName": "Golgumbaz PS",
        "KGISPSCode": "PS - 541",
        "district": "Bijapur"
      },
      "geometry": {
        "type": "Point",
        "coordinates": [
          75.7387199997101,
          16.8263799996802
        ]
      }
    },
    {
      "type": "Feature",
      "properties": {
        "OBJECTID": "757",
        "DepartmentCode": "164472008",
        "KGISVillageID": "4989",
        "KGISCode": "29557054498030510000HMPOLPUOFFPOS0006",
        "KGISPOL_STAID": "542",
        "POL_STAName": "Jalanagar PS",
        "KGISPSCode": "PS - 542",
        "district": "Bijapur"
      },
      "geometry": {
        "type": "Point",
        "coordinates": [
          75.7265999997033,
          16.8068000003312
        ]
      }
    },
    {
      "type": "Feature",
      "properties": {
        "OBJECTID": "758",
        "DepartmentCode": "164470424",
        "KGISVillageID": "4512",
        "KGISCode": "29557054505991710000HMPOLPUOFFPOS0001",
        "KGISPOL_STAID": "543",
        "POL_STAName": "Chadachan PS",
        "KGISPSCode": "PS - 543",
        "district": "Bijapur"
      },
      "geometry": {
        "type": "Point",
        "coordinates": [
          75.6683199996572,
          17.3112060003243
        ]
      }
    },
    {
      "type": "Feature",
      "properties": {
        "OBJECTID": "759",
        "DepartmentCode": "164470425",
        "KGISVillageID": "4509",
        "KGISCode": "29557054505992050000HMPOLPUOFFPOS0001",
        "KGISPOL_STAID": "544",
        "POL_STAName": "Zalaki PS",
        "KGISPSCode": "PS - 544",
        "district": "Bijapur"
      },
      "geometry": {
        "type": "Point",
        "coordinates": [
          75.8012740004346,
          17.2514870003377
        ]
      }
    },
    {
      "type": "Feature",
      "properties": {
        "OBJECTID": "760",
        "DepartmentCode": "164470421",
        "KGISVillageID": "4489",
        "KGISCode": "29557054505992250000HMPOLPUOFFPOS0001",
        "KGISPOL_STAID": "545",
        "POL_STAName": "Hortti PS",
        "KGISPSCode": "PS - 545",
        "district": "Bijapur"
      },
      "geometry": {
        "type": "Point",
        "coordinates": [
          75.7849000003357,
          17.1179000003296
        ]
      }
    },
    {
      "type": "Feature",
      "properties": {
        "OBJECTID": "761",
        "DepartmentCode": "164470420",
        "KGISVillageID": "4562",
        "KGISCode": "29557054508030520000HMPOLPUOFFPOS0001",
        "KGISPOL_STAID": "546",
        "POL_STAName": "Indi PS",
        "KGISPSCode": "PS - 546",
        "district": "Bijapur"
      },
      "geometry": {
        "type": "Point",
        "coordinates": [
          75.9542200001002,
          17.1769099999228
        ]
      }
    },
    {
      "type": "Feature",
      "properties": {
        "OBJECTID": "762",
        "DepartmentCode": "164471511",
        "KGISVillageID": "4741",
        "KGISCode": "29557054515993040000HMPOLPUOFFPOS0001",
        "KGISPOL_STAID": "547",
        "POL_STAName": "Almel PS",
        "KGISPSCode": "PS - 547",
        "district": "Bijapur"
      },
      "geometry": {
        "type": "Point",
        "coordinates": [
          76.2187820003435,
          17.0900830003164
        ]
      }
    },
    {
      "type": "Feature",
      "properties": {
        "OBJECTID": "763",
        "DepartmentCode": "164471512",
        "KGISVillageID": "4795",
        "KGISCode": "29557054515994010000HMPOLPUOFFPOS0001",
        "KGISPOL_STAID": "548",
        "POL_STAName": "Devara Hipparagi PS",
        "KGISPSCode": "PS - 548",
        "district": "Bijapur"
      },
      "geometry": {
        "type": "Point",
        "coordinates": [
          76.0631700000159,
          16.817805000211
        ]
      }
    },
    {
      "type": "Feature",
      "properties": {
        "OBJECTID": "764",
        "DepartmentCode": "164471513",
        "KGISVillageID": "4810",
        "KGISCode": "29557054515994330000HMPOLPUOFFPOS0001",
        "KGISPOL_STAID": "549",
        "POL_STAName": "Kalkeri PS",
        "KGISPSCode": "PS - 549",
        "district": "Bijapur"
      },
      "geometry": {
        "type": "Point",
        "coordinates": [
          76.3080699995779,
          16.671079999701
        ]
      }
    },
    {
      "type": "Feature",
      "properties": {
        "OBJECTID": "765",
        "DepartmentCode": "164471510",
        "KGISVillageID": "4878",
        "KGISCode": "29557054515993460000HMPOLPUOFFPOS0001",
        "KGISPOL_STAID": "550",
        "POL_STAName": "Sindagi PS",
        "KGISPSCode": "PS - 550",
        "district": "Bijapur"
      },
      "geometry": {
        "type": "Point",
        "coordinates": [
          76.2316169996446,
          16.9218240000456
        ]
      }
    },
    {
      "type": "Feature",
      "properties": {
        "OBJECTID": "766",
        "DepartmentCode": "164671121",
        "KGISVillageID": "25009",
        "KGISCode": "29578055776196740000HMPOLPUOFFPOS0001",
        "KGISPOL_STAID": "552",
        "POL_STAName": "Chamarajanagar East PS",
        "KGISPSCode": "PS - 552",
        "district": "Chamrajnagar"
      },
      "geometry": {
        "type": "Point",
        "coordinates": [
          76.9627490003615,
          11.9350219996238
        ]
      }
    },
    {
      "type": "Feature",
      "properties": {
        "OBJECTID": "767",
        "DepartmentCode": "164671120",
        "KGISVillageID": "24983",
        "KGISCode": "29578055778032010000HMPOLPUOFFPOS0002",
        "KGISPOL_STAID": "553",
        "POL_STAName": "Chamarajanagar Rural PS",
        "KGISPSCode": "PS - 553",
        "district": "Chamrajnagar"
      },
      "geometry": {
        "type": "Point",
        "coordinates": [
          76.9298200003305,
          11.9260970003251
        ]
      }
    },
    {
      "type": "Feature",
      "properties": {
        "OBJECTID": "768",
        "DepartmentCode": "164672173",
        "KGISVillageID": "25009",
        "KGISCode": "29578055776196740000HMPOLPUOFFPOS0002",
        "KGISPOL_STAID": "554",
        "POL_STAName": "Chamarajanagar Women PS",
        "KGISPSCode": "PS - 554",
        "district": "Chamrajnagar"
      },
      "geometry": {
        "type": "Point",
        "coordinates": [
          76.9629229997826,
          11.9362010002533
        ]
      }
    },
    {
      "type": "Feature",
      "properties": {
        "OBJECTID": "769",
        "DepartmentCode": "164671125",
        "KGISVillageID": "25167",
        "KGISCode": "29578055776196130000HMPOLPUOFFPOS0001",
        "KGISPOL_STAID": "555",
        "POL_STAName": "Kuderu PS",
        "KGISPSCode": "PS - 555",
        "district": "Chamrajnagar"
      },
      "geometry": {
        "type": "Point",
        "coordinates": [
          76.9392100000856,
          12.0457089996651
        ]
      }
    },
    {
      "type": "Feature",
      "properties": {
        "OBJECTID": "770",
        "DepartmentCode": "164671134",
        "KGISVillageID": "25142",
        "KGISCode": "29578055776196160000HMPOLPUOFFPOS0001",
        "KGISPOL_STAID": "556",
        "POL_STAName": "Santemaralli PS",
        "KGISPSCode": "PS - 556",
        "district": "Chamrajnagar"
      },
      "geometry": {
        "type": "Point",
        "coordinates": [
          76.9779480002166,
          12.0434799997649
        ]
      }
    },
    {
      "type": "Feature",
      "properties": {
        "OBJECTID": "771",
        "DepartmentCode": "164671119",
        "KGISVillageID": "24983",
        "KGISCode": "29578055778032010000HMPOLPUOFFPOS0003",
        "KGISPOL_STAID": "557",
        "POL_STAName": "Chamarajanagar Town PS",
        "KGISPSCode": "PS - 557",
        "district": "Chamrajnagar"
      },
      "geometry": {
        "type": "Point",
        "coordinates": [
          76.9366230000653,
          11.9271530000275
        ]
      }
    },
    {
      "type": "Feature",
      "properties": {
        "OBJECTID": "772",
        "DepartmentCode": "164672009",
        "KGISVillageID": "25189",
        "KGISCode": "29578055766194540000HMPOLPUOFFPOS0001",
        "KGISPOL_STAID": "558",
        "POL_STAName": "Begur PS",
        "KGISPSCode": "PS - 558",
        "district": "Chamrajnagar"
      },
      "geometry": {
        "type": "Point",
        "coordinates": [
          76.671146000347,
          11.9345929999969
        ]
      }
    },
    {
      "type": "Feature",
      "properties": {
        "OBJECTID": "773",
        "DepartmentCode": "164671123",
        "KGISVillageID": "25259",
        "KGISCode": "29578055768032000000HMPOLPUOFFPOS0001",
        "KGISPOL_STAID": "559",
        "POL_STAName": "Gundlupete PS",
        "KGISPSCode": "PS - 559",
        "district": "Chamrajnagar"
      },
      "geometry": {
        "type": "Point",
        "coordinates": [
          76.6847459996543,
          11.8110330003526
        ]
      }
    },
    {
      "type": "Feature",
      "properties": {
        "OBJECTID": "774",
        "DepartmentCode": "164671124",
        "KGISVillageID": "25294",
        "KGISCode": "29578055766195320000HMPOLPUOFFPOS0001",
        "KGISPOL_STAID": "560",
        "POL_STAName": "Terakanambi PS",
        "KGISPSCode": "PS - 560",
        "district": "Chamrajnagar"
      },
      "geometry": {
        "type": "Point",
        "coordinates": [
          76.7926329998518,
          11.8181490003167
        ]
      }
    },
    {
      "type": "Feature",
      "properties": {
        "OBJECTID": "775",
        "DepartmentCode": "164671137",
        "KGISVillageID": "25361",
        "KGISCode": "29578055798032040000HMPOLPUOFFPOS0001",
        "KGISPOL_STAID": "561",
        "POL_STAName": "Hanur PS",
        "KGISPSCode": "PS - 561",
        "district": "Chamrajnagar"
      },
      "geometry": {
        "type": "Point",
        "coordinates": [
          77.3007600002552,
          12.0883450002992
        ]
      }
    },
    {
      "type": "Feature",
      "properties": {
        "OBJECTID": "776",
        "DepartmentCode": "164671129",
        "KGISVillageID": "25382",
        "KGISCode": "29578055798032030000HMPOLPUOFFPOS0001",
        "KGISPOL_STAID": "562",
        "POL_STAName": "Kollegala Rural PS",
        "KGISPSCode": "PS - 562",
        "district": "Chamrajnagar"
      },
      "geometry": {
        "type": "Point",
        "coordinates": [
          77.1125919999562,
          12.1579919998403
        ]
      }
    },
    {
      "type": "Feature",
      "properties": {
        "OBJECTID": "777",
        "DepartmentCode": "164671128",
        "KGISVillageID": "25382",
        "KGISCode": "29578055798032030000HMPOLPUOFFPOS0002",
        "KGISPOL_STAID": "563",
        "POL_STAName": "Kollegala Town PS",
        "KGISPSCode": "PS - 563",
        "district": "Chamrajnagar"
      },
      "geometry": {
        "type": "Point",
        "coordinates": [
          77.1094150001112,
          12.1574049997747
        ]
      }
    },
    {
      "type": "Feature",
      "properties": {
        "OBJECTID": "778",
        "DepartmentCode": "164671138",
        "KGISVillageID": "25458",
        "KGISCode": "29578055796198870000HMPOLPUOFFPOS0001",
        "KGISPOL_STAID": "564",
        "POL_STAName": "M.M. Hills PS",
        "KGISPSCode": "PS - 564",
        "district": "Chamrajnagar"
      },
      "geometry": {
        "type": "Point",
        "coordinates": [
          77.5914000000772,
          12.030713999633
        ]
      }
    },
    {
      "type": "Feature",
      "properties": {
        "OBJECTID": "779",
        "DepartmentCode": "164671130",
        "KGISVillageID": "25447",
        "KGISCode": "29578055796198970000HMPOLPUOFFPOS0001",
        "KGISPOL_STAID": "565",
        "POL_STAName": "Ramapura PS",
        "KGISPSCode": "PS - 565",
        "district": "Chamrajnagar"
      },
      "geometry": {
        "type": "Point",
        "coordinates": [
          77.3978629998976,
          12.0037180003747
        ]
      }
    },
    {
      "type": "Feature",
      "properties": {
        "OBJECTID": "780",
        "DepartmentCode": "164671133",
        "KGISVillageID": "25462",
        "KGISCode": "29578055786197890000HMPOLPUOFFPOS0001",
        "KGISPOL_STAID": "566",
        "POL_STAName": "Mambali PS",
        "KGISPSCode": "PS - 566",
        "district": "Chamrajnagar"
      },
      "geometry": {
        "type": "Point",
        "coordinates": [
          77.0740040000731,
          12.1184679998276
        ]
      }
    },
    {
      "type": "Feature",
      "properties": {
        "OBJECTID": "781",
        "DepartmentCode": "164671132",
        "KGISVillageID": "25484",
        "KGISCode": "29578055786198020000HMPOLPUOFFPOS0001",
        "KGISPOL_STAID": "567",
        "POL_STAName": "Yelandur PS",
        "KGISPSCode": "PS - 567",
        "district": "Chamrajnagar"
      },
      "geometry": {
        "type": "Point",
        "coordinates": [
          77.0314530002178,
          12.0531669997504
        ]
      }
    },
    {
      "type": "Feature",
      "properties": {
        "OBJECTID": "782",
        "DepartmentCode": "164550738",
        "KGISVillageID": "21959",
        "KGISCode": "29574055558031730000HMPOLPUOFFPOS0001",
        "KGISPOL_STAID": "568",
        "POL_STAName": "Arasikere Rural PS",
        "KGISPSCode": "PS - 568",
        "district": "Hassan"
      },
      "geometry": {
        "type": "Point",
        "coordinates": [
          76.2569929998741,
          13.3126749996872
        ]
      }
    },
    {
      "type": "Feature",
      "properties": {
        "OBJECTID": "783",
        "DepartmentCode": "164550739",
        "KGISVillageID": "22038",
        "KGISCode": "29574055556158400000HMPOLPUOFFPOS0001",
        "KGISPOL_STAID": "569",
        "POL_STAName": "Banavara PS",
        "KGISPSCode": "PS - 569",
        "district": "Hassan"
      },
      "geometry": {
        "type": "Point",
        "coordinates": [
          76.1628809997244,
          13.4047820003321
        ]
      }
    },
    {
      "type": "Feature",
      "properties": {
        "OBJECTID": "784",
        "DepartmentCode": "164550740",
        "KGISVillageID": "22176",
        "KGISCode": "29574055556157990000HMPOLPUOFFPOS0001",
        "KGISPOL_STAID": "570",
        "POL_STAName": "Gandasi PS",
        "KGISPSCode": "PS - 570",
        "district": "Hassan"
      },
      "geometry": {
        "type": "Point",
        "coordinates": [
          76.3046730001944,
          13.1557859996249
        ]
      }
    },
    {
      "type": "Feature",
      "properties": {
        "OBJECTID": "785",
        "DepartmentCode": "164551930",
        "KGISVillageID": "22246",
        "KGISCode": "29574055556154520000HMPOLPUOFFPOS0001",
        "KGISPOL_STAID": "571",
        "POL_STAName": "Javagal PS",
        "KGISPSCode": "PS - 571",
        "district": "Hassan"
      },
      "geometry": {
        "type": "Point",
        "coordinates": [
          76.0567989997259,
          13.3020599997157
        ]
      }
    },
    {
      "type": "Feature",
      "properties": {
        "OBJECTID": "786",
        "DepartmentCode": "164551819",
        "KGISVillageID": "21959",
        "KGISCode": "29574055558031730000HMPOLPUOFFPOS0002",
        "KGISPOL_STAID": "572",
        "POL_STAName": "Arasikere Town PS",
        "KGISPSCode": "PS - 572",
        "district": "Hassan"
      },
      "geometry": {
        "type": "Point",
        "coordinates": [
          76.2568810000522,
          13.3122830000798
        ]
      }
    },
    {
      "type": "Feature",
      "properties": {
        "OBJECTID": "787",
        "DepartmentCode": "164550752",
        "KGISVillageID": "22477",
        "KGISCode": "29574055546152250000HMPOLPUOFFPOS0001",
        "KGISPOL_STAID": "573",
        "POL_STAName": "Belur PS",
        "KGISPSCode": "PS - 573",
        "district": "Hassan"
      },
      "geometry": {
        "type": "Point",
        "coordinates": [
          75.8754489997066,
          13.1741919998648
        ]
      }
    },
    {
      "type": "Feature",
      "properties": {
        "OBJECTID": "788",
        "DepartmentCode": "164550754",
        "KGISVillageID": "22665",
        "KGISCode": "29574055546152730000HMPOLPUOFFPOS0001",
        "KGISPOL_STAID": "574",
        "POL_STAName": "Halebeedu PS",
        "KGISPSCode": "PS - 574",
        "district": "Hassan"
      },
      "geometry": {
        "type": "Point",
        "coordinates": [
          75.9937850001458,
          13.2173030000005
        ]
      }
    },
    {
      "type": "Feature",
      "properties": {
        "OBJECTID": "789",
        "DepartmentCode": "164551741",
        "KGISVillageID": "22882",
        "KGISCode": "29574055568031740000HMPOLPUOFFPOS0001",
        "KGISPOL_STAID": "575",
        "POL_STAName": "Hassan City PS",
        "KGISPSCode": "PS - 575",
        "district": "Hassan"
      },
      "geometry": {
        "type": "Point",
        "coordinates": [
          76.1005729998768,
          13.0030179998449
        ]
      }
    },
    {
      "type": "Feature",
      "properties": {
        "OBJECTID": "790",
        "DepartmentCode": "164551743",
        "KGISVillageID": "22847",
        "KGISCode": "29574055568031740000HMPOLPUOFFPOS0002",
        "KGISPOL_STAID": "576",
        "POL_STAName": "Hassan Extention PS",
        "KGISPSCode": "PS - 576",
        "district": "Hassan"
      },
      "geometry": {
        "type": "Point",
        "coordinates": [
          76.1135919995414,
          13.0069439995986
        ]
      }
    },
    {
      "type": "Feature",
      "properties": {
        "OBJECTID": "791",
        "DepartmentCode": "164552127",
        "KGISVillageID": "22882",
        "KGISCode": "29574055568031740000HMPOLPUOFFPOS0003",
        "KGISPOL_STAID": "577",
        "POL_STAName": "Hassan Women PS",
        "KGISPSCode": "PS - 577",
        "district": "Hassan"
      },
      "geometry": {
        "type": "Point",
        "coordinates": [
          76.1076099996677,
          13.002819999748
        ]
      }
    },
    {
      "type": "Feature",
      "properties": {
        "OBJECTID": "792",
        "DepartmentCode": "164551744",
        "KGISVillageID": "22882",
        "KGISCode": "29574055568031740000HMPOLPUOFFPOS0004",
        "KGISPOL_STAID": "578",
        "POL_STAName": "Pension Mohalla PS",
        "KGISPSCode": "PS - 578",
        "district": "Hassan"
      },
      "geometry": {
        "type": "Point",
        "coordinates": [
          76.0954520004157,
          13.0089080003961
        ]
      }
    },
    {
      "type": "Feature",
      "properties": {
        "OBJECTID": "793",
        "DepartmentCode": "164550726",
        "KGISVillageID": "22778",
        "KGISCode": "29574055566159510000HMPOLPUOFFPOS0001",
        "KGISPOL_STAID": "579",
        "POL_STAName": "Dudda PS",
        "KGISPSCode": "PS - 579",
        "district": "Hassan"
      },
      "geometry": {
        "type": "Point",
        "coordinates": [
          76.2048329998239,
          13.0862719996496
        ]
      }
    },
    {
      "type": "Feature",
      "properties": {
        "OBJECTID": "794",
        "DepartmentCode": "164550725",
        "KGISVillageID": "22948",
        "KGISCode": "29574055566161080000HMPOLPUOFFPOS0001",
        "KGISPOL_STAID": "580",
        "POL_STAName": "Goruru PS",
        "KGISPSCode": "PS - 580",
        "district": "Hassan"
      },
      "geometry": {
        "type": "Point",
        "coordinates": [
          76.0616409997433,
          12.8184319997021
        ]
      }
    },
    {
      "type": "Feature",
      "properties": {
        "OBJECTID": "795",
        "DepartmentCode": "164551748",
        "KGISVillageID": "22853",
        "KGISCode": "29574055568031740000HMPOLPUOFFPOS0005",
        "KGISPOL_STAID": "581",
        "POL_STAName": "Hassan Rural PS",
        "KGISPSCode": "PS - 581",
        "district": "Hassan"
      },
      "geometry": {
        "type": "Point",
        "coordinates": [
          76.1062630001699,
          13.0109769997524
        ]
      }
    },
    {
      "type": "Feature",
      "properties": {
        "OBJECTID": "796",
        "DepartmentCode": "164551824",
        "KGISVillageID": "23173",
        "KGISCode": "29574055566161940000HMPOLPUOFFPOS0001",
        "KGISPOL_STAID": "582",
        "POL_STAName": "Shanthigrama PS",
        "KGISPSCode": "PS - 582",
        "district": "Hassan"
      },
      "geometry": {
        "type": "Point",
        "coordinates": [
          76.2177209997494,
          12.9851579997913
        ]
      }
    },
    {
      "type": "Feature",
      "properties": {
        "OBJECTID": "797",
        "DepartmentCode": "164550749",
        "KGISVillageID": "21771",
        "KGISCode": "29574055586165730000HMPOLPUOFFPOS0001",
        "KGISPOL_STAID": "583",
        "POL_STAName": "Arakalagud PS",
        "KGISPSCode": "PS - 583",
        "district": "Hassan"
      },
      "geometry": {
        "type": "Point",
        "coordinates": [
          76.0569999998787,
          12.7658860002264
        ]
      }
    },
    {
      "type": "Feature",
      "properties": {
        "OBJECTID": "798",
        "DepartmentCode": "164550748",
        "KGISVillageID": "21869",
        "KGISCode": "29574055586167230000HMPOLPUOFFPOS0001",
        "KGISPOL_STAID": "584",
        "POL_STAName": "Konanur PS",
        "KGISPSCode": "PS - 584",
        "district": "Hassan"
      },
      "geometry": {
        "type": "Point",
        "coordinates": [
          76.0545599996873,
          12.6290279996277
        ]
      }
    },
    {
      "type": "Feature",
      "properties": {
        "OBJECTID": "799",
        "DepartmentCode": "164551621",
        "KGISVillageID": "26536",
        "KGISCode": "29574055608031780000HMPOLPUOFFPOS0001",
        "KGISPOL_STAID": "585",
        "POL_STAName": "Channarayapatna Rural PS",
        "KGISPSCode": "PS - 585",
        "district": "Hassan"
      },
      "geometry": {
        "type": "Point",
        "coordinates": [
          76.3900000001754,
          12.9000000004353
        ]
      }
    },
    {
      "type": "Feature",
      "properties": {
        "OBJECTID": "800",
        "DepartmentCode": "164551620",
        "KGISVillageID": "26536",
        "KGISCode": "29574055608031780000HMPOLPUOFFPOS0002",
        "KGISPOL_STAID": "586",
        "POL_STAName": "Channarayapatna Town PS",
        "KGISPSCode": "PS - 586",
        "district": "Hassan"
      },
      "geometry": {
        "type": "Point",
        "coordinates": [
          76.389544999876,
          12.9033170000014
        ]
      }
    },
    {
      "type": "Feature",
      "properties": {
        "OBJECTID": "801",
        "DepartmentCode": "164551624",
        "KGISVillageID": "26688",
        "KGISCode": "29574055606173300000HMPOLPUOFFPOS0001",
        "KGISPOL_STAID": "587",
        "POL_STAName": "Hirisave PS",
        "KGISPSCode": "PS - 587",
        "district": "Hassan"
      },
      "geometry": {
        "type": "Point",
        "coordinates": [
          76.5511509995422,
          12.9439070001803
        ]
      }
    },
    {
      "type": "Feature",
      "properties": {
        "OBJECTID": "802",
        "DepartmentCode": "164551622",
        "KGISVillageID": "26781",
        "KGISCode": "29574055606172690000HMPOLPUOFFPOS0001",
        "KGISPOL_STAID": "588",
        "POL_STAName": "Nuggehalli PS",
        "KGISPSCode": "PS - 588",
        "district": "Hassan"
      },
      "geometry": {
        "type": "Point",
        "coordinates": [
          76.4765299996529,
          13.0086170002442
        ]
      }
    },
    {
      "type": "Feature",
      "properties": {
        "OBJECTID": "803",
        "DepartmentCode": "164551623",
        "KGISVillageID": "26854",
        "KGISCode": "29574055606174220000HMPOLPUOFFPOS0001",
        "KGISPOL_STAID": "589",
        "POL_STAName": "Shravanabelagola PS",
        "KGISPSCode": "PS - 589",
        "district": "Hassan"
      },
      "geometry": {
        "type": "Point",
        "coordinates": [
          76.4838759998275,
          12.8597839999403
        ]
      }
    },
    {
      "type": "Feature",
      "properties": {
        "OBJECTID": "804",
        "DepartmentCode": "164552187",
        "KGISVillageID": "27003",
        "KGISCode": "29574055596169940000HMPOLPUOFFPOS0001",
        "KGISPOL_STAID": "590",
        "POL_STAName": "Hallymysore PS",
        "KGISPSCode": "PS - 590",
        "district": "Hassan"
      },
      "geometry": {
        "type": "Point",
        "coordinates": [
          76.2580410001234,
          12.6584609997983
        ]
      }
    },
    {
      "type": "Feature",
      "properties": {
        "OBJECTID": "805",
        "DepartmentCode": "164550744",
        "KGISVillageID": "27106",
        "KGISCode": "29574055598031770000HMPOLPUOFFPOS0001",
        "KGISPOL_STAID": "591",
        "POL_STAName": "Holenarasipura Rural PS",
        "KGISPSCode": "PS - 591",
        "district": "Hassan"
      },
      "geometry": {
        "type": "Point",
        "coordinates": [
          76.2474069995406,
          12.780772999597
        ]
      }
    },
    {
      "type": "Feature",
      "properties": {
        "OBJECTID": "806",
        "DepartmentCode": "164550745",
        "KGISVillageID": "27106",
        "KGISCode": "29574055598031770000HMPOLPUOFFPOS0002",
        "KGISPOL_STAID": "592",
        "POL_STAName": "Holenarasipura Town PS",
        "KGISPSCode": "PS - 592",
        "district": "Hassan"
      },
      "geometry": {
        "type": "Point",
        "coordinates": [
          76.2464179997268,
          12.7832569995883
        ]
      }
    },
    {
      "type": "Feature",
      "properties": {
        "OBJECTID": "807",
        "DepartmentCode": "164550727",
        "KGISVillageID": "21516",
        "KGISCode": "29574055576163970000HMPOLPUOFFPOS0001",
        "KGISPOL_STAID": "593",
        "POL_STAName": "Alur PS",
        "KGISPSCode": "PS - 593",
        "district": "Hassan"
      },
      "geometry": {
        "type": "Point",
        "coordinates": [
          75.9899900002442,
          12.9773529999543
        ]
      }
    },
    {
      "type": "Feature",
      "properties": {
        "OBJECTID": "808",
        "DepartmentCode": "164550757",
        "KGISVillageID": "23340",
        "KGISCode": "29574055538031710000HMPOLPUOFFPOS0001",
        "KGISPOL_STAID": "594",
        "POL_STAName": "Sakaleshpura Rural PS",
        "KGISPSCode": "PS - 594",
        "district": "Hassan"
      },
      "geometry": {
        "type": "Point",
        "coordinates": [
          75.7871130002743,
          12.9462899999688
        ]
      }
    },
    {
      "type": "Feature",
      "properties": {
        "OBJECTID": "809",
        "DepartmentCode": "164550756",
        "KGISVillageID": "23340",
        "KGISCode": "29574055538031710000HMPOLPUOFFPOS0002",
        "KGISPOL_STAID": "595",
        "POL_STAName": "Sakaleshpura Town PS",
        "KGISPSCode": "PS - 595",
        "district": "Hassan"
      },
      "geometry": {
        "type": "Point",
        "coordinates": [
          75.7879910000822,
          12.945902000403
        ]
      }
    },
    {
      "type": "Feature",
      "properties": {
        "OBJECTID": "810",
        "DepartmentCode": "164550758",
        "KGISVillageID": "23398",
        "KGISCode": "29574055536150660000HMPOLPUOFFPOS0001",
        "KGISPOL_STAID": "596",
        "POL_STAName": "Yeslur PS",
        "KGISPSCode": "PS - 596",
        "district": "Hassan"
      },
      "geometry": {
        "type": "Point",
        "coordinates": [
          75.8586640002783,
          12.7810399998105
        ]
      }
    },
    {
      "type": "Feature",
      "properties": {
        "OBJECTID": "811",
        "DepartmentCode": "164512185",
        "KGISVillageID": "27181",
        "KGISCode": "29576055668031870000HMPOLPUOFFPOS0001",
        "KGISPOL_STAID": "597",
        "POL_STAName": "Kodagu Women PS",
        "KGISPSCode": "PS - 597",
        "district": "Kodagu"
      },
      "geometry": {
        "type": "Point",
        "coordinates": [
          75.7404800003983,
          12.4209299997027
        ]
      }
    },
    {
      "type": "Feature",
      "properties": {
        "OBJECTID": "812",
        "DepartmentCode": "164510574",
        "KGISVillageID": "27165",
        "KGISCode": "29576055666177970000HMPOLPUOFFPOS0001",
        "KGISPOL_STAID": "598",
        "POL_STAName": "Bhagamandala PS",
        "KGISPSCode": "PS - 598",
        "district": "Kodagu"
      },
      "geometry": {
        "type": "Point",
        "coordinates": [
          75.5349388616035,
          12.3870889082204
        ]
      }
    },
    {
      "type": "Feature",
      "properties": {
        "OBJECTID": "813",
        "DepartmentCode": "164510575",
        "KGISVillageID": "27181",
        "KGISCode": "29576055668031870000HMPOLPUOFFPOS0002",
        "KGISPOL_STAID": "599",
        "POL_STAName": "Madikeri Rural PS",
        "KGISPSCode": "PS - 599",
        "district": "Kodagu"
      },
      "geometry": {
        "type": "Point",
        "coordinates": [
          75.7255048998641,
          12.4296567000529
        ]
      }
    },
    {
      "type": "Feature",
      "properties": {
        "OBJECTID": "814",
        "DepartmentCode": "164510573",
        "KGISVillageID": "31580",
        "KGISCode": "29576055666178500000HMPOLPUOFFPOS0001",
        "KGISPOL_STAID": "600",
        "POL_STAName": "Napoklu PS",
        "KGISPSCode": "PS - 600",
        "district": "Kodagu"
      },
      "geometry": {
        "type": "Point",
        "coordinates": [
          75.6893609995645,
          12.3102080002056
        ]
      }
    },
    {
      "type": "Feature",
      "properties": {
        "OBJECTID": "815",
        "DepartmentCode": "164510569",
        "KGISVillageID": "27181",
        "KGISCode": "29576055668031870000HMPOLPUOFFPOS0003",
        "KGISPOL_STAID": "601",
        "POL_STAName": "Madikeri Town PS",
        "KGISPSCode": "PS - 601",
        "district": "Kodagu"
      },
      "geometry": {
        "type": "Point",
        "coordinates": [
          75.7404800003983,
          12.4209299997027
        ]
      }
    },
    {
      "type": "Feature",
      "properties": {
        "OBJECTID": "816",
        "DepartmentCode": "164510570",
        "KGISVillageID": "27480",
        "KGISCode": "29576055686180240000HMPOLPUOFFPOS0001",
        "KGISPOL_STAID": "602",
        "POL_STAName": "Siddapura PS",
        "KGISPSCode": "PS - 602",
        "district": "Kodagu"
      },
      "geometry": {
        "type": "Point",
        "coordinates": [
          75.8756274411448,
          12.2981012015236
        ]
      }
    },
    {
      "type": "Feature",
      "properties": {
        "OBJECTID": "817",
        "DepartmentCode": "164512138",
        "KGISVillageID": "27322",
        "KGISCode": "29576055676179810000HMPOLPUOFFPOS0001",
        "KGISPOL_STAID": "603",
        "POL_STAName": "Kushalanagar Rural PS",
        "KGISPSCode": "PS - 603",
        "district": "Kodagu"
      },
      "geometry": {
        "type": "Point",
        "coordinates": [
          75.9565649999831,
          12.4845269998253
        ]
      }
    },
    {
      "type": "Feature",
      "properties": {
        "OBJECTID": "818",
        "DepartmentCode": "164510587",
        "KGISVillageID": "27329",
        "KGISCode": "29576055678031890000HMPOLPUOFFPOS0001",
        "KGISPOL_STAID": "604",
        "POL_STAName": "Kushalnagar Town PS",
        "KGISPSCode": "PS - 604",
        "district": "Kodagu"
      },
      "geometry": {
        "type": "Point",
        "coordinates": [
          75.9622959999472,
          12.4602770000849
        ]
      }
    },
    {
      "type": "Feature",
      "properties": {
        "OBJECTID": "819",
        "DepartmentCode": "164510588",
        "KGISVillageID": "27465",
        "KGISCode": "29576055676179570000HMPOLPUOFFPOS0001",
        "KGISPOL_STAID": "605",
        "POL_STAName": "Sunticoppa PS",
        "KGISPSCode": "PS - 605",
        "district": "Kodagu"
      },
      "geometry": {
        "type": "Point",
        "coordinates": [
          75.8288999998116,
          12.4524999999285
        ]
      }
    },
    {
      "type": "Feature",
      "properties": {
        "OBJECTID": "820",
        "DepartmentCode": "164590905",
        "KGISVillageID": "29043",
        "KGISCode": "29577055758031990000HMPOLPUOFFPOS0001",
        "KGISPOL_STAID": "667",
        "POL_STAName": "T. Narasipura PS",
        "KGISPSCode": "PS - 667",
        "district": "Mysore"
      },
      "geometry": {
        "type": "Point",
        "coordinates": [
          76.8983166671656,
          12.208266667416
        ]
      }
    },
    {
      "type": "Feature",
      "properties": {
        "OBJECTID": "821",
        "DepartmentCode": "164590907",
        "KGISVillageID": "29089",
        "KGISCode": "29577055756194370000HMPOLPUOFFPOS0001",
        "KGISPOL_STAID": "668",
        "POL_STAName": "Talakadu PS",
        "KGISPSCode": "PS - 668",
        "district": "Mysore"
      },
      "geometry": {
        "type": "Point",
        "coordinates": [
          77.0295277776976,
          12.1897277777648
        ]
      }
    },
    {
      "type": "Feature",
      "properties": {
        "OBJECTID": "822",
        "DepartmentCode": "164592210",
        "KGISVillageID": "28460",
        "KGISCode": "29577055728031940000HMPOLPUOFFPOS0018",
        "KGISPOL_STAID": "669",
        "POL_STAName": "Mysuru Women PS",
        "KGISPSCode": "PS - 669",
        "district": "Mysore"
      },
      "geometry": {
        "type": "Point",
        "coordinates": [
          76.6646749996175,
          12.3126777783268
        ]
      }
    },
    {
      "type": "Feature",
      "properties": {
        "OBJECTID": "823",
        "DepartmentCode": "164480455",
        "KGISVillageID": "10001",
        "KGISCode": "29570055306098550000HMPOLPUOFFPOS0001",
        "KGISPOL_STAID": "670",
        "POL_STAName": "Aldur PS",
        "KGISPSCode": "PS - 670",
        "district": "Chikmagalur"
      },
      "geometry": {
        "type": "Point",
        "coordinates": [
          75.6518199996951,
          13.2432469998633
        ]
      }
    },
    {
      "type": "Feature",
      "properties": {
        "OBJECTID": "824",
        "DepartmentCode": "164480454",
        "KGISVillageID": "10076",
        "KGISCode": "29570055308031490000HMPOLPUOFFPOS0002",
        "KGISPOL_STAID": "671",
        "POL_STAName": "Chickmagalur Rural PS",
        "KGISPSCode": "PS - 671",
        "district": "Chikmagalur"
      },
      "geometry": {
        "type": "Point",
        "coordinates": [
          75.7974440002195,
          13.3260769997201
        ]
      }
    },
    {
      "type": "Feature",
      "properties": {
        "OBJECTID": "825",
        "DepartmentCode": "164481891",
        "KGISVillageID": "10043",
        "KGISCode": "29570055306097010000HMPOLPUOFFPOS0001",
        "KGISPOL_STAID": "672",
        "POL_STAName": "Mallanduru PS",
        "KGISPSCode": "PS - 672",
        "district": "Chikmagalur"
      },
      "geometry": {
        "type": "Point",
        "coordinates": [
          75.6590242917493,
          13.3664724950951
        ]
      }
    },
    {
      "type": "Feature",
      "properties": {
        "OBJECTID": "826",
        "DepartmentCode": "164480451",
        "KGISVillageID": "10060",
        "KGISCode": "29570055308031490000HMPOLPUOFFPOS0003",
        "KGISPOL_STAID": "673",
        "POL_STAName": "Basavanahalli PS",
        "KGISPSCode": "PS - 673",
        "district": "Chikmagalur"
      },
      "geometry": {
        "type": "Point",
        "coordinates": [
          75.7735859998332,
          13.3281699998605
        ]
      }
    },
    {
      "type": "Feature",
      "properties": {
        "OBJECTID": "827",
        "DepartmentCode": "164480450",
        "KGISVillageID": "10060",
        "KGISCode": "29570055308031490000HMPOLPUOFFPOS0004",
        "KGISPOL_STAID": "674",
        "POL_STAName": "Chickmagalur Town PS",
        "KGISPSCode": "PS - 674",
        "district": "Chikmagalur"
      },
      "geometry": {
        "type": "Point",
        "coordinates": [
          75.7754240002408,
          13.3205419999874
        ]
      }
    },
    {
      "type": "Feature",
      "properties": {
        "OBJECTID": "828",
        "DepartmentCode": "164480456",
        "KGISVillageID": "10667",
        "KGISCode": "29570055316099260000HMPOLPUOFFPOS0001",
        "KGISPOL_STAID": "675",
        "POL_STAName": "Balur PS",
        "KGISPSCode": "PS - 675",
        "district": "Chikmagalur"
      },
      "geometry": {
        "type": "Point",
        "coordinates": [
          75.5031459998877,
          13.1533940000468
        ]
      }
    },
    {
      "type": "Feature",
      "properties": {
        "OBJECTID": "829",
        "DepartmentCode": "164480460",
        "KGISVillageID": "10704",
        "KGISCode": "29570055316099340000HMPOLPUOFFPOS0001",
        "KGISPOL_STAID": "676",
        "POL_STAName": "Banakal PS",
        "KGISPSCode": "PS - 676",
        "district": "Chikmagalur"
      },
      "geometry": {
        "type": "Point",
        "coordinates": [
          75.5544860001022,
          13.1374259998632
        ]
      }
    },
    {
      "type": "Feature",
      "properties": {
        "OBJECTID": "830",
        "DepartmentCode": "164480461",
        "KGISVillageID": "10743",
        "KGISCode": "29570055316100070000HMPOLPUOFFPOS0001",
        "KGISPOL_STAID": "677",
        "POL_STAName": "Gonibeedu PS",
        "KGISPSCode": "PS - 677",
        "district": "Chikmagalur"
      },
      "geometry": {
        "type": "Point",
        "coordinates": [
          75.7080730000623,
          13.0999209996949
        ]
      }
    },
    {
      "type": "Feature",
      "properties": {
        "OBJECTID": "831",
        "DepartmentCode": "164480459",
        "KGISVillageID": "10794",
        "KGISCode": "29570055316099760000HMPOLPUOFFPOS0001",
        "KGISPOL_STAID": "678",
        "POL_STAName": "Mudigere PS",
        "KGISPSCode": "PS - 678",
        "district": "Chikmagalur"
      },
      "geometry": {
        "type": "Point",
        "coordinates": [
          75.6417939997681,
          13.133920000105
        ]
      }
    },
    {
      "type": "Feature",
      "properties": {
        "OBJECTID": "832",
        "DepartmentCode": "164480465",
        "KGISVillageID": "10575",
        "KGISCode": "29570055266089820000HMPOLPUOFFPOS0001",
        "KGISPOL_STAID": "679",
        "POL_STAName": "Hariharapura PS",
        "KGISPSCode": "PS - 679",
        "district": "Chikmagalur"
      },
      "geometry": {
        "type": "Point",
        "coordinates": [
          75.2992001700748,
          13.5195112306431
        ]
      }
    },
    {
      "type": "Feature",
      "properties": {
        "OBJECTID": "833",
        "DepartmentCode": "164481890",
        "KGISVillageID": "10647",
        "KGISCode": "29570055266090240000HMPOLPUOFFPOS0001",
        "KGISPOL_STAID": "680",
        "POL_STAName": "Jayapura PS",
        "KGISPSCode": "PS - 680",
        "district": "Chikmagalur"
      },
      "geometry": {
        "type": "Point",
        "coordinates": [
          75.3737359999141,
          13.4033030000002
        ]
      }
    },
    {
      "type": "Feature",
      "properties": {
        "OBJECTID": "834",
        "DepartmentCode": "164480464",
        "KGISVillageID": "10604",
        "KGISCode": "29570055266089930000HMPOLPUOFFPOS0001",
        "KGISPOL_STAID": "681",
        "POL_STAName": "Koppa PS",
        "KGISPSCode": "PS - 681",
        "district": "Chikmagalur"
      },
      "geometry": {
        "type": "Point",
        "coordinates": [
          75.3637680001523,
          13.5511210001179
        ]
      }
    },
    {
      "type": "Feature",
      "properties": {
        "OBJECTID": "835",
        "DepartmentCode": "164481525",
        "KGISVillageID": "10764",
        "KGISCode": "29570055316098980000HMPOLPUOFFPOS0001",
        "KGISPOL_STAID": "682",
        "POL_STAName": "Kalasa PS",
        "KGISPSCode": "PS - 682",
        "district": "Chikmagalur"
      },
      "geometry": {
        "type": "Point",
        "coordinates": [
          75.3589819998389,
          13.2414499995656
        ]
      }
    },
    {
      "type": "Feature",
      "properties": {
        "OBJECTID": "836",
        "DepartmentCode": "164481528",
        "KGISVillageID": "10765",
        "KGISCode": "29570055318031510000HMPOLPUOFFPOS0001",
        "KGISPOL_STAID": "683",
        "POL_STAName": "Kuduremukh PS",
        "KGISPSCode": "PS - 683",
        "district": "Chikmagalur"
      },
      "geometry": {
        "type": "Point",
        "coordinates": [
          75.2524469997459,
          13.2139549999748
        ]
      }
    },
    {
      "type": "Feature",
      "properties": {
        "OBJECTID": "837",
        "DepartmentCode": "164480463",
        "KGISVillageID": "31436",
        "KGISCode": "29570055276090970000HMPOLPUOFFPOS0001",
        "KGISPOL_STAID": "684",
        "POL_STAName": "Balehonnur PS",
        "KGISPSCode": "PS - 684",
        "district": "Chikmagalur"
      },
      "geometry": {
        "type": "Point",
        "coordinates": [
          75.4657970001967,
          13.3511840001246
        ]
      }
    },
    {
      "type": "Feature",
      "properties": {
        "OBJECTID": "838",
        "DepartmentCode": "164480470",
        "KGISVillageID": "10861",
        "KGISCode": "29570055276090610000HMPOLPUOFFPOS0001",
        "KGISPOL_STAID": "685",
        "POL_STAName": "N.R. Pura PS",
        "KGISPSCode": "PS - 685",
        "district": "Chikmagalur"
      },
      "geometry": {
        "type": "Point",
        "coordinates": [
          75.5041660003897,
          13.6148710002436
        ]
      }
    },
    {
      "type": "Feature",
      "properties": {
        "OBJECTID": "839",
        "DepartmentCode": "164480232",
        "KGISVillageID": "10920",
        "KGISCode": "29570055256089500000HMPOLPUOFFPOS0001",
        "KGISPOL_STAID": "686",
        "POL_STAName": "Sringeri PS",
        "KGISPSCode": "PS - 686",
        "district": "Chikmagalur"
      },
      "geometry": {
        "type": "Point",
        "coordinates": [
          75.2530619998582,
          13.4188599996039
        ]
      }
    },
    {
      "type": "Feature",
      "properties": {
        "OBJECTID": "840",
        "DepartmentCode": "164480477",
        "KGISVillageID": "10264",
        "KGISCode": "29570055298031470000HMPOLPUOFFPOS0001",
        "KGISPOL_STAID": "687",
        "POL_STAName": "Birur PS",
        "KGISPSCode": "PS - 687",
        "district": "Chikmagalur"
      },
      "geometry": {
        "type": "Point",
        "coordinates": [
          75.9724069998958,
          13.5990249995542
        ]
      }
    },
    {
      "type": "Feature",
      "properties": {
        "OBJECTID": "841",
        "DepartmentCode": "169710075",
        "KGISVillageID": "31496",
        "KGISCode": "29562054738030830000HMPOLPUOFFPOS0006",
        "KGISPOL_STAID": "884",
        "POL_STAName": "Hubballi-Dharwad Women PS",
        "KGISPSCode": "PS - 884",
        "district": "Dharwad"
      },
      "geometry": {
        "type": "Point",
        "coordinates": [
          74.9978657782474,
          15.4643876456711
        ]
      }
    },
    {
      "type": "Feature",
      "properties": {
        "OBJECTID": "842",
        "DepartmentCode": "164631065",
        "KGISVillageID": "26197",
        "KGISCode": "29575055646177270000HMPOLPUOFFPOS0001",
        "KGISPOL_STAID": "885",
        "POL_STAName": "Kadaba PS",
        "KGISPSCode": "PS - 885",
        "district": "DakshinaKannada"
      },
      "geometry": {
        "type": "Point",
        "coordinates": [
          75.4680383741898,
          12.7422581894222
        ]
      }
    },
    {
      "type": "Feature",
      "properties": {
        "OBJECTID": "843",
        "DepartmentCode": "164631060",
        "KGISVillageID": "26236",
        "KGISCode": "29575055648031850000HMPOLPUOFFPOS0001",
        "KGISPOL_STAID": "886",
        "POL_STAName": "Puttur Town PS",
        "KGISPSCode": "PS - 886",
        "district": "DakshinaKannada"
      },
      "geometry": {
        "type": "Point",
        "coordinates": [
          75.2001889323347,
          12.7621093917564
        ]
      }
    },
    {
      "type": "Feature",
      "properties": {
        "OBJECTID": "844",
        "DepartmentCode": "164631669",
        "KGISVillageID": "26281",
        "KGISCode": "29575055656177870000HMPOLPUOFFPOS0001",
        "KGISPOL_STAID": "887",
        "POL_STAName": "Subramanya PS",
        "KGISPSCode": "PS - 887",
        "district": "DakshinaKannada"
      },
      "geometry": {
        "type": "Point",
        "coordinates": [
          75.6127789975958,
          12.6676029537295
        ]
      }
    },
    {
      "type": "Feature",
      "properties": {
        "OBJECTID": "845",
        "DepartmentCode": "164632209",
        "KGISVillageID": "26236",
        "KGISCode": "29575055648031850000HMPOLPUOFFPOS0002",
        "KGISPOL_STAID": "888",
        "POL_STAName": "DK Women PS",
        "KGISPSCode": "PS - 888",
        "district": "DakshinaKannada"
      },
      "geometry": {
        "type": "Point",
        "coordinates": [
          75.1980541157694,
          12.7645569812923
        ]
      }
    },
    {
      "type": "Feature",
      "properties": {
        "OBJECTID": "846",
        "DepartmentCode": "164420263",
        "KGISVillageID": "20301",
        "KGISCode": "29583056026252470000HMPOLPUOFFPOS0002",
        "KGISPOL_STAID": "889",
        "POL_STAName": "Doddaballapura Rural PS",
        "KGISPSCode": "PS - 889",
        "district": "BangaloreRural"
      },
      "geometry": {
        "type": "Point",
        "coordinates": [
          77.5379453294057,
          13.3084134580554
        ]
      }
    },
    {
      "type": "Feature",
      "properties": {
        "OBJECTID": "847",
        "DepartmentCode": "169852257",
        "KGISVillageID": "3351",
        "KGISCode": "29579055828032070000HMPOLPUOFFPOS0010",
        "KGISPOL_STAID": "891",
        "POL_STAName": "Kalaburagi City Women PS",
        "KGISPSCode": "PS - 891",
        "district": "Gulbarga"
      },
      "geometry": {
        "type": "Point",
        "coordinates": [
          76.8362764857443,
          17.3264374109789
        ]
      }
    },
    {
      "type": "Feature",
      "properties": {
        "OBJECTID": "848",
        "DepartmentCode": "169852256",
        "KGISVillageID": "3351",
        "KGISCode": "29579055828032070000HMPOLPUOFFPOS0011",
        "KGISPOL_STAID": "892",
        "POL_STAName": "Kalaburagi City CENCrime PS",
        "KGISPSCode": "PS - 892",
        "district": "Gulbarga"
      },
      "geometry": {
        "type": "Point",
        "coordinates": [
          76.8369449553139,
          17.3273591040282
        ]
      }
    },
    {
      "type": "Feature",
      "properties": {
        "OBJECTID": "849",
        "DepartmentCode": "164421814",
        "POL_STAName": "Chennarayapatana PS",
        "district": "BangaloreRural"
      },
      "geometry": {
        "type": "Point",
        "coordinates": [
          77.7997076304884,
          13.2897686543849
        ]
      }
    },
    {
      "type": "Feature",
      "properties": {
        "OBJECTID": "850",
        "DepartmentCode": "164431359",
        "POL_STAName": "Mahalakshmipuram PS",
        "district": "Bangalore"
      },
      "geometry": {
        "type": "Point",
        "coordinates": [
          77.5473078440129,
          13.0027389161188
        ]
      }
    },
    {
      "type": "Feature",
      "properties": {
        "OBJECTID": "851",
        "DepartmentCode": "164431369",
        "POL_STAName": "Shankarpura PS",
        "district": "Bangalore"
      },
      "geometry": {
        "type": "Point",
        "coordinates": [
          77.5699948247066,
          12.9536079559543
        ]
      }
    },
    {
      "type": "Feature",
      "properties": {
        "OBJECTID": "852",
        "DepartmentCode": "164432197",
        "POL_STAName": "Suddaguntepalya PS",
        "district": "Bangalore"
      },
      "geometry": {
        "type": "Point",
        "coordinates": [
          77.6077477934414,
          12.9257789780078
        ]
      }
    },
    {
      "type": "Feature",
      "properties": {
        "OBJECTID": "853",
        "DepartmentCode": "164442243",
        "POL_STAName": "Belagavi Women PS",
        "district": "Belgaum"
      },
      "geometry": {
        "type": "Point",
        "coordinates": [
          74.5057104184437,
          15.8577905302319
        ]
      }
    },
    {
      "type": "Feature",
      "properties": {
        "OBJECTID": "854",
        "DepartmentCode": "169861883",
        "POL_STAName": "Hampi Tourism PS",
        "district": "Bellary"
      },
      "geometry": {
        "type": "Point",
        "coordinates": [
          76.4613787637174,
          15.3349669694131
        ]
      }
    },
    {
      "type": "Feature",
      "properties": {
        "OBJECTID": "855",
        "DepartmentCode": "164472216",
        "POL_STAName": "Indi Rural PS",
        "district": "Bijapur"
      },
      "geometry": {
        "type": "Point",
        "coordinates": [
          75.9542191929938,
          17.1768954104201
        ]
      }
    },
    {
      "type": "Feature",
      "properties": {
        "OBJECTID": "856",
        "DepartmentCode": "164472250",
        "POL_STAName": "Kudagi PS",
        "district": "Bijapur"
      },
      "geometry": {
        "type": "Point",
        "coordinates": [
          75.8340963843144,
          16.4888547157901
        ]
      }
    },
    {
      "type": "Feature",
      "properties": {
        "OBJECTID": "857",
        "DepartmentCode": "164472239",
        "POL_STAName": "Vijayapura Women PS",
        "district": "Bijapur"
      },
      "geometry": {
        "type": "Point",
        "coordinates": [
          75.7150293950894,
          16.8287857067055
        ]
      }
    },
    {
      "type": "Feature",
      "properties": {
        "OBJECTID": "858",
        "DepartmentCode": "164541570",
        "POL_STAName": "Jewargi PS",
        "district": "Gulbarga"
      },
      "geometry": {
        "type": "Point",
        "coordinates": [
          76.7757984979955,
          17.0159155376829
        ]
      }
    },
    {
      "type": "Feature",
      "properties": {
        "OBJECTID": "859",
        "DepartmentCode": "164540718",
        "POL_STAName": "Kalagi PS",
        "district": "Gulbarga"
      },
      "geometry": {
        "type": "Point",
        "coordinates": [
          77.0924482299356,
          17.2165353575444
        ]
      }
    },
    {
      "type": "Feature",
      "properties": {
        "OBJECTID": "860",
        "DepartmentCode": "164641085",
        "POL_STAName": "New Extention PS",
        "district": "Tumkur"
      },
      "geometry": {
        "type": "Point",
        "coordinates": [
          77.1091452154164,
          13.3386696505166
        ]
      }
    },
    {
      "type": "Feature",
      "properties": {
        "OBJECTID": "861",
        "DepartmentCode": "164702217",
        "POL_STAName": "Bagalkot Women PS",
        "district": "Bagalkot"
      },
      "geometry": {
        "type": "Point",
        "coordinates": [
          75.6557204456551,
          16.1172398101555
        ]
      }
    },
    {
      "type": "Feature",
      "properties": {
        "OBJECTID": "862",
        "DepartmentCode": "164701259",
        "POL_STAName": "Banahatti PS",
        "district": "Bagalkot"
      },
      "geometry": {
        "type": "Point",
        "coordinates": [
          75.1233098953845,
          16.4771160054384
        ]
      }
    },
    {
      "type": "Feature",
      "properties": {
        "OBJECTID": "863",
        "DepartmentCode": "164702189",
        "POL_STAName": "Ilakal Rural PS",
        "district": "Bagalkot"
      },
      "geometry": {
        "type": "Point",
        "coordinates": [
          76.1117070594767,
          15.9656754371462
        ]
      }
    },
    {
      "type": "Feature",
      "properties": {
        "OBJECTID": "864",
        "DepartmentCode": "169712238",
        "POL_STAName": "E and N Crime PS HD city",
        "district": "Dharwad"
      },
      "geometry": {
        "type": "Point",
        "coordinates": [
          75.1392598818917,
          15.3506249609285
        ]
      }
    },
    {
      "type": "Feature",
      "properties": {
        "OBJECTID": "865",
        "DepartmentCode": "169720223",
        "POL_STAName": "Champion Reefs  PS",
        "district": "Kolar"
      },
      "geometry": {
        "type": "Point",
        "coordinates": [
          78.2710272297441,
          12.9584988881744
        ]
      }
    },
    {
      "type": "Feature",
      "properties": {
        "OBJECTID": "866",
        "DepartmentCode": "169772153",
        "POL_STAName": "Ramanagar CEN Crime PS",
        "district": "Ramanagara"
      },
      "geometry": {
        "type": "Point",
        "coordinates": [
          77.2854280659009,
          12.7296991615656
        ]
      }
    },
    {
      "type": "Feature",
      "properties": {
        "OBJECTID": "867",
        "DepartmentCode": "169802164",
        "POL_STAName": "E and N Crime PS Mangaluru City",
        "district": "DakshinaKannada"
      },
      "geometry": {
        "type": "Point",
        "coordinates": [
          74.8399301349626,
          12.854969078674
        ]
      }
    },
    {
      "type": "Feature",
      "properties": {
        "OBJECTID": "868",
        "DepartmentCode": "169822240",
        "POL_STAName": "Belagavi City CEN Crime PS",
        "district": "Belgaum"
      },
      "geometry": {
        "type": "Point",
        "coordinates": [
          74.5296183982557,
          15.8735545169828
        ]
      }
    },
    {
      "type": "Feature",
      "properties": {
        "OBJECTID": "869",
        "DepartmentCode": "169842021",
        "POL_STAName": "ISD PS",
        "district": "Bangalore"
      },
      "geometry": {
        "type": "Point",
        "coordinates": [
          77.6167567858431,
          12.9693319402999
        ]
      }
    },
    {
      "type": "Feature",
      "properties": {
        "OBJECTID": "870",
        "DepartmentCode": "164382136",
        "POL_STAName": "Davanagere CEN Crime PS",
        "district": "Davanagere"
      },
      "geometry": {
        "type": "Point",
        "coordinates": [
          75.9153792255745,
          14.4594077166055
        ]
      }
    },
    {
      "type": "Feature",
      "properties": {
        "OBJECTID": "871",
        "DepartmentCode": "164392230",
        "POL_STAName": "Haveri CEN Crime PS",
        "district": "Haveri"
      },
      "geometry": {
        "type": "Point",
        "coordinates": [
          75.3881606715202,
          14.7839074419488
        ]
      }
    },
    {
      "type": "Feature",
      "properties": {
        "OBJECTID": "872",
        "DepartmentCode": "164402229",
        "POL_STAName": "Gadag CEN Crime PS",
        "district": "Gadag"
      },
      "geometry": {
        "type": "Point",
        "coordinates": [
          75.632629365079,
          15.4292156934593
        ]
      }
    },
    {
      "type": "Feature",
      "properties": {
        "OBJECTID": "873",
        "DepartmentCode": "164422222",
        "POL_STAName": "Bengaluru CEN Crime PS",
        "district": "Bangalore"
      },
      "geometry": {
        "type": "Point",
        "coordinates": [
          77.5916650107377,
          12.9898319905977
        ]
      }
    },
    {
      "type": "Feature",
      "properties": {
        "OBJECTID": "874",
        "DepartmentCode": "164432146",
        "POL_STAName": "Central CEN Crime PS",
        "district": "Bangalore"
      },
      "geometry": {
        "type": "Point",
        "coordinates": [
          77.5871719906891,
          12.9667990246362
        ]
      }
    },
    {
      "type": "Feature",
      "properties": {
        "OBJECTID": "875",
        "DepartmentCode": "164432147",
        "POL_STAName": "East CEN Crime PS",
        "district": "Bangalore"
      },
      "geometry": {
        "type": "Point",
        "coordinates": [
          77.603634427068,
          12.9878455956193
        ]
      }
    },
    {
      "type": "Feature",
      "properties": {
        "OBJECTID": "876",
        "DepartmentCode": "164432149",
        "POL_STAName": "North CEN Crime PS",
        "district": "Bangalore"
      },
      "geometry": {
        "type": "Point",
        "coordinates": [
          77.5584169553286,
          13.0180495928218
        ]
      }
    },
    {
      "type": "Feature",
      "properties": {
        "OBJECTID": "877",
        "DepartmentCode": "164432260",
        "POL_STAName": "NorthEast CEN Crime PS",
        "district": "Bangalore"
      },
      "geometry": {
        "type": "Point",
        "coordinates": [
          77.5985408010627,
          13.0568918670573
        ]
      }
    },
    {
      "type": "Feature",
      "properties": {
        "OBJECTID": "878",
        "DepartmentCode": "164432258",
        "POL_STAName": "South CEN Crime PS",
        "district": "Bangalore"
      },
      "geometry": {
        "type": "Point",
        "coordinates": [
          77.5792168169108,
          12.9364239699816
        ]
      }
    },
    {
      "type": "Feature",
      "properties": {
        "OBJECTID": "879",
        "DepartmentCode": "164432259",
        "POL_STAName": "SouthEast CEN Crime PS",
        "district": "Bangalore"
      },
      "geometry": {
        "type": "Point",
        "coordinates": [
          77.6214107811294,
          12.9411769638892
        ]
      }
    },
    {
      "type": "Feature",
      "properties": {
        "OBJECTID": "880",
        "DepartmentCode": "164432148",
        "POL_STAName": "West CEN Crime PS",
        "district": "Bangalore"
      },
      "geometry": {
        "type": "Point",
        "coordinates": [
          77.5425355880706,
          12.9854783207063
        ]
      }
    },
    {
      "type": "Feature",
      "properties": {
        "OBJECTID": "881",
        "DepartmentCode": "164432261",
        "POL_STAName": "Whitefield CEN Crime PS",
        "district": "Bangalore"
      },
      "geometry": {
        "type": "Point",
        "coordinates": [
          77.7511256717663,
          12.9754099257775
        ]
      }
    },
    {
      "type": "Feature",
      "properties": {
        "OBJECTID": "882",
        "DepartmentCode": "164442223",
        "POL_STAName": "Belagavi CEN Crime PS",
        "district": "Belgaum"
      },
      "geometry": {
        "type": "Point",
        "coordinates": [
          74.5296183982557,
          15.8735545169828
        ]
      }
    },
    {
      "type": "Feature",
      "properties": {
        "OBJECTID": "883",
        "DepartmentCode": "164452221",
        "POL_STAName": "Ballari CEN Crime PS",
        "district": "Bellary"
      },
      "geometry": {
        "type": "Point",
        "coordinates": [
          76.9292423775722,
          15.1505743862449
        ]
      }
    },
    {
      "type": "Feature",
      "properties": {
        "OBJECTID": "884",
        "DepartmentCode": "164462224",
        "POL_STAName": "Bidar CEN Crime PS",
        "district": "Bidar"
      },
      "geometry": {
        "type": "Point",
        "coordinates": [
          77.5333457264266,
          17.9090410248171
        ]
      }
    },
    {
      "type": "Feature",
      "properties": {
        "OBJECTID": "885",
        "DepartmentCode": "164472225",
        "POL_STAName": "Vijayapur CEN Crime PS",
        "district": "Bijapur"
      },
      "geometry": {
        "type": "Point",
        "coordinates": [
          75.7073684015082,
          16.8335777022513
        ]
      }
    },
    {
      "type": "Feature",
      "properties": {
        "OBJECTID": "886",
        "DepartmentCode": "164512232",
        "POL_STAName": "Kodagu CEN Crime PS",
        "district": "Kodagu"
      },
      "geometry": {
        "type": "Point",
        "coordinates": [
          75.7256203860507,
          12.4296954395428
        ]
      }
    },
    {
      "type": "Feature",
      "properties": {
        "OBJECTID": "887",
        "DepartmentCode": "164522228",
        "POL_STAName": "Dharwad CEN Crime PS",
        "district": "Dharwad"
      },
      "geometry": {
        "type": "Point",
        "coordinates": [
          74.9864200113471,
          15.4682768609115
        ]
      }
    },
    {
      "type": "Feature",
      "properties": {
        "OBJECTID": "888",
        "DepartmentCode": "164542231",
        "POL_STAName": "Kalaburagi CEN Crime PS",
        "district": "Gulbarga"
      },
      "geometry": {
        "type": "Point",
        "coordinates": [
          76.8379184451935,
          17.3278652715699
        ]
      }
    },
    {
      "type": "Feature",
      "properties": {
        "OBJECTID": "889",
        "DepartmentCode": "164552219",
        "POL_STAName": "Hassan CEN Crime PS",
        "district": "Hassan"
      },
      "geometry": {
        "type": "Point",
        "coordinates": [
          76.2569919371536,
          13.3126636879993
        ]
      }
    },
    {
      "type": "Feature",
      "properties": {
        "OBJECTID": "890",
        "DepartmentCode": "164572131",
        "POL_STAName": "Kolar CEN Crime PS",
        "district": "Kolar"
      },
      "geometry": {
        "type": "Point",
        "coordinates": [
          78.1369173440493,
          13.1416587476339
        ]
      }
    },
    {
      "type": "Feature",
      "properties": {
        "OBJECTID": "891",
        "DepartmentCode": "164582233",
        "POL_STAName": "Mandya CEN Crime PS",
        "district": "Mandya"
      },
      "geometry": {
        "type": "Point",
        "coordinates": [
          76.8907204007774,
          12.5266833463339
        ]
      }
    },
    {
      "type": "Feature",
      "properties": {
        "OBJECTID": "892",
        "DepartmentCode": "164592234",
        "POL_STAName": "Mysuru CEN Crime PS",
        "district": "Mysore"
      },
      "geometry": {
        "type": "Point",
        "coordinates": [
          76.6674675899338,
          12.3146485308351
        ]
      }
    },
    {
      "type": "Feature",
      "properties": {
        "OBJECTID": "893",
        "DepartmentCode": "164612235",
        "POL_STAName": "Raichur CEN Crime PS",
        "district": "Raichur"
      },
      "geometry": {
        "type": "Point",
        "coordinates": [
          77.3552540075505,
          16.2212924894834
        ]
      }
    },
    {
      "type": "Feature",
      "properties": {
        "OBJECTID": "894",
        "DepartmentCode": "164622175",
        "POL_STAName": "Shivamogga CEN Crime PS",
        "district": "Shimoga"
      },
      "geometry": {
        "type": "Point",
        "coordinates": [
          75.5645275226788,
          13.9323871647588
        ]
      }
    },
    {
      "type": "Feature",
      "properties": {
        "OBJECTID": "895",
        "DepartmentCode": "164632227",
        "POL_STAName": "DK CEN Crime PS",
        "district": "DakshinaKannada"
      },
      "geometry": {
        "type": "Point",
        "coordinates": [
          74.8386011362567,
          12.8604330742856
        ]
      }
    },
    {
      "type": "Feature",
      "properties": {
        "OBJECTID": "896",
        "DepartmentCode": "164642140",
        "POL_STAName": "Tumkur CEN Crime PS",
        "district": "Tumkur"
      },
      "geometry": {
        "type": "Point",
        "coordinates": [
          77.1031930205604,
          13.345218144915
        ]
      }
    },
    {
      "type": "Feature",
      "properties": {
        "OBJECTID": "897",
        "DepartmentCode": "164672178",
        "POL_STAName": "Chamarajanagar CEN Crime PS",
        "district": "Chamrajnagar"
      },
      "geometry": {
        "type": "Point",
        "coordinates": [
          76.962921339632,
          11.936190847096
        ]
      }
    },
    {
      "type": "Feature",
      "properties": {
        "OBJECTID": "898",
        "DepartmentCode": "164682145",
        "POL_STAName": "Koppal CEN Crime PS",
        "district": "Koppal"
      },
      "geometry": {
        "type": "Point",
        "coordinates": [
          76.1509290260441,
          15.3524469576686
        ]
      }
    },
    {
      "type": "Feature",
      "properties": {
        "OBJECTID": "899",
        "DepartmentCode": "164692156",
        "POL_STAName": "Udupi CEN Crime PS",
        "district": "Udupi"
      },
      "geometry": {
        "type": "Point",
        "coordinates": [
          74.7483302132314,
          13.3326286740182
        ]
      }
    },
    {
      "type": "Feature",
      "properties": {
        "OBJECTID": "900",
        "DepartmentCode": "164702220",
        "POL_STAName": "Bagalkot CEN Crime PS",
        "district": "Bagalkot"
      },
      "geometry": {
        "type": "Point",
        "coordinates": [
          75.6649694372304,
          16.1585712753245
        ]
      }
    },
    {
      "type": "Feature",
      "properties": {
        "OBJECTID": "901",
        "DepartmentCode": "169722137",
        "POL_STAName": "KGF CEN Crime PS",
        "district": "Kolar"
      },
      "geometry": {
        "type": "Point",
        "coordinates": [
          78.2721182286388,
          12.9560988908901
        ]
      }
    },
    {
      "type": "Feature",
      "properties": {
        "OBJECTID": "902",
        "DepartmentCode": "169732215",
        "POL_STAName": "E and N Crime PS Mysuru City",
        "district": "Mysore"
      },
      "geometry": {
        "type": "Point",
        "coordinates": [
          76.6578655976532,
          12.3200155271879
        ]
      }
    },
    {
      "type": "Feature",
      "properties": {
        "OBJECTID": "903",
        "DepartmentCode": "169762299",
        "POL_STAName": "Peresandra PS",
        "district": "Chikballapura"
      },
      "geometry": {
        "type": "Point",
        "coordinates": [
          77.7842732268517,
          13.5890866022714
        ]
      }
    },
    {
      "type": "Feature",
      "properties": {
        "OBJECTID": "904",
        "DepartmentCode": "164492226",
        "POL_STAName": "Chitradurga CEN Crime PS",
        "district": "Chitradurga"
      },
      "geometry": {
        "type": "Point",
        "coordinates": [
          76.4056733624879,
          14.2346479633815
        ]
      }
    },
    {
      "type": "Feature",
      "properties": {
        "OBJECTID": "905",
        "DepartmentCode": "164482211",
        "POL_STAName": "Chickmagalur CEN Crime PS",
        "district": "Chikmagalur"
      },
      "geometry": {
        "type": "Point",
        "coordinates": [
          75.7710397409279,
          13.3201287915827
        ]
      }
    },
    {
      "type": "Feature",
      "properties": {
        "OBJECTID": "906",
        "DepartmentCode": "169801051",
        "POL_STAName": "Bajpe PS",
        "district": "DakshinaKannada"
      },
      "geometry": {
        "type": "Point",
        "coordinates": [
          74.8924245227155,
          12.9811816289356
        ]
      }
    },
    {
      "type": "Feature",
      "properties": {
        "OBJECTID": "907",
        "DepartmentCode": "169801045",
        "POL_STAName": "Barke PS",
        "district": "DakshinaKannada"
      },
      "geometry": {
        "type": "Point",
        "coordinates": [
          74.8319797451042,
          12.8868150880246
        ]
      }
    },
    {
      "type": "Feature",
      "properties": {
        "OBJECTID": "908",
        "DepartmentCode": "169722295",
        "POL_STAName": "Budikote PS",
        "district": "Kolar"
      },
      "geometry": {
        "type": "Point",
        "coordinates": [
          78.1296873030093,
          12.9065014488086
        ]
      }
    },
    {
      "type": "Feature",
      "properties": {
        "OBJECTID": "909",
        "DepartmentCode": "169722296",
        "POL_STAName": "Kyasamballi PS",
        "district": "Kolar"
      },
      "geometry": {
        "type": "Point",
        "coordinates": [
          78.3593565880979,
          12.9525186432882
        ]
      }
    },
    {
      "type": "Feature",
      "properties": {
        "OBJECTID": "910",
        "DepartmentCode": "169732214",
        "POL_STAName": "CEN Crime PS Mysuru City",
        "district": "Mysore"
      },
      "geometry": {
        "type": "Point",
        "coordinates": [
          76.6630697811009,
          12.3118222974901
        ]
      }
    },
    {
      "type": "Feature",
      "properties": {
        "OBJECTID": "911",
        "DepartmentCode": "164452306",
        "POL_STAName": "Choranuru PS",
        "district": "Bellary"
      },
      "geometry": {
        "type": "Point",
        "coordinates": [
          76.5292060094503,
          14.9259629905524
        ]
      }
    },
    {
      "type": "Feature",
      "properties": {
        "OBJECTID": "912",
        "DepartmentCode": "164432268",
        "POL_STAName": "Govindapura PS",
        "district": "Bangalore"
      },
      "geometry": {
        "type": "Point",
        "coordinates": [
          77.619463595785,
          13.0344587360155
        ]
      }
    },
    {
      "type": "Feature",
      "properties": {
        "OBJECTID": "913",
        "DepartmentCode": "164432303",
        "POL_STAName": "Govindaraja Nagar PS",
        "district": "Bangalore"
      },
      "geometry": {
        "type": "Point",
        "coordinates": [
          77.5292191043584,
          12.972337140279
        ]
      }
    },
    {
      "type": "Feature",
      "properties": {
        "OBJECTID": "914",
        "DepartmentCode": "164432200",
        "POL_STAName": "Cyber Crime Police Station",
        "district": "Bangalore"
      },
      "geometry": {
        "type": "Point",
        "coordinates": [
          77.5862511278321,
          12.9821582373495
        ]
      }
    },
    {
      "type": "Feature",
      "properties": {
        "OBJECTID": "915",
        "DepartmentCode": "169802297",
        "POL_STAName": "CEN Crime PS Mangaluru City",
        "district": "DakshinaKannada"
      },
      "geometry": {
        "type": "Point",
        "coordinates": [
          74.8358900129765,
          12.9010999770487
        ]
      }
    },
    {
      "type": "Feature",
      "properties": {
        "OBJECTID": "916",
        "DepartmentCode": "164422247",
        "POL_STAName": "Bengaluru Dist Women PS",
        "district": "BangaloreRural"
      },
      "geometry": {
        "type": "Point",
        "coordinates": [
          77.5378638070062,
          13.3077638921711
        ]
      }
    },
    {
      "type": "Feature",
      "properties": {
        "OBJECTID": "917",
        "DepartmentCode": "169802163",
        "POL_STAName": "Cyber Crime PS Mangaluru City",
        "district": "DakshinaKannada"
      },
      "geometry": {
        "type": "Point",
        "coordinates": [
          74.8335050095911,
          12.8641549805642
        ]
      }
    },
    {
      "type": "Feature",
      "properties": {
        "OBJECTID": "918",
        "DepartmentCode": "164432123",
        "POL_STAName": "Byadarahalli PS",
        "district": "Bangalore"
      },
      "geometry": {
        "type": "Point",
        "coordinates": [
          77.4913220422091,
          12.9869611703651
        ]
      }
    },
    {
      "type": "Feature",
      "properties": {
        "OBJECTID": "919",
        "DepartmentCode": "169712237",
        "POL_STAName": "CEN Crime PS Hubballi Dharwad City",
        "district": "Dharwad"
      },
      "geometry": {
        "type": "Point",
        "coordinates": [
          75.1392940195207,
          15.3506489938958
        ]
      }
    },
    {
      "type": "Feature",
      "properties": {
        "OBJECTID": "920",
        "DepartmentCode": "164431387",
        "POL_STAName": "East Zone Women PS",
        "district": "Bangalore"
      },
      "geometry": {
        "type": "Point",
        "coordinates": [
          77.6037380166751,
          12.9880379848679
        ]
      }
    },
    {
      "type": "Feature",
      "properties": {
        "OBJECTID": "921",
        "DepartmentCode": "164622338",
        "KGISVillageID": "12754",
        "POL_STAName": "Anandapura PS",
        "district": "Shimoga"
      },
      "geometry": {
        "type": "Point",
        "coordinates": [
          75.2327578423306,
          14.0749302438979
        ]
      }
    }
  ]
}